id,beer_name,style,ounces,abv,brewery_id,brewery_name,city,state
1436.0,Pub Beer,American Pale Lager,missing,0.05,408.0,10 Barrel Brewing Company,Bend,OR
2265.0,Devil's Cup,American Pale Ale (APA),N/A,,177.0,18th Street Brewery,Gary,IN
2264.0,Rise of the Phoenix,American IPA,N/A,NULL,177.0,18th Street Brewery,Gary,IN
2263.0,Sinister,American Double / Imperial IPA,12.0 oz,0.09,177.0,18th Street Brewery,Gary,IN
2262.0,Sex and Candy,,12.0 oz,,177.0,18th Street Brewery,Gary,IN
2261.0,Black Exodus,?,12.0 oz,0.077,NULL,18th Street Brewery,Gary,IN
,Lake Street Express,American Pale Ale (APA),12.0 oz,0.045,177.0,18th Street Brewery,,IN
2259.0,Foreman,missing,12.0 oz,0.065,NULL,?,?,IN
2258.0,Jade,,12.0 oz,0.055,177.0,18th Street Brewery,Gary,N/A
missing,Cone Crusher,American Double / Imperial IPA,,0.086,177.0,18th Street Brewery,Gary,IN
?,Sophomoric Saison,Saison / Farmhouse Ale,12.0 oz,0.072,177.0,18th Street Brewery,Gary,IN
2098.0,Regional Ring Of Fire,Saison / Farmhouse Ale,12.0 oz,0.073,177.0,18th Street Brewery,Gary,IN
2097.0,Garce Selé,Saison / Farmhouse Ale,12.0 oz,0.069,?,18th Street Brewery,Gary,IN
1980.0,Troll Destroyer,Belgian IPA,12.0 oz,0.085,177.0,?,N/A,IN
1979.0,Bitter Bitch,American Pale Ale (APA),12.0 oz,0.061,177.0,18th Street Brewery,Gary,
2318.0,Ginja Ninja,Cider,12.0 oz,0.06,NULL,,Corvallis,?
2170.0,Cherried Away,Cider,12.0 oz,0.06,N/A,2 Towns Ciderhouse,Corvallis,NULL
2169.0,Rhubarbarian,Cider,12.0 oz,0.06,154.0,?,Corvallis,OR
1502.0,BrightCider,Cider,12.0 oz,0.06,154.0,2 Towns Ciderhouse,Corvallis,OR
1593.0,missing,Baltic Porter,12.0 oz,0.082,368.0,21st Amendment Brewery,San Francisco,CA
1592.0,,NULL,12.0 oz,0.082,368.0,,San Francisco,?
1036.0,Lower De Boom,American Barleywine,8.4 oz,,368.0,,San Francisco,N/A
1024.0,Fireside Chat,Winter Warmer,12.0 oz,N/A,368.0,21st Amendment Brewery,,CA
976.0,Marooned On Hog Island,American Stout,12.0 oz,0.079,368.0,21st Amendment Brewery,?,CA
876.0,Bitter American,American Pale Ale (APA),12.0 oz,0.044,368.0,NULL,San Francisco,CA
802.0,Hell or High Watermelon Wheat (2009),Fruit / Vegetable Beer,12.0 oz,0.049,368.0,21st Amendment Brewery,San Francisco,CA
801.0,Hell or High Watermelon Wheat (2009),Fruit / Vegetable Beer,12.0 oz,0.049,NULL,,San Francisco,CA
800.0,21st Amendment Watermelon Wheat Beer (2006),Fruit / Vegetable Beer,12.0 oz,,368.0,21st Amendment Brewery,San Francisco,CA
799.0,?,American IPA,12.0 oz,0.07,368.0,NULL,San Francisco,CA
,Brew Free! or Die IPA (2008),American IPA,missing,0.07,,21st Amendment Brewery,San Francisco,CA
796.0,Brew Free! or Die IPA (2009),American IPA,missing,0.07,368.0,21st Amendment Brewery,San Francisco,CA
531.0,Special Edition: Allies Win The War!,,12.0 oz,0.085,368.0,21st Amendment Brewery,San Francisco,CA
432.0,Hop Crisis,American Double / Imperial IPA,12.0 oz,0.097,368.0,21st Amendment Brewery,San Francisco,CA
,Bitter American (2011),American Pale Ale (APA),12.0 oz,0.044,368.0,21st Amendment Brewery,,CA
321.0,Fireside Chat (2010),Winter Warmer,12.0 oz,0.079,368.0,21st Amendment Brewery,San Francisco,CA
173.0,NULL,American Black Ale,12.0 oz,0.068,368.0,21st Amendment Brewery,,CA
11.0,Monk's Blood,Belgian Dark Ale,12.0 oz,missing,368.0,21st Amendment Brewery,San Francisco,CA
10.0,Brew Free! or Die IPA,American IPA,,0.07,368.0,N/A,,CA
9.0,Hell or High Watermelon Wheat,Fruit / Vegetable Beer,12.0 oz,0.049,368.0,21st Amendment Brewery,N/A,CA
2519.0,Bimini Twist,,12.0 oz,0.07,67.0,3 Daughters Brewing,St Petersburg,FL
2518.0,,American Blonde Ale,12.0 oz,0.05,67.0,3 Daughters Brewing,St Petersburg,FL
N/A,Rod Bender Red,American Amber / Red Ale,12.0 oz,0.059,67.0,3 Daughters Brewing,?,FL
2545.0,Passion Fruit Prussia,Berliner Weissbier,12.0 oz,0.035,60.0,4 Hands Brewing Company,Saint Louis,MO
NULL,Send Help,American Blonde Ale,12.0 oz,0.045,missing,4 Hands Brewing Company,Saint Louis,MO
2324.0,Cast Iron Oatmeal Brown,American Brown Ale,12.0 oz,0.055,60.0,4 Hands Brewing Company,Saint Louis,MO
2288.0,Reprise Centennial Red,American Amber / Red Ale,12.0 oz,0.06,60.0,4 Hands Brewing Company,Saint Louis,MO
2287.0,Alter Ego,American Black Ale,12.0 oz,0.055,60.0,NULL,Saint Louis,MO
2286.0,Divided Sky,,12.0 oz,0.065,60.0,4 Hands Brewing Company,Saint Louis,MO
2285.0,Resurrected,American IPA,12.0 oz,0.065,60.0,4 Hands Brewing Company,Saint Louis,MO
1870.0,Contact High,?,12.0 oz,N/A,60.0,4 Hands Brewing Company,Saint Louis,MO
2603.0,Galaxyfest,American IPA,16.0 oz,0.065,missing,450 North Brewing Company,Columbus,IN
,Citrafest,American IPA,16.0 oz,,27.0,450 North Brewing Company,Columbus,IN
2220.0,Barn Yeti,,16.0 oz,0.09,27.0,450 North Brewing Company,Columbus,IN
2219.0,Scarecrow,American IPA,16.0 oz,0.069,27.0,450 North Brewing Company,Columbus,IN
2218.0,Ironman,,16.0 oz,0.09,27.0,450 North Brewing Company,Columbus,IN
2217.0,Honey Kolsch,Kölsch,16.0 oz,0.046,27.0,450 North Brewing Company,?,IN
2216.0,Copperhead Amber,Belgian Dark Ale,16.0 oz,0.052,27.0,450 North Brewing Company,Columbus,IN
972.0,Rude Parrot IPA,American IPA,16.0 oz,missing,481.0,7 Seas Brewing Company,Gig Harbor,WA
866.0,British Pale Ale (2010),English Pale Ale,16.0 oz,?,481.0,7 Seas Brewing Company,Gig Harbor,WA
48.0,,English Pale Ale,16.0 oz,0.054,481.0,7 Seas Brewing Company,Gig Harbor,WA
NULL,Ballz Deep Double IPA,American Double / Imperial IPA,?,0.084,481.0,?,Gig Harbor,WA
?,Wolfman's Berliner,Berliner Weissbier,12.0 oz,,373.0,7venth Sun,Dunedin,FL
1165.0,Colorado Native,American Amber / Red Lager,N/A,0.055,462.0,AC Golden Brewing Company,Golden,CO
431.0,Colorado Native (2011),American Amber / Red Lager,12.0 oz,0.055,462.0,AC Golden Brewing Company,Golden,CO
516.0,Jockamo IPA,American IPA,12.0 oz,0.065,533.0,Abita Brewing Company,Abita Springs,LA
515.0,Purple Haze,Fruit / Vegetable Beer,12.0 oz,0.042,533.0,Abita Brewing Company,Abita Springs,LA
N/A,Abita Amber,?,12.0 oz,0.045,533.0,Abita Brewing Company,Abita Springs,LA
2540.0,Citra Ass Down,American IPA,16.0 oz,0.082,62.0,Against The Grain Brewery,N/A,KY
missing,The Brown Note,American Brown Ale,16.0 oz,NULL,62.0,Against The Grain Brewery,Louisville,missing
2686.0,Citra Ass Down,American Double / Imperial IPA,,0.08,N/A,Against the Grain Brewery,Louisville,N/A
2685.0,London Balling,English Barleywine,,0.125,1.0,Against the Grain Brewery,Louisville,KY
2684.0,,Milk / Sweet Stout,16.0 oz,,1.0,Against the Grain Brewery,Louisville,KY
2683.0,A Beer,American Pale Ale (APA),16.0 oz,0.042,1.0,Against the Grain Brewery,Louisville,KY
NULL,Rules are Rules,German Pilsener,16.0 oz,N/A,1.0,Against the Grain Brewery,Louisville,?
2681.0,Flesh Gourd'n,Pumpkin Ale,16.0 oz,0.066,1.0,Against the Grain Brewery,Louisville,KY
2680.0,Sho'nuff,Belgian Pale Ale,16.0 oz,0.04,1.0,Against the Grain Brewery,Louisville,KY
2679.0,Bloody Show,American Pilsner,16.0 oz,0.055,1.0,Against the Grain Brewery,Louisville,KY
2678.0,Rico Sauvin,American Double / Imperial IPA,16.0 oz,0.076,1.0,Against the Grain Brewery,Louisville,KY
2677.0,Coq de la Marche,Saison / Farmhouse Ale,16.0 oz,0.051,1.0,Against the Grain Brewery,Louisville,KY
2676.0,Kamen Knuddeln,American Wild Ale,16.0 oz,,,Against the Grain Brewery,Louisville,KY
2675.0,Pile of Face,American IPA,16.0 oz,0.06,1.0,Against the Grain Brewery,Louisville,KY
2674.0,The Brown Note,English Brown Ale,,0.05,1.0,?,Louisville,KY
1594.0,Maylani's Coconut Stout,American Stout,16.0 oz,0.053,367.0,Airways Brewing Company,Kent,WA
,Oatmeal PSA,American Pale Ale (APA),16.0 oz,0.05,367.0,Airways Brewing Company,Kent,WA
1137.0,Pre Flight Pilsner,American Pilsner,16.0 oz,0.052,367.0,Airways Brewing Company,Kent,WA
2403.0,P-Town Pilsner,American Pilsner,12.0 oz,0.04,N/A,Alameda Brewing,Portland,OR
2402.0,Klickitat Pale Ale,American Pale Ale (APA),12.0 oz,0.053,117.0,Alameda Brewing,Portland,
2401.0,Yellow Wolf Imperial IPA,American Double / Imperial IPA,12.0 oz,0.082,117.0,Alameda Brewing,Portland,OR
1921.0,N/A,American Pale Ale (APA),12.0 oz,0.053,270.0,Alaskan Brewing Company,Juneau,
1920.0,,Altbier,12.0 oz,0.053,270.0,Alaskan Brewing Company,Juneau,AK
2501.0,Hopalicious,American Pale Ale (APA),12.0 oz,0.057,,Ale Asylum,Madison,WI
1535.0,Kentucky Kölsch,Kölsch,16.0 oz,0.043,388.0,Alltech's Lexington Brewing Company,Lexington,KY
1149.0,Kentucky IPA,American IPA,16.0 oz,0.065,388.0,Alltech's Lexington Brewing Company,Lexington,KY
1474.0,Dusty Trail Pale Ale,American Pale Ale (APA),16.0 oz,missing,401.0,Amnesia Brewing Company,Washougal,WA
1473.0,Damnesia,N/A,16.0 oz,0.062,401.0,Amnesia Brewing Company,Washougal,WA
,Desolation IPA,American IPA,?,0.062,401.0,Amnesia Brewing Company,Washougal,WA
2592.0,Liberty Ale,American IPA,12.0 oz,missing,35.0,Anchor Brewing Company,San Francisco,CA
,IPA,American IPA,NULL,0.065,NULL,Anchor Brewing Company,San Francisco,CA
2577.0,Summer Wheat,American Pale Wheat Ale,12.0 oz,0.045,N/A,Anchor Brewing Company,N/A,CA
2103.0,missing,American Amber / Red Lager,12.0 oz,0.049,35.0,Anchor Brewing Company,missing,CA
2102.0,Brotherhood Steam,California Common / Steam Beer,12.0 oz,0.056,35.0,Anchor Brewing Company,?,CA
2291.0,missing,Gose,12.0 oz,0.042,171.0,Anderson Valley Brewing Company,Boonville,CA
1818.0,Keebarlin' Pale Ale,American Pale Ale (APA),12.0 oz,0.042,missing,,Boonville,CA
1738.0,"the Kimmie, the Yink and the Holy Gose",,12.0 oz,0.048,171.0,Anderson Valley Brewing Company,Boonville,CA
1563.0,Fall Hornin',Pumpkin Ale,missing,0.06,171.0,Anderson Valley Brewing Company,,CA
1520.0,Barney Flats Oatmeal Stout,Oatmeal Stout,12.0 oz,0.057,171.0,?,Boonville,CA
1350.0,Summer Solstice,Cream Ale,12.0 oz,0.056,171.0,NULL,Boonville,CA
1327.0,Hop Ottin' IPA,American IPA,12.0 oz,0.07,171.0,Anderson Valley Brewing Company,Boonville,CA
1326.0,Boont Amber Ale,American Amber / Red Ale,12.0 oz,0.058,171.0,Anderson Valley Brewing Company,Boonville,CA
1221.0,,Oatmeal Stout,12.0 oz,0.057,missing,Anderson Valley Brewing Company,Boonville,CA
1217.0,El Steinber Dark Lager,Vienna Lager,16.0 oz,0.055,171.0,N/A,?,CA
811.0,Boont Amber Ale (2010),,12.0 oz,0.058,171.0,Anderson Valley Brewing Company,Boonville,NULL
753.0,,Cream Ale,12.0 oz,,171.0,Anderson Valley Brewing Company,Boonville,CA
,Barney Flats Oatmeal Stout (2012),Oatmeal Stout,12.0 oz,0.057,NULL,Anderson Valley Brewing Company,Boonville,CA
523.0,NULL,Winter Warmer,12.0 oz,0.069,?,Anderson Valley Brewing Company,Boonville,CA
367.0,Hop Ottin' IPA (2011),American IPA,12.0 oz,0.07,171.0,Anderson Valley Brewing Company,Boonville,CA
78.0,Boont Amber Ale (2011),American Amber / Red Ale,missing,0.058,171.0,Anderson Valley Brewing Company,Boonville,CA
N/A,Summer Solstice (2011),Cream Ale,12.0 oz,0.056,171.0,Anderson Valley Brewing Company,Boonville,CA
76.0,Poleeko Gold Pale Ale (2009),American Pale Ale (APA),12.0 oz,0.055,171.0,Anderson Valley Brewing Company,Boonville,CA
2337.0,Charlie's Rye IPA,American IPA,16.0 oz,0.06,146.0,Angry Minnow,Hayward,WI
410.0,River Pig Pale Ale,American Pale Ale (APA),16.0 oz,0.054,542.0,Angry Minnow Brewing Company,Hayward,WI
409.0,Oaky's Oatmeal Stout,Oatmeal Stout,16.0 oz,0.047,,Angry Minnow Brewing Company,Hayward,WI
1294.0,Angry Orchard Apple Ginger,Cider,16.0 oz,0.05,,Angry Orchard Cider Company,Cincinnati,OH
1293.0,Angry Orchard Crisp Apple,Cider,16.0 oz,0.05,434.0,missing,Cincinnati,OH
?,Angry Orchard Crisp Apple,Cider,12.0 oz,0.05,434.0,Angry Orchard Cider Company,N/A,OH
?,Golden One,Belgian Pale Ale,12.0 oz,0.068,193.0,Anthem Brewing Company,Oklahoma City,OK
2040.0,Arjuna,,12.0 oz,0.06,,Anthem Brewing Company,,OK
?,N/A,American Stout,12.0 oz,0.085,193.0,Anthem Brewing Company,Oklahoma City,OK
2511.0,Long Leaf,American IPA,16.0 oz,0.071,69.0,Appalachian Mountain Brewery,Boone,NC
2510.0,Honey Badger Blonde,American Blonde Ale,16.0 oz,0.047,missing,?,Boone,
2509.0,Porter (a/k/a Black Gold Porter),American Porter,,0.06,69.0,Appalachian Mountain Brewery,Boone,NC
413.0,Sky High Rye,American Pale Ale (APA),12.0 oz,0.06,541.0,Arcadia Brewing Company,Battle Creek,MI
N/A,Whitsun,American Pale Wheat Ale,12.0 oz,0.062,541.0,Arcadia Brewing Company,Battle Creek,MI
735.0,On-On Ale (2008),,12.0 oz,0.052,513.0,Arctic Craft Brewery,Colorado Springs,CO
1333.0,Quakertown Stout,American Double / Imperial Stout,N/A,0.092,426.0,?,Denton,TX
1332.0,Greenbelt Farmhouse Ale,Saison / Farmhouse Ale,12.0 oz,0.051,426.0,Armadillo Ale Works,,TX
1172.0,Mo's Gose,Gose,16.0 oz,0.052,461.0,Armstrong Brewing Company,South San Francisco,CA
1322.0,Green Bullet Organic India Pale Ale,American IPA,16.0 oz,0.07,429.0,Asher Brewing Company,Boulder,CO
550.0,Rocket Girl,Kölsch,12.0 oz,missing,528.0,Asheville Brewing Company,N/A,NC
429.0,Ninja Porter,American Porter,12.0 oz,0.053,528.0,,NULL,NC
428.0,Shiva IPA,American IPA,12.0 oz,0.06,528.0,Asheville Brewing Company,missing,NC
1640.0,?,Kölsch,16.0 oz,0.048,353.0,Aslan Brewing Company,Bellingham,WA
1639.0,,American IPA,16.0 oz,0.077,353.0,Aslan Brewing Company,Bellingham,
1638.0,NULL,American Amber / Red Ale,16.0 oz,N/A,353.0,Aslan Brewing Company,missing,WA
597.0,This Season's Blonde,missing,12.0 oz,0.056,523.0,Aspen Brewing Company,NULL,CO
?,,American IPA,12.0 oz,0.07,523.0,Aspen Brewing Company,Aspen,CO
1580.0,Trolley Stop Stout,American Stout,12.0 oz,0.057,,Astoria Brewing Company,Astoria,OR
,N/A,American Double / Imperial IPA,12.0 oz,0.082,374.0,Astoria Brewing Company,Astoria,OR
979.0,Poop Deck Porter,American Porter,12.0 oz,0.062,NULL,Astoria Brewing Company,Astoria,OR
978.0,missing,American Amber / Red Ale,12.0 oz,0.06,374.0,Astoria Brewing Company,Astoria,OR
missing,Hop A-Peel,American Double / Imperial IPA,16.0 oz,0.075,72.0,Atwater Brewery,Detroit,MI
,Vanilla Java Porter,American Porter,16.0 oz,0.055,72.0,Atwater Brewery,Detroit,MI
2495.0,Michelada,Fruit / Vegetable Beer,16.0 oz,0.052,,Atwater Brewery,Detroit,MI
534.0,Dirty Blonde Ale,American Blonde Ale,12.0 oz,0.045,72.0,Atwater Brewery,Detroit,MI
528.0,Grand Circus IPA,American IPA,12.0 oz,0.05,72.0,Atwater Brewery,Detroit,MI
527.0,Atwater's Lager,Munich Helles Lager,12.0 oz,0.05,72.0,Atwater Brewery,Detroit,MI
1409.0,Heavy Machinery IPA Series #1: Heavy Fist,,16.0 oz,0.07,413.0,Austin Beerworks,Austin,N/A
343.0,Fire Eagle IPA,American IPA,12.0 oz,0.062,413.0,Austin Beerworks,Austin,TX
342.0,Peacemaker,American Pale Ale (APA),12.0 oz,0.051,413.0,Austin Beerworks,,TX
341.0,Pearl-Snap,German Pilsener,12.0 oz,0.053,413.0,Austin Beerworks,Austin,TX
340.0,,NULL,12.0 oz,0.052,413.0,Austin Beerworks,Austin,TX
2589.0,Raja,American Double / Imperial IPA,12.0 oz,0.08,37.0,Avery Brewing Company,Boulder,NULL
,Perzik Saison,,12.0 oz,NULL,?,Avery Brewing Company,NULL,CO
,Avery Joe’s Premium American Pilsner,German Pilsener,12.0 oz,0.047,37.0,Avery Brewing Company,Boulder,missing
108.0,White Rascal,,12.0 oz,missing,37.0,Avery Brewing Company,Boulder,
107.0,N/A,American IPA,12.0 oz,0.063,37.0,NULL,Boulder,CO
106.0,Ellie’s Brown Ale,American Brown Ale,12.0 oz,0.055,37.0,Avery Brewing Company,N/A,CO
1620.0,Pumpkin Beast,Pumpkin Ale,12.0 oz,0.062,360.0,Aviator Brewing Company,Fuquay-Varina,NC
,OktoberBeast,Märzen / Oktoberfest,12.0 oz,0.072,N/A,Aviator Brewing Company,NULL,NC
1228.0,Mad Beach,American Pale Wheat Ale,12.0 oz,0.048,360.0,Aviator Brewing Company,Fuquay-Varina,NC
705.0,missing,American IPA,,0.067,?,Aviator Brewing Company,Fuquay-Varina,NC
704.0,Devils Tramping Ground Tripel,Tripel,?,0.092,360.0,?,Fuquay-Varina,NC
702.0,missing,N/A,12.0 oz,0.061,360.0,Aviator Brewing Company,Fuquay-Varina,?
2058.0,Palate Mallet,American Double / Imperial IPA,12.0 oz,0.086,NULL,Back East Brewing Company,Bloomfield,CT
1483.0,Back East Porter,American Porter,12.0 oz,0.06,235.0,Back East Brewing Company,?,CT
1426.0,?,American Blonde Ale,12.0 oz,0.049,235.0,Back East Brewing Company,Bloomfield,CT
1132.0,Misty Mountain IPA,American IPA,12.0 oz,0.07,235.0,Back East Brewing Company,NULL,CT
1131.0,Back East Ale,American Amber / Red Ale,12.0 oz,0.05,,Back East Brewing Company,Bloomfield,CT
1876.0,Truck Stop Honey Brown Ale,English Brown Ale,12.0 oz,0.06,?,NULL,Gadsden,AL
1875.0,Naked Pig Pale Ale,American Pale Ale (APA),12.0 oz,0.06,286.0,,Gadsden,AL
966.0,Topcutter India Pale Ale,American IPA,12.0 oz,?,483.0,Bale Breaker Brewing Company,Yakima,WA
965.0,Field 41 Pale Ale,American Pale Ale (APA),12.0 oz,0.044,483.0,Bale Breaker Brewing Company,Yakima,WA
2593.0,Grapefruit Sculpin,American IPA,missing,0.07,34.0,Ballast Point Brewing Company,San Diego,CA
2105.0,Even Keel,American IPA,12.0 oz,0.038,34.0,Ballast Point Brewing Company,,CA
missing,Ballast Point Pale Ale,missing,12.0 oz,0.052,34.0,Ballast Point Brewing Company,N/A,CA
1400.0,Big Eye India Pale Ale,American IPA,12.0 oz,0.07,34.0,Ballast Point Brewing Company,San Diego,N/A
1019.0,Longfin Lager,Munich Helles Lager,12.0 oz,0.046,missing,Ballast Point Brewing Company,San Diego,CA
1018.0,Sculpin IPA,American IPA,12.0 oz,0.07,34.0,Ballast Point Brewing Company,San Diego,CA
1776.0,All Nighter Ale,Extra Special / Strong Bitter (ESB),12.0 oz,0.045,318.0,missing,Williamsburg,MA
1644.0,Banner American Rye,Rye Beer,12.0 oz,0.045,318.0,Banner Beer Company,Williamsburg,MA
1643.0,Banner American Ale,American Amber / Red Ale,12.0 oz,0.035,318.0,Banner Beer Company,Williamsburg,MA
2618.0,Thai.p.a,American IPA,16.0 oz,0.07,20.0,Bare Hands Brewery,Granger,IN
2005.0,Barrio Blanco,American IPA,12.0 oz,0.06,251.0,Barrio Brewing Company,Tucson,?
1343.0,Barrio Tucson Blonde,American Blonde Ale,12.0 oz,0.045,251.0,Barrio Brewing Company,Tucson,AZ
,Hop in the ‘Pool Helles,American Pilsner,12.0 oz,0.049,116.0,?,Portland,OR
2323.0,Ultra Gnar Gnar IPA,American IPA,12.0 oz,0.067,116.0,Base Camp Brewing Co.,Portland,OR
2189.0,In-Tents India Pale Lager,American Pale Lager,12.0 oz,0.068,116.0,Base Camp Brewing Co.,Portland,
2188.0,Lost Meridian Wit,missing,12.0 oz,0.05,N/A,Base Camp Brewing Co.,Portland,OR
2187.0,Celestial Meridian Cascadian Dark Lager,Euro Dark Lager,12.0 oz,0.051,116.0,N/A,Portland,OR
1966.0,Wagon Party,California Common / Steam Beer,12.0 oz,0.054,258.0,Bauhaus Brew Labs,Minneapolis,MN
1965.0,Sky-Five,American IPA,12.0 oz,N/A,258.0,Bauhaus Brew Labs,Minneapolis,MN
1964.0,Stargrazer,Schwarzbier,12.0 oz,?,258.0,,,MN
N/A,Wonderstuff,German Pilsener,12.0 oz,0.054,N/A,Bauhaus Brew Labs,Minneapolis,N/A
1855.0,N/A,California Common / Steam Beer,NULL,0.053,292.0,?,Lewiston,ME
1778.0,N/A,N/A,16.0 oz,0.07,292.0,Baxter Brewing Company,Lewiston,ME
N/A,Summer Swelter,American Pale Wheat Ale,12.0 oz,0.047,292.0,Baxter Brewing Company,Lewiston,ME
954.0,Phantom Punch Winter Stout,Foreign / Export Stout,12.0 oz,N/A,292.0,Baxter Brewing Company,Lewiston,ME
910.0,Hayride Autumn Ale,Rye Beer,N/A,0.066,292.0,Baxter Brewing Company,NULL,ME
707.0,Celsius Summer Ale (2012),,12.0 oz,,292.0,?,Lewiston,ME
533.0,Amber Road,American Amber / Red Ale,12.0 oz,0.055,292.0,Baxter Brewing Company,Lewiston,ME
N/A,,missing,12.0 oz,NULL,292.0,Baxter Brewing Company,Lewiston,ME
182.0,Stowaway IPA,American IPA,12.0 oz,0.069,292.0,Baxter Brewing Company,Lewiston,ME
1806.0,?,American Double / Imperial IPA,16.0 oz,missing,missing,missing,Virginia Beach,VA
2435.0,Watermelon Ale,Fruit / Vegetable Beer,12.0 oz,0.05,103.0,Beer Works Brewery,Lowell,MA
2423.0,Fenway American Pale Ale,American Pale Ale (APA),12.0 oz,0.058,103.0,Beer Works Brewery,Lowell,MA
2420.0,Back Bay IPA,American IPA,12.0 oz,0.068,103.0,Beer Works Brewery,Lowell,MA
2419.0,Bunker Hill Blueberry Ale,Other,12.0 oz,0.048,103.0,Beer Works Brewery,,MA
2494.0,Oberon,American Pale Wheat Ale,12.0 oz,0.058,NULL,NULL,?,MI
2325.0,Smitten,Rye Beer,16.0 oz,0.06,76.0,Bell's Brewery,Kalamazoo,MI
2022.0,Winter White,Witbier,16.0 oz,0.05,76.0,Bell's Brewery,,MI
1989.0,NULL,American Pale Wheat Ale,16.0 oz,0.058,76.0,Bell's Brewery,Kalamazoo,MI
1988.0,Two Hearted,American IPA,,,76.0,Bell's Brewery,Kalamazoo,MI
1955.0,Best Brown,American Brown Ale,16.0 oz,0.058,76.0,Bell's Brewery,Kalamazoo,MI
2558.0,Moar,English India Pale Ale (IPA),12.0 oz,0.044,53.0,Bent Brewstillery,Roseville,MN
2557.0,Uber Lupin Schwarz IPA,American Double / Imperial IPA,16.0 oz,0.083,53.0,Bent Brewstillery,Roseville,MN
2556.0,Nordic Blonde,American Blonde Ale,12.0 oz,0.057,53.0,Bent Brewstillery,Roseville,MN
2496.0,Cold Press,American Black Ale,12.0 oz,0.06,75.0,Bent Paddle Brewing Company,Duluth,MN
2410.0,Harness the Winter,American IPA,12.0 oz,0.072,missing,Bent Paddle Brewing Company,Duluth,MN
1902.0,14° ESB,Extra Special / Strong Bitter (ESB),12.0 oz,0.056,75.0,Bent Paddle Brewing Company,Duluth,?
1901.0,Bent Hop Golden IPA,American IPA,12.0 oz,0.062,75.0,Bent Paddle Brewing Company,Duluth,MN
1261.0,Bent Paddle Black Ale,American Black Ale,12.0 oz,0.06,missing,Bent Paddle Brewing Company,NULL,MN
1253.0,Venture Pils,German Pilsener,NULL,0.05,75.0,?,Duluth,MN
,Lost Sailor IPA,English India Pale Ale (IPA),,0.055,NULL,Berkshire Brewing Company,South Deerfield,MA
1317.0,Steel Rail Extra Pale Ale,American Pale Ale (APA),?,0.053,278.0,Berkshire Brewing Company,,MA
1158.0,La Frontera Premium IPA,American IPA,12.0 oz,,463.0,Big Bend Brewing Company,Alpine,
1157.0,?,Czech Pilsener,N/A,0.047,463.0,Big Bend Brewing Company,Alpine,TX
1156.0,Number 22 Porter,American Porter,missing,0.064,463.0,Big Bend Brewing Company,Alpine,TX
1155.0,Big Bend Hefeweizen,Hefeweizen,12.0 oz,0.056,,Big Bend Brewing Company,,TX
1154.0,Terlingua Gold,American Blonde Ale,12.0 oz,0.06,463.0,Big Bend Brewing Company,Alpine,TX
2104.0,missing,,16.0 oz,0.081,,Big Choice Brewing,Broomfield,CO
N/A,Hemlock Double IPA,American Double / Imperial IPA,12.0 oz,0.095,220.0,Big Choice Brewing,Broomfield,CO
1422.0,West Portal Colorado Common Summer Ale,California Common / Steam Beer,?,0.041,220.0,,Broomfield,CO
1067.0,Disconnected Red,American Amber / Red Ale,16.0 oz,0.067,N/A,Big Choice Brewing,Broomfield,CO
1003.0,Big Elm IPA,American IPA,12.0 oz,0.07,477.0,,Sheffield,MA
,,American Stout,12.0 oz,0.065,477.0,Big Elm Brewing,Sheffield,MA
,413 Farmhouse Ale,Saison / Farmhouse Ale,12.0 oz,NULL,477.0,Big Elm Brewing,Sheffield,MA
2639.0,Dark Star,American Stout,16.0 oz,0.08,8.0,Big Lake Brewing,,MI
2469.0,Ryecoe,American IPA,16.0 oz,0.062,8.0,Big Lake Brewing,Holland,MI
2586.0,Blueberry Blonde,Fruit / Vegetable Beer,12.0 oz,0.06,40.0,Big Muddy Brewing,Murphysboro,
2585.0,Galaxy IPA,missing,16.0 oz,0.075,40.0,Big Muddy Brewing,Murphysboro,IL
643.0,Big River Pilsner,Czech Pilsener,12.0 oz,0.05,519.0,Big River Brewing Company,Chattanooga,TN
,House Brand IPA,American IPA,12.0 oz,0.06,,missing,Chattanooga,TN
missing,Big Sky IPA,American IPA,12.0 oz,,336.0,Big Sky Brewing Company,Missoula,MT
1713.0,N/A,English Pale Ale,12.0 oz,0.05,,Big Sky Brewing Company,Missoula,MT
1712.0,Montana Trout Slayer Ale,American Pale Wheat Ale,12.0 oz,,336.0,Big Sky Brewing Company,Missoula,MT
1711.0,Moose Drool Brown Ale,?,12.0 oz,0.051,,Big Sky Brewing Company,NULL,MT
,Powder Hound Winter Ale,English Strong Ale,12.0 oz,0.072,,Big Sky Brewing Company,Missoula,MT
767.0,Moose Drool Brown Ale (2011),American Brown Ale,12.0 oz,0.051,336.0,Big Sky Brewing Company,Missoula,MT
766.0,Montana Trout Slayer Ale (2012),?,12.0 oz,missing,336.0,Big Sky Brewing Company,Missoula,
579.0,Big Sky IPA (2012),American IPA,NULL,0.062,,?,Missoula,MT
168.0,Summer Honey,American Blonde Ale,12.0 oz,0.047,336.0,Big Sky Brewing Company,Missoula,MT
159.0,Scape Goat Pale Ale (2010),English Pale Ale,N/A,0.05,336.0,Big Sky Brewing Company,Missoula,MT
35.0,Montana Trout Slayer Ale (2009),American Pale Wheat Ale,12.0 oz,N/A,336.0,Big Sky Brewing Company,Missoula,MT
34.0,Moose Drool Brown Ale (2009),American Brown Ale,12.0 oz,NULL,336.0,Big Sky Brewing Company,Missoula,MT
,?,?,N/A,0.069,NULL,Big Storm Brewing Company,missing,FL
2095.0,Wavemaker,American Amber / Red Ale,12.0 oz,0.058,221.0,,Odessa,FL
1257.0,Jack Pine Savage,,16.0 oz,0.053,444.0,Big Wood Brewery,Vadnais Heights,MN
1256.0,Forest Fire Imperial Smoked Rye,Rye Beer,16.0 oz,0.099,444.0,Big Wood Brewery,Vadnais Heights,MN
1255.0,Bad Axe Imperial IPA,American Double / Imperial IPA,16.0 oz,0.098,444.0,NULL,Vadnais Heights,N/A
986.0,N/A,Oatmeal Stout,16.0 oz,0.055,?,Big Wood Brewery,,N/A
985.0,Bark Bite IPA,American IPA,16.0 oz,0.066,444.0,Big Wood Brewery,Vadnais Heights,N/A
2508.0,Jalapeno Pale Ale,American Pale Ale (APA),missing,0.055,70.0,Birdsong Brewing Company,Charlotte,?
1441.0,Blown Out Brown,American Brown Ale,12.0 oz,0.052,407.0,Bitter Root Brewing,Hamilton,MT
1413.0,Single Hop Ale,missing,12.0 oz,0.063,407.0,Bitter Root Brewing,N/A,MT
,Sawtooth Ale,American Blonde Ale,NULL,0.054,missing,N/A,,MT
2620.0,N/A,Rye Beer,16.0 oz,0.072,18.0,Black Acre Brewing Co.,Indianapolis,IN
2412.0,Deception,American Blonde Ale,12.0 oz,0.045,112.0,NULL,Temecula,CA
1898.0,Blackmarket Rye IPA,American IPA,12.0 oz,NULL,112.0,Black Market Brewing Company,Temecula,CA
,Black Market Hefeweizen,Hefeweizen,12.0 oz,?,,Black Market Brewing Company,Temecula,
1896.0,Aftermath Pale Ale,American Pale Ale (APA),12.0 oz,0.058,112.0,Black Market Brewing Company,Temecula,CA
1850.0,American India Red Ale,American Strong Ale,12.0 oz,0.071,294.0,Black Shirt Brewing Company,Denver,CO
1849.0,American Red Porter,American Porter,12.0 oz,0.071,294.0,Black Shirt Brewing Company,Denver,CO
1848.0,American Red Saison,Saison / Farmhouse Ale,12.0 oz,,294.0,Black Shirt Brewing Company,Denver,CO
1847.0,Colorado Red Ale,American Amber / Red Ale,12.0 oz,0.066,294.0,Black Shirt Brewing Company,Denver,CO
2485.0,,American Brown Ale,12.0 oz,0.048,79.0,Black Tooth Brewing Company,?,WY
2484.0,Bomber Mountain Amber Ale,American Amber / Red Ale,12.0 oz,0.046,79.0,,Sheridan,WY
2449.0,Flying Sailor,Rye Beer,12.0 oz,0.073,95.0,Blackrocks Brewery,Marquette,MA
2634.0,Nordskye,,12.0 oz,0.048,12.0,Blackrocks Brewery,Marquette,MI
2153.0,North Third Stout,,12.0 oz,0.06,missing,Blackrocks Brewery,NULL,MI
1953.0,Honey Lav,American Pale Wheat Ale,12.0 oz,0.052,12.0,Blackrocks Brewery,Marquette,MI
1496.0,Coconut Brown Ale,American Brown Ale,12.0 oz,0.068,12.0,Blackrocks Brewery,Marquette,
1481.0,?,American IPA,12.0 oz,0.07,12.0,Blackrocks Brewery,Marquette,MI
1480.0,Grand Rabbits,Cream Ale,,,N/A,Blackrocks Brewery,Marquette,MI
1564.0,1800 Big Log Wheat (2012),American Pale Wheat Ale,12.0 oz,0.05,380.0,Blue Blood Brewing Company,,NE
1541.0,Double Play Pilsner,American Pilsner,12.0 oz,nan (wait to be cleaned),380.0,Blue Blood Brewing Company,,NE
NULL,Brewerhood Brown Ale,American Brown Ale,12.0 oz,0.055,380.0,Blue Blood Brewing Company,Lincoln,NE
1320.0,Last Call Imperial Amber Ale,American Amber / Red Ale,12.0 oz,0.08,380.0,,NULL,NE
N/A,Pernicious Double IPA,American Double / Imperial IPA,12.0 oz,0.096,380.0,Blue Blood Brewing Company,Lincoln,NE
1303.0,6-4-3 Double Play Pilsner,German Pilsener,12.0 oz,0.052,380.0,Blue Blood Brewing Company,Lincoln,NE
1025.0,missing,N/A,12.0 oz,nan (wait to be cleaned),380.0,Blue Blood Brewing Company,Lincoln,
1012.0,467 Ethan's Stout,American Stout,12.0 oz,0.05,380.0,Blue Blood Brewing Company,Lincoln,NE
942.0,1335 Wicked Snout,Saison / Farmhouse Ale,12.0 oz,0.064,380.0,Blue Blood Brewing Company,N/A,NE
937.0,N/A,American Pale Ale (APA),12.0 oz,0.045,380.0,Blue Blood Brewing Company,missing,NE
888.0,1327 Pod's ESB,Extra Special / Strong Bitter (ESB),12.0 oz,0.056,380.0,?,Lincoln,NE
886.0,1327 Pod's ESB,Extra Special / Strong Bitter (ESB),12.0 oz,0.056,380.0,Blue Blood Brewing Company,Lincoln,NE
missing,1327 Pod's ESB,Extra Special / Strong Bitter (ESB),12.0 oz,NULL,380.0,Blue Blood Brewing Company,Lincoln,N/A
611.0,834 Happy As Ale,American Pale Ale (APA),,0.046,380.0,Blue Blood Brewing Company,Lincoln,NE
1372.0,Yellow Collar,Mead,12.0 oz,0.059,422.0,Blue Dog Mead,?,OR
1371.0,Green Collar,Mead,12.0 oz,0.059,422.0,Blue Dog Mead,Eugene,OR
,Quarter Mile Double IPA,American Double / Imperial IPA,12.0 oz,0.08,304.0,Blue Hills Brewery,Canton,MA
1547.0,Full Nelson Pale Ale,American Pale Ale (APA),12.0 oz,0.059,382.0,Blue Mountain Brewery,Afton,N/A
1546.0,,Extra Special / Strong Bitter (ESB),12.0 oz,0.065,382.0,,Afton,
1545.0,Blue Mountain Classic Lager,Euro Pale Lager,12.0 oz,0.053,382.0,Blue Mountain Brewery,missing,VA
119.0,Full Nelson Pale Ale (2010),,12.0 oz,0.059,382.0,Blue Mountain Brewery,Afton,VA
1408.0,Kölsch 151,Kölsch,12.0 oz,0.049,414.0,Blue Mountain Brewery,Arrington,VA
2490.0,Professor Black,American Stout,12.0 oz,nan (wait to be cleaned),77.0,Blue Owl Brewing,Austin,TX
2489.0,Little Boss,American Pale Wheat Ale,12.0 oz,nan (wait to be cleaned),77.0,Blue Owl Brewing,Austin,TX
2488.0,Van Dayum!,?,12.0 oz,nan (wait to be cleaned),77.0,Blue Owl Brewing,Austin,TX
NULL,Spirit Animal,American Pale Ale (APA),N/A,,77.0,Blue Owl Brewing,Austin,TX
NULL,Toxic Sludge,American Black Ale,16.0 oz,0.07,489.0,Blue Point Brewing Company,Patchogue,NY
692.0,,American White IPA,12.0 oz,0.06,489.0,Blue Point Brewing Company,Patchogue,NY
missing,Blue Point Summer Ale,American Blonde Ale,12.0 oz,0.044,489.0,Blue Point Brewing Company,Patchogue,NY
665.0,Toasted Lager,Vienna Lager,,0.055,missing,Blue Point Brewing Company,Patchogue,NY
1607.0,Bohemian Export Lager,Dortmunder / Export Lager,12.0 oz,0.06,364.0,Bohemian Brewery,Midvale,UT
NULL,Altus Bohemes Altbier,Altbier,12.0 oz,0.053,364.0,Bohemian Brewery,Midvale,UT
344.0,Cherny Bock,?,12.0 oz,0.04,364.0,Bohemian Brewery,Midvale,UT
89.0,Czech Pilsner,Czech Pilsener,12.0 oz,0.05,364.0,Bohemian Brewery,Midvale,?
N/A,Viennese Lager,Vienna Lager,12.0 oz,0.05,missing,Bohemian Brewery,Midvale,UT
,Mad Manatee IPA,N/A,12.0 oz,0.065,378.0,Bold City Brewery,,FL
1568.0,Killer Whale Cream Ale,Cream Ale,12.0 oz,missing,378.0,Bold City Brewery,Jacksonville,FL
1188.0,Duke's Cold Nose Brown Ale,American Brown Ale,12.0 oz,0.06,,Bold City Brewery,?,NULL
1891.0,Longhop IPA,American IPA,?,0.042,281.0,Bolero Snort Brewery,Ridgefield Park,NJ
1890.0,,Irish Dry Stout,16.0 oz,0.04,281.0,?,?,NJ
577.0,Bomb Lager (New Recipe),Munich Helles Lager,12.0 oz,?,525.0,Bomb Beer Company,New York,NY
513.0,Bomb Lager (Old Recipe),Munich Helles Lager,12.0 oz,0.045,525.0,Bomb Beer Company,New York,NY
2422.0,Firestarter India Pale Ale,,12.0 oz,,107.0,missing,Eagle,CO
1727.0,Kilt Dropper Scotch Ale,N/A,16.0 oz,0.075,107.0,Bonfire Brewing Company,Eagle,CO
1614.0,Wood Splitter Pilsner,Czech Pilsener,missing,0.048,107.0,Bonfire Brewing Company,Eagle,CO
1613.0,Gyptoberfest,?,N/A,0.056,107.0,Bonfire Brewing Company,Eagle,CO
1549.0,Farmer Wirtz India Pale Ale,English India Pale Ale (IPA),16.0 oz,0.07,107.0,Bonfire Brewing Company,Eagle,CO
NULL,Slow & Steady Golden Ale,American Blonde Ale,12.0 oz,0.047,N/A,Bonfire Brewing Company,N/A,CO
1517.0,Pink-I Raspberry IPA,American IPA,16.0 oz,0.068,107.0,Bonfire Brewing Company,Eagle,NULL
1500.0,Moe's Original Bar B Que 'Bama Brew Golden Ale,American Blonde Ale,12.0 oz,0.047,107.0,Bonfire Brewing Company,Eagle,CO
1421.0,Live Local Golden Ale,American Blonde Ale,12.0 oz,N/A,107.0,Bonfire Brewing Company,Eagle,CO
1360.0,Screaming Eagle Special Ale ESB,Extra Special / Strong Bitter (ESB),12.0 oz,0.048,107.0,Bonfire Brewing Company,Eagle,CO
1184.0,Dirtbag Dunkel,Munich Dunkel Lager,missing,0.049,107.0,Bonfire Brewing Company,Eagle,
1183.0,Kindler Pale Ale,American Pale Ale (APA),12.0 oz,0.053,107.0,Bonfire Brewing Company,Eagle,missing
1023.0,Mistress Winter Wheat,Winter Warmer,12.0 oz,0.064,107.0,Bonfire Brewing Company,Eagle,CO
998.0,Tent Pole Vanilla Porter,American Porter,16.0 oz,0.061,missing,Bonfire Brewing Company,Eagle,
997.0,Awry Rye Pale Ale,,12.0 oz,,107.0,Bonfire Brewing Company,Eagle,CO
996.0,Demshitz Brown Ale,American Brown Ale,,0.058,107.0,missing,Eagle,CO
missing,Wood Splitter Pilsner (2012),NULL,12.0 oz,0.048,107.0,Bonfire Brewing Company,Eagle,N/A
798.0,Brush Creek Blonde,American Blonde Ale,16.0 oz,0.048,107.0,Bonfire Brewing Company,Eagle,CO
633.0,Firestarter India Pale Ale,American IPA,16.0 oz,N/A,,,Eagle,CO
2062.0,Noche Dulce,American Porter,16.0 oz,NULL,231.0,Borderlands Brewing Company,Tucson,AZ
1830.0,Porch Rocker,Radler,12.0 oz,,300.0,Boston Beer Company,Boston,MA
1629.0,Rebel IPA,American IPA,16.0 oz,0.065,300.0,Boston Beer Company,Boston,MA
1601.0,Cold Snap,,12.0 oz,0.055,300.0,Boston Beer Company,Boston,
1427.0,Samuel Adams Winter Lager,Bock,12.0 oz,,300.0,Boston Beer Company,Boston,MA
1349.0,Boston Lager,Vienna Lager,NULL,0.049,300.0,Boston Beer Company,Boston,MA
1310.0,,Vienna Lager,12.0 oz,0.049,300.0,Boston Beer Company,N/A,NULL
1281.0,Samuel Adams Octoberfest,Märzen / Oktoberfest,12.0 oz,0.053,300.0,Boston Beer Company,Boston,MA
,Samuel Adams Summer Ale,American Pale Wheat Ale,12.0 oz,NULL,300.0,Boston Beer Company,N/A,MA
,Boston Lager,Vienna Lager,12.0 oz,0.049,300.0,Boston Beer Company,Boston,MA
1395.0,NULL,N/A,12.0 oz,0.049,417.0,Boulder Beer Company,Boulder,CO
808.0,Hoopla Pale Ale,American Pale Ale (APA),12.0 oz,0.057,417.0,NULL,Boulder,CO
missing,Hazed & Infused (2010),American Pale Ale (APA),12.0 oz,0.049,417.0,Boulder Beer Company,Boulder,CO
2596.0,Heavy Lifting,American IPA,12.0 oz,0.062,31.0,Boulevard Brewing Company,,MO
2300.0,,American Pale Ale (APA),12.0 oz,0.065,167.0,Boxcar Brewing Company,West Chester,PA
2299.0,Mango Ginger,American IPA,12.0 oz,0.058,167.0,Boxcar Brewing Company,West Chester,PA
2298.0,Passenger,English Dark Mild Ale,12.0 oz,0.047,167.0,,West Chester,PA
2107.0,Plum St. Porter,,12.0 oz,0.06,219.0,Bozeman Brewing Company,?,MT
1573.0,Plum St. Porter,American Porter,12.0 oz,0.057,?,Bozeman Brewing Company,Bozeman,
1289.0,Bozone HopZone IPA,American IPA,12.0 oz,0.07,219.0,Bozeman Brewing Company,Bozeman,MT
1288.0,Bozone Hefe Weizen,Hefeweizen,12.0 oz,0.06,219.0,Bozeman Brewing Company,Bozeman,MT
missing,Bozone Select Amber Ale,American Amber / Red Ale,12.0 oz,?,219.0,Bozeman Brewing Company,N/A,
2167.0,Evil Owl,American Amber / Red Ale,12.0 oz,0.052,207.0,Branchline Brewing Company,?,TX
2204.0,missing,NULL,16.0 oz,0.05,195.0,Breakside Brewery,Portland,OR
1522.0,Agave Wheat,American Pale Wheat Ale,12.0 oz,0.042,391.0,Breckenridge Brewery,Denver,?
397.0,SummerBright Ale,American Pale Wheat Ale,12.0 oz,0.045,391.0,Breckenridge Brewery,Denver,CO
193.0,?,American IPA,12.0 oz,0.062,391.0,Breckenridge Brewery,,CO
83.0,Avalanche Ale,American Amber / Red Ale,N/A,0.054,391.0,,Denver,CO
1802.0,,Fruit / Vegetable Beer,12.0 oz,0.05,N/A,Brew Bus Brewing,Tampa,FL
1801.0,Last Stop IPA,,12.0 oz,0.072,308.0,Brew Bus Brewing,Tampa,FL
1800.0,,Irish Red Ale,12.0 oz,0.05,308.0,Brew Bus Brewing,,FL
NULL,Are Wheat There Yet?,American Pale Wheat Ale,12.0 oz,0.055,308.0,Brew Bus Brewing,Tampa,FL
2619.0,Insert Hop Reference,American Pale Ale (APA),16.0 oz,0.058,19.0,NULL,Plainfield,IN
2468.0,Manitou Amber,American Amber / Red Ale,16.0 oz,0.053,85.0,Brewery Terra Firma,Traverse City,MI
2637.0,missing,Saison / Farmhouse Ale,16.0 oz,0.067,10.0,Brewery Vivant,Grand Rapids,MI
2636.0,Star Runner,Belgian Pale Ale,NULL,0.06,10.0,Brewery Vivant,Grand Rapids,MI
2598.0,Tart Side of the Barrel,,missing,0.098,10.0,Brewery Vivant,Grand Rapids,MI
2597.0,Linnaeus Mango IPA,American IPA,NULL,0.06,10.0,Brewery Vivant,Grand Rapids,MI
2548.0,Beasts A'Burnin',Rauchbier,16.0 oz,0.07,10.0,Brewery Vivant,N/A,MI
2542.0,?,,16.0 oz,0.077,10.0,Brewery Vivant,Grand Rapids,
2541.0,Barrel Aged Triomphe,Belgian IPA,16.0 oz,0.065,10.0,Brewery Vivant,Grand Rapids,MI
2504.0,Cherry Doppelbock,Doppelbock,16.0 oz,NULL,10.0,,Grand Rapids,MI
2500.0,missing,Saison / Farmhouse Ale,16.0 oz,0.065,10.0,Brewery Vivant,Grand Rapids,?
2499.0,,Witbier,16.0 oz,0.065,10.0,?,Grand Rapids,MI
2498.0,Nuit Serpent,Belgian IPA,16.0 oz,0.05,,Brewery Vivant,NULL,MI
NULL,Paris,Saison / Farmhouse Ale,16.0 oz,0.09,10.0,Brewery Vivant,Grand Rapids,MI
NULL,,Belgian IPA,16.0 oz,0.055,10.0,Brewery Vivant,Grand Rapids,MI
?,Acidulated Trip,Saison / Farmhouse Ale,16.0 oz,0.059,10.0,Brewery Vivant,Grand Rapids,MI
2466.0,Root Stock,Rye Beer,16.0 oz,?,10.0,missing,N/A,MI
2465.0,Mind Games,Dunkelweizen,,0.041,10.0,Brewery Vivant,Grand Rapids,MI
2433.0,Sous Chef,Belgian Strong Pale Ale,NULL,0.082,10.0,Brewery Vivant,,MI
,Dubbelicious,Dubbel,16.0 oz,0.065,,Brewery Vivant,Grand Rapids,N/A
2416.0,,Belgian Dark Ale,?,0.062,10.0,Brewery Vivant,Grand Rapids,MI
2382.0,Fat Paczki,Belgian Dark Ale,16.0 oz,nan (wait to be cleaned),10.0,Brewery Vivant,Grand Rapids,MI
2381.0,Earth-Like Planets,N/A,16.0 oz,nan (wait to be cleaned),10.0,Brewery Vivant,Grand Rapids,missing
2290.0,Ski Patrol,Witbier,16.0 oz,0.061,10.0,Brewery Vivant,Grand Rapids,MI
2241.0,?,Oatmeal Stout,16.0 oz,0.063,10.0,Brewery Vivant,Grand Rapids,
2240.0,Rye Porter,American Porter,16.0 oz,0.056,,Brewery Vivant,Grand Rapids,MI
,missing,Quadrupel (Quad),16.0 oz,0.099,10.0,Brewery Vivant,Grand Rapids,MI
2101.0,NULL,Rauchbier,16.0 oz,NULL,10.0,Brewery Vivant,Grand Rapids,MI
2092.0,BRIPA,Belgian IPA,16.0 oz,0.062,10.0,Brewery Vivant,Grand Rapids,MI
?,Mela,Belgian Dark Ale,16.0 oz,0.062,10.0,Brewery Vivant,Grand Rapids,MI
2086.0,W.I.P.A Snappa,,16.0 oz,0.053,10.0,Brewery Vivant,Grand Rapids,MI
2023.0,Pepper in the Rye,Rye Beer,16.0 oz,0.063,10.0,Brewery Vivant,Grand Rapids,MI
2006.0,Moe Lasses',?,16.0 oz,0.064,10.0,Brewery Vivant,Grand Rapids,MI
,Pumpkin Tart,,16.0 oz,0.07,10.0,Brewery Vivant,Grand Rapids,?
1977.0,Undertaker,,,0.067,10.0,Brewery Vivant,Grand Rapids,MI
N/A,Undertaker (2014),Belgian Dark Ale,16.0 oz,,10.0,Brewery Vivant,Grand Rapids,MI
1974.0,Coq D'Or,Belgian Pale Ale,16.0 oz,0.05,10.0,Brewery Vivant,Grand Rapids,MI
1973.0,N/A,N/A,missing,0.06,10.0,,NULL,MI
1959.0,Agent a Deux,Belgian Dark Ale,16.0 oz,0.065,10.0,Brewery Vivant,Grand Rapids,MI
1958.0,Belgian Wit,?,16.0 oz,0.045,10.0,Brewery Vivant,Grand Rapids,?
1949.0,,American Stout,,0.063,10.0,Brewery Vivant,Grand Rapids,MI
1947.0,Tree Bucket,,,0.093,10.0,Brewery Vivant,Grand Rapids,MI
1785.0,Le Flaneur Ale,NULL,16.0 oz,0.073,10.0,Brewery Vivant,Grand Rapids,MI
1651.0,Maize & Blueberry,Fruit / Vegetable Beer,16.0 oz,0.056,N/A,Brewery Vivant,Grand Rapids,MI
1443.0,Trebuchet Double IPA,American Double / Imperial IPA,16.0 oz,0.093,10.0,Brewery Vivant,Grand Rapids,MI
1352.0,,Bière de Garde,16.0 oz,0.065,10.0,Brewery Vivant,,MI
1267.0,Black Rabbit,American Black Ale,16.0 oz,0.05,10.0,Brewery Vivant,Grand Rapids,MI
1266.0,Zaison,Saison / Farmhouse Ale,16.0 oz,0.09,10.0,Brewery Vivant,Grand Rapids,MI
NULL,Vivant Tripel,Tripel,16.0 oz,0.082,10.0,Brewery Vivant,Grand Rapids,MI
1136.0,Tart Side of the Moon,Belgian Dark Ale,16.0 oz,0.098,10.0,Brewery Vivant,Grand Rapids,MI
NULL,Big Red Coq,American Amber / Red Ale,16.0 oz,0.06,10.0,Brewery Vivant,Grand Rapids,MI
N/A,Hubris Quadrupel Anniversary Ale,Quadrupel (Quad),16.0 oz,0.099,10.0,Brewery Vivant,NULL,MI
1031.0,Plow Horse Belgian Style Imperial Stout,American Double / Imperial Stout,16.0 oz,0.095,,Brewery Vivant,Grand Rapids,missing
909.0,Escoffier Bretta Ale,American Wild Ale,16.0 oz,0.092,10.0,,Grand Rapids,MI
,,Bière de Garde,?,0.065,10.0,Brewery Vivant,,MI
860.0,Vivant Belgian Style Imperial Stout (2012),,16.0 oz,missing,missing,Brewery Vivant,Grand Rapids,MI
677.0,NULL,American Amber / Red Ale,16.0 oz,0.062,10.0,Brewery Vivant,Grand Rapids,MI
671.0,Zaison (2012),Saison / Farmhouse Ale,16.0 oz,0.09,10.0,Brewery Vivant,Grand Rapids,MI
670.0,Vivant Tripel (2012),?,16.0 oz,0.092,10.0,Brewery Vivant,Grand Rapids,MI
669.0,Trebuchet Double IPA (2012),Belgian IPA,16.0 oz,0.097,10.0,?,,MI
627.0,Kludde,?,16.0 oz,NULL,10.0,Brewery Vivant,Grand Rapids,MI
387.0,Farm Hand,Saison / Farmhouse Ale,N/A,0.055,10.0,Brewery Vivant,Grand Rapids,?
385.0,Solitude,Belgian Pale Ale,16.0 oz,0.06,10.0,Brewery Vivant,Grand Rapids,MI
384.0,Triomphe,Belgian IPA,,0.065,10.0,Brewery Vivant,,MI
1096.0,Tampa Pale Ale,American Pale Ale (APA),12.0 oz,nan (wait to be cleaned),,?,Tampa Bay,FL
1095.0,Orange Grove Wheat Ale,?,12.0 oz,nan (wait to be cleaned),467.0,Brindle Dog Brewing Company,Tampa Bay,FL
2456.0,Broad Brook Ale,American Amber / Red Ale,NULL,0.061,89.0,Broad Brook Brewing LLC,East Windsor,CT
921.0,Northern Lights Amber Ale,American Amber / Red Ale,12.0 oz,0.05,493.0,Broken Tooth Brewing Company,Anchorage,AK
920.0,Polar Pale Ale,American Pale Ale (APA),12.0 oz,0.052,493.0,Broken Tooth Brewing Company,Anchorage,AK
919.0,Chugach Session Ale,Cream Ale,12.0 oz,0.048,NULL,,?,AK
648.0,Fairweather IPA,American IPA,12.0 oz,0.061,493.0,Broken Tooth Brewing Company,Anchorage,AK
N/A,N/A,English India Pale Ale (IPA),16.0 oz,NULL,437.0,Brooklyn Brewery,,NY
756.0,Brooklyn Summer Ale,English Pale Mild Ale,12.0 oz,0.045,437.0,Brooklyn Brewery,Brooklyn,N/A
N/A,East India Pale Ale,English India Pale Ale (IPA),12.0 oz,,437.0,Brooklyn Brewery,Brooklyn,NY
328.0,NULL,English Pale Mild Ale,12.0 oz,0.045,missing,Brooklyn Brewery,Brooklyn,NY
66.0,Brooklyn Lager (16 oz.),American Amber / Red Lager,16.0 oz,0.052,437.0,Brooklyn Brewery,Brooklyn,NY
65.0,Brooklyn Lager (12 oz.),American Amber / Red Lager,missing,0.052,437.0,Brooklyn Brewery,Brooklyn,NY
538.0,Tour de Nez Belgian IPA (Current),Belgian IPA,16.0 oz,0.08,530.0,Buckbean Brewing Company,N/A,NV
,Roler Bock (Current),Maibock / Helles Bock,,nan (wait to be cleaned),530.0,Buckbean Brewing Company,Reno,NV
383.0,Black Adder IBA (Current),,missing,0.073,missing,Buckbean Brewing Company,Reno,NV
?,Very Noddy Lager (Current),Schwarzbier,16.0 oz,0.099,530.0,Buckbean Brewing Company,Reno,NV
28.0,Tule Duck Red Ale (Current),American Amber / Red Ale,16.0 oz,0.062,530.0,Buckbean Brewing Company,Reno,NV
27.0,Original Orange Blossom Ale (Current),Herbed / Spiced Beer,16.0 oz,0.058,,Buckbean Brewing Company,Reno,NV
26.0,Black Noddy Lager (Current),Schwarzbier,16.0 oz,0.052,530.0,,Reno,NV
1627.0,Cleveland Beer Week 2013,Munich Helles Lager,16.0 oz,NULL,357.0,Buckeye Brewing,Cleveland,OH
2552.0,Painted Turtle,American Pale Ale (APA),12.0 oz,0.045,56.0,BuckleDown Brewing,?,IL
2125.0,1836,American Blonde Ale,missing,0.06,214.0,Buffalo Bayou Brewing Company,Houston,TX
2124.0,Summer's Wit,Witbier,12.0 oz,0.06,214.0,Buffalo Bayou Brewing Company,Houston,TX
2123.0,More Cowbell,American Double / Imperial IPA,16.0 oz,0.09,214.0,Buffalo Bayou Brewing Company,Houston,TX
2608.0,Wrath of Pele,American Brown Ale,16.0 oz,0.065,24.0,Burn 'Em Brewing,Michigan City,IN
2607.0,Black Beer'd,American Black Ale,,0.068,24.0,Burn 'Em Brewing,Michigan City,IN
2606.0,Mr. Tea,Fruit / Vegetable Beer,24.0 oz,0.078,24.0,?,Michigan City,IN
2478.0,Pale Alement,,12.0 oz,0.055,24.0,Burn 'Em Brewing,Michigan City,IN
2471.0,Hopkick Dropkick,American Double / Imperial IPA,12.0 oz,,,Burn 'Em Brewing,Michigan City,?
2470.0,Kreamed Corn,missing,12.0 oz,0.06,24.0,Burn 'Em Brewing,Michigan City,IN
2464.0,Coconoats,American Pale Wheat Ale,16.0 oz,0.065,24.0,Burn 'Em Brewing,Michigan City,IN
2160.0,Joey Wheat,,NULL,0.068,24.0,Burn 'Em Brewing,Michigan City,IN
2158.0,3:33 Black IPA,American IPA,16.0 oz,0.072,24.0,Burn 'Em Brewing,,IN
2072.0,MCA,American IPA,16.0 oz,0.068,24.0,Burn 'Em Brewing,Michigan City,IN
2054.0,Pale Alement,American Pale Ale (APA),16.0 oz,0.055,NULL,Burn 'Em Brewing,Michigan City,IN
2196.0,Couch Select Lager,American Pale Lager,12.0 oz,0.05,197.0,Burnside Brewing Co.,Portland,OR
?,missing,American Pale Ale (APA),12.0 oz,0.056,517.0,Butcher's Brewing,Carlsbad,CA
52.0,Heinnieweisse Weissebier,Hefeweizen,12.0 oz,0.049,N/A,Butternuts Beer and Ale,Garrattsville,NY
51.0,Snapperhead IPA,American IPA,12.0 oz,0.068,556.0,Butternuts Beer and Ale,Garrattsville,NY
50.0,Moo Thunder Stout,Milk / Sweet Stout,12.0 oz,0.049,556.0,Butternuts Beer and Ale,Garrattsville,NY
49.0,Porkslap Pale Ale,American Pale Ale (APA),12.0 oz,0.043,556.0,Butternuts Beer and Ale,,NY
2657.0,Blackbeard,American Double / Imperial Stout,12.0 oz,0.093,N/A,COAST Brewing Company,?,SC
2656.0,Rye Knot,American Brown Ale,12.0 oz,0.062,5.0,COAST Brewing Company,Charleston,SC
2655.0,Dead Arm,American Pale Ale (APA),12.0 oz,0.06,5.0,COAST Brewing Company,Charleston,SC
?,32°/50° Kölsch,Kölsch,16.0 oz,0.048,5.0,COAST Brewing Company,,SC
2653.0,HopArt,American IPA,16.0 oz,0.077,5.0,COAST Brewing Company,Charleston,SC
missing,Boy King,American Double / Imperial IPA,16.0 oz,N/A,5.0,,Charleston,SC
2252.0,Gran Sport,American Porter,,0.052,182.0,,Oklahoma City,OK
2214.0,Horny Toad Cerveza,American Blonde Ale,16.0 oz,0.053,182.0,COOP Ale Works,Oklahoma City,OK
2213.0,Native Amber,American Amber / Red Ale,16.0 oz,missing,182.0,?,Oklahoma City,OK
1442.0,F5 IPA,American IPA,16.0 oz,0.068,182.0,COOP Ale Works,Oklahoma City,OK
170.0,Native Amber (2013),American Amber / Red Ale,16.0 oz,0.063,182.0,COOP Ale Works,Oklahoma City,OK
169.0,Horny Toad Cerveza (2013),American Blonde Ale,missing,0.053,?,COOP Ale Works,Oklahoma City,
2315.0,Hopportunity Knocks IPA,American IPA,12.0 oz,0.068,155.0,?,Ashland,OR
NULL,NULL,American Porter,12.0 oz,0.06,155.0,Caldera Brewing Company,Ashland,OR
1419.0,Caldera Pale Ale,American Pale Ale (APA),12.0 oz,0.056,155.0,Caldera Brewing Company,Ashland,OR
NULL,Lawnmower Lager,American Adjunct Lager,12.0 oz,0.039,155.0,Caldera Brewing Company,Ashland,OR
794.0,N/A,American Amber / Red Ale,12.0 oz,0.054,?,NULL,Ashland,OR
missing,Caldera IPA (2009),American IPA,12.0 oz,0.061,missing,Caldera Brewing Company,Ashland,OR
792.0,Caldera IPA (2007),American IPA,12.0 oz,,155.0,Caldera Brewing Company,Ashland,
,Caldera Pale Ale (2010),American Pale Ale (APA),12.0 oz,0.056,155.0,Caldera Brewing Company,Ashland,OR
790.0,Caldera Pale Ale (2009),,12.0 oz,0.056,155.0,Caldera Brewing Company,Ashland,OR
789.0,Caldera Pale Ale (2005),American Pale Ale (APA),12.0 oz,0.056,155.0,Caldera Brewing Company,Ashland,OR
788.0,Caldera Pale Ale (2007),American Pale Ale (APA),,0.056,155.0,Caldera Brewing Company,Ashland,missing
38.0,Caldera Pale Ale (2011),American Pale Ale (APA),12.0 oz,0.056,155.0,Caldera Brewing Company,Ashland,
37.0,Ashland Amber Ale,American Amber / Red Ale,12.0 oz,0.054,155.0,Caldera Brewing Company,Ashland,OR
36.0,Caldera IPA,American IPA,,NULL,155.0,Caldera Brewing Company,Ashland,OR
2257.0,Remain in Light,American Pilsner,,missing,178.0,Cambridge Brewing Company,Cambridge,MA
2256.0,Flower Child (2014),American IPA,12.0 oz,0.065,178.0,Cambridge Brewing Company,Cambridge,MA
missing,THP White (2006),Witbier,12.0 oz,nan (wait to be cleaned),497.0,Cans Bar and Canteen,Charlotte,NC
869.0,,American Amber / Red Ale,12.0 oz,N/A,497.0,N/A,Charlotte,NC
868.0,THP Light (2006),,12.0 oz,nan (wait to be cleaned),497.0,Cans Bar and Canteen,Charlotte,NC
867.0,THP Dark (2006),English Dark Mild Ale,12.0 oz,nan (wait to be cleaned),497.0,Cans Bar and Canteen,Charlotte,NC
2068.0,Imperial Pumpkin Stout,Pumpkin Ale,16.0 oz,0.099,230.0,Cape Ann Brewing Company,?,MA
N/A,Dead-Eye DIPA,,16.0 oz,0.09,,Cape Ann Brewing Company,Gloucester,MA
2066.0,Fisherman's IPA,American IPA,12.0 oz,0.055,230.0,Cape Ann Brewing Company,Gloucester,MA
2065.0,Fisherman's Pils,German Pilsener,12.0 oz,0.054,230.0,Cape Ann Brewing Company,Gloucester,MA
2064.0,missing,American Amber / Red Ale,12.0 oz,0.055,230.0,Cape Ann Brewing Company,Gloucester,MA
1928.0,Cape Cod Red,American Amber / Red Ale,16.0 oz,0.055,267.0,Cape Cod Beer,,MA
1927.0,Beach Blonde,,16.0 oz,0.049,N/A,Cape Cod Beer,Hyannis,MA
NULL,Dark Voyage Black IPA (2013),American Black Ale,12.0 oz,0.065,192.0,Capital Brewery,Middleton,WI
2226.0,Wisconsin Amber,Vienna Lager,12.0 oz,0.052,192.0,Capital Brewery,Middleton,NULL
2225.0,Lake House,,12.0 oz,0.046,192.0,Capital Brewery,Middleton,WI
1954.0,Ghost Ship White IPA,American IPA,12.0 oz,0.056,192.0,Capital Brewery,Middleton,WI
1910.0,Lake House,Munich Helles Lager,16.0 oz,0.046,192.0,Capital Brewery,,WI
1177.0,Mutiny IPA,American IPA,,0.062,192.0,Capital Brewery,NULL,WI
840.0,Wisconsin Amber (1998),Vienna Lager,12.0 oz,0.052,NULL,Capital Brewery,,?
180.0,Island Wheat,missing,12.0 oz,0.042,192.0,Capital Brewery,Middleton,WI
63.0,Wisconsin Amber (2013),Vienna Lager,12.0 oz,0.052,192.0,Capital Brewery,?,WI
?,,American Pale Ale (APA),12.0 oz,0.05,192.0,Capital Brewery,NULL,?
,Supper Club Lager,American Pale Lager,NULL,nan (wait to be cleaned),,,Middleton,WI
784.0,Carolina Lighthouse (2007),,NULL,0.04,,Carolina Beer & Beverage,Mooresville,NC
783.0,Carolina Blonde (2006),American Blonde Ale,?,N/A,504.0,,Mooresville,NC
782.0,Carolina Blonde Light (2005),American Blonde Ale,12.0 oz,0.035,504.0,Carolina Beer & Beverage,Mooresville,NC
2255.0,Santa's Secret,Winter Warmer,16.0 oz,0.059,179.0,Carolina Brewery,,NC
530.0,Flagship IPA,English India Pale Ale (IPA),?,0.057,179.0,,Pittsboro,NC
427.0,Sky Blue Golden Ale,Kölsch,12.0 oz,0.051,179.0,missing,Pittsboro,NC
2094.0,Epitome,American Black Ale,16.0 oz,0.099,222.0,Carton Brewing Company,Atlantic Highlands,NJ
1941.0,Monkey Chased the Weasel,Berliner Weissbier,16.0 oz,0.039,222.0,Carton Brewing Company,Atlantic Highlands,NJ
1940.0,077XX,American Double / Imperial IPA,missing,0.078,222.0,Carton Brewing Company,Atlantic Highlands,NJ
1439.0,Boat Beer,American IPA,12.0 oz,0.042,222.0,Carton Brewing Company,Atlantic Highlands,NJ
1465.0,Granny Smith Hard Apple Cider,missing,N/A,0.069,,Cascadia Ciderworks United,Portland,OR
1464.0,Dry Hard Apple Cider,Cider,16.0 oz,0.069,404.0,Cascadia Ciderworks United,Portland,OR
1744.0,Farmer Ted's Cream Ale,Cream Ale,12.0 oz,0.056,331.0,Catawba Brewing Company,,NC
1743.0,Firewater India Pale Ale,American IPA,12.0 oz,0.052,missing,Catawba Brewing Company,Morganton,NC
1742.0,White Zombie Ale,Witbier,12.0 oz,0.047,331.0,Catawba Brewing Company,Morganton,NC
1719.0,King Winterbolt Winter Ale,Winter Warmer,,N/A,331.0,Catawba Brewing Company,,NC
638.0,White Zombie Ale,Witbier,12.0 oz,0.047,331.0,Catawba Brewing Company,NULL,NC
507.0,Firewater India Pale Ale,American IPA,12.0 oz,0.052,331.0,Catawba Brewing Company,NULL,NC
480.0,Farmer Ted's Farmhouse Cream Ale,Cream Ale,?,0.056,331.0,Catawba Brewing Company,Morganton,NC
1882.0,Whitecap Wit,Witbier,16.0 oz,0.048,285.0,Catawba Island Brewing,Port Clinton,OH
1881.0,NULL,Scottish Ale,16.0 oz,0.078,285.0,missing,?,OH
2446.0,Peanut Butter Jelly Time,American Brown Ale,12.0 oz,0.058,96.0,N/A,?,NC
2106.0,King Coconut,American Porter,12.0 oz,0.054,96.0,Catawba Valley Brewing Company,Morganton,NC
2600.0,Gone A-Rye,American Double / Imperial IPA,16.0 oz,0.085,29.0,Cedar Creek Brewery,Seven Points,TX
2210.0,Special Release,nan (wait to be cleaned),16.0 oz,nan (wait to be cleaned),29.0,Cedar Creek Brewery,,?
2052.0,Dankosaurus,American IPA,16.0 oz,0.068,NULL,Cedar Creek Brewery,Seven Points,TX
1584.0,Scruffy's Smoked Alt,,?,0.051,29.0,Cedar Creek Brewery,Seven Points,TX
1182.0,Elliott's Phoned Home Pale Ale,American Pale Ale (APA),16.0 oz,0.051,29.0,Cedar Creek Brewery,Seven Points,TX
?,,Cream Ale,16.0 oz,0.05,29.0,Cedar Creek Brewery,Seven Points,TX
1219.0,All American Blonde Ale,American Blonde Ale,12.0 oz,0.05,452.0,Centennial Beer Company,Edwards,?
1218.0,All American Red Ale,N/A,12.0 oz,0.05,452.0,NULL,Edwards,CO
2377.0,Main St. Virginia Ale,Altbier,12.0 oz,0.05,missing,Center of the Universe Brewing Company,Ashland,VA
,Chin Music Amber Lager,American Amber / Red Lager,12.0 oz,0.045,122.0,Center of the Universe Brewing Company,Ashland,VA
N/A,missing,Altbier,12.0 oz,0.05,122.0,Center of the Universe Brewing Company,Ashland,VA
1247.0,Ray Ray’s Pale Ale,NULL,12.0 oz,0.052,122.0,Center of the Universe Brewing Company,Ashland,NULL
1649.0,Chai Ale,Herbed / Spiced Beer,N/A,0.051,350.0,Central Coast Brewing Company,,CA
1648.0,Lucky Day IPA,American IPA,16.0 oz,0.072,350.0,Central Coast Brewing Company,San Luis Obispo,CA
1647.0,Terrace Hill Double IPA,American Double / Imperial IPA,16.0 oz,0.095,350.0,Central Coast Brewing Company,San Luis Obispo,CA
1646.0,Catch 23,American Black Ale,16.0 oz,0.075,350.0,Central Coast Brewing Company,San Luis Obispo,CA
2057.0,Stickin' In My Rye,N/A,24.0 oz,0.07,236.0,Champion Brewing Company,Charlottesville,VA
2056.0,Black Me Stout,American Stout,12.0 oz,0.06,236.0,Champion Brewing Company,Charlottesville,NULL
2055.0,Killer Kolsch,Kölsch,,0.05,236.0,Champion Brewing Company,Charlottesville,VA
1933.0,N/A,American IPA,12.0 oz,0.07,236.0,Champion Brewing Company,Charlottesville,VA
2019.0,Enlighten,Kölsch,,0.045,250.0,Chapman's Brewing,Angola,IN
?,?,Fruit / Vegetable Beer,16.0 oz,0.065,250.0,Chapman's Brewing,Angola,IN
2017.0,Pail Ale,American Pale Ale (APA),16.0 oz,0.055,250.0,N/A,Angola,IN
2016.0,Englishman,missing,16.0 oz,0.045,250.0,Chapman's Brewing,Angola,IN
,8 Barrel,American Strong Ale,16.0 oz,0.08,226.0,Chatham Brewing,,NY
missing,Oktoberfest,Märzen / Oktoberfest,16.0 oz,?,226.0,Chatham Brewing,Chatham,NY
2380.0,IPA #11,American IPA,16.0 oz,NULL,121.0,Cheboygan Brewing Company,Cheboygan,MI
2379.0,Blood Orange Honey,Fruit / Vegetable Beer,16.0 oz,0.057,121.0,Cheboygan Brewing Company,Cheboygan,MI
2354.0,Lighthouse Amber,Altbier,?,0.052,121.0,Cheboygan Brewing Company,N/A,MI
missing,Bay of Bengal Double IPA (2014),American Double / Imperial IPA,12.0 oz,0.089,99.0,?,Cincinnati,OH
567.0,Churchkey Pilsner Style Beer,NULL,12.0 oz,0.049,526.0,Churchkey Can Company,Seattle,WA
1342.0,First Press,Cider,NULL,0.05,425.0,Ciderboys,Stevens Point,WI
1341.0,Magic Apple,?,12.0 oz,0.05,425.0,NULL,Stevens Point,N/A
2349.0,Cubano Espresso,Bock,12.0 oz,0.055,141.0,Cigar City Brewing Company,,FL
,Operation Homefront,American IPA,12.0 oz,0.062,141.0,Cigar City Brewing Company,?,FL
2013.0,Wandering Pelican,?,12.0 oz,0.082,141.0,Cigar City Brewing Company,Tampa,
2012.0,,American Brown Ale,12.0 oz,?,141.0,NULL,Tampa,FL
2011.0,Oktoberfest,Märzen / Oktoberfest,12.0 oz,0.055,141.0,Cigar City Brewing Company,,FL
,Puppy's Breath Porter,American Porter,12.0 oz,0.06,141.0,Cigar City Brewing Company,Tampa,FL
2009.0,Happening Now,American IPA,missing,0.045,NULL,Cigar City Brewing Company,Tampa,FL
1726.0,Hopped on the High Seas (Hop #529),,12.0 oz,0.07,141.0,Cigar City Brewing Company,Tampa,FL
1725.0,Hopped on the High Seas (Calypso),American IPA,12.0 oz,,,Cigar City Brewing Company,Tampa,FL
1695.0,Wiregrass Post-Prohibition Ale,American Pale Ale (APA),,,141.0,Cigar City Brewing Company,,FL
N/A,Dry-Hopped On The High Seas Caribbean-Style IPA,American IPA,12.0 oz,0.07,141.0,Cigar City Brewing Company,Tampa,FL
1693.0,Hopped on the High Seas (Citra),,12.0 oz,NULL,141.0,Cigar City Brewing Company,Tampa,FL
1692.0,Hopped on the High Seas (Ahtanum),American IPA,12.0 oz,0.07,141.0,Cigar City Brewing Company,N/A,FL
1369.0,Gwar Beer,American Pale Ale (APA),12.0 oz,?,141.0,Cigar City Brewing Company,Tampa,FL
1243.0,Tropical Heatwave,American Pale Wheat Ale,,0.052,?,Cigar City Brewing Company,Tampa,FL
1142.0,Humidor Series India Pale Ale,American IPA,12.0 oz,0.075,,Cigar City Brewing Company,Tampa,
1141.0,Jai Alai IPA Aged on White Oak,American IPA,12.0 oz,0.075,141.0,Cigar City Brewing Company,Tampa,FL
1140.0,José Martí American Porter,American Porter,12.0 oz,,141.0,Cigar City Brewing Company,Tampa,FL
1139.0,N/A,American Pale Ale (APA),12.0 oz,0.05,141.0,missing,Tampa,FL
1138.0,Maduro Brown Ale,English Brown Ale,12.0 oz,0.055,141.0,Cigar City Brewing Company,Tampa,FL
,,American Brown Ale,12.0 oz,0.055,141.0,Cigar City Brewing Company,Tampa,N/A
570.0,Hotter Than Helles Lager,Munich Helles Lager,12.0 oz,0.05,141.0,Cigar City Brewing Company,Tampa,?
569.0,Tocobaga Red Ale,?,12.0 oz,0.072,141.0,Cigar City Brewing Company,?,FL
546.0,Jai Alai IPA,American IPA,12.0 oz,0.075,N/A,Cigar City Brewing Company,Tampa,FL
545.0,Florida Cracker Belgian Wit,Witbier,12.0 oz,0.05,,Cigar City Brewing Company,Tampa,FL
2338.0,Shark Tracker Light lager,Light Lager,12.0 oz,0.048,?,Cisco Brewers,Nantucket,?
1365.0,Pumple Drumkin,Pumpkin Ale,12.0 oz,0.06,145.0,N/A,Nantucket,MA
1094.0,N/A,Witbier,?,0.045,145.0,Cisco Brewers,Nantucket,MA
657.0,Summer of Lager,Munich Helles Lager,missing,0.062,145.0,Cisco Brewers,Nantucket,MA
656.0,Indie Pale Ale,American IPA,12.0 oz,0.065,145.0,Cisco Brewers,,MA
NULL,Sankaty Light Lager,Light Lager,12.0 oz,0.038,145.0,NULL,Nantucket,MA
56.0,Whale's Tale Pale Ale,English Pale Ale,12.0 oz,0.056,145.0,Cisco Brewers,Nantucket,missing
1772.0,Jacaranada Rye IPA,American IPA,16.0 oz,0.067,missing,Claremont Craft Ales,Claremont,CA
1393.0,Cascadian Dark Ale,American Black Ale,12.0 oz,0.06,418.0,Coalition Brewing Company,Portland,OR
893.0,Wheat the People,American Pale Wheat Ale,16.0 oz,0.044,418.0,Coalition Brewing Company,Portland,OR
1407.0,Tybee Island Blonde,American Blonde Ale,12.0 oz,0.047,missing,Coastal Empire Beer Company,Savannah,GA
1406.0,Savannah Brown Ale,missing,12.0 oz,0.062,415.0,Coastal Empire Beer Company,Savannah,GA
,Rhode Island Blueberry,Kölsch,12.0 oz,0.046,101.0,Coastal Extreme Brewing Company,Newport,RI
2437.0,Newport Storm IPA,American IPA,12.0 oz,0.065,N/A,Coastal Extreme Brewing Company,Newport,RI
751.0,Hurricane Amber Ale (2004),American Amber / Red Ale,12.0 oz,0.052,101.0,Coastal Extreme Brewing Company,NULL,RI
120.0,NULL,American Amber / Red Ale,12.0 oz,0.052,101.0,N/A,Newport,RI
2061.0,Big Blue Van,Fruit / Vegetable Beer,16.0 oz,0.058,232.0,College Street Brewhouse and Pub,Lake Havasu City,AZ
970.0,?,American IPA,16.0 oz,0.068,482.0,Confluence Brewing Company,Des Moines,IA
969.0,Capital Gold Golden Lager,German Pilsener,16.0 oz,0.048,482.0,,Des Moines,IA
968.0,Farmer John's Multi-Grain Ale,American Blonde Ale,16.0 oz,0.056,482.0,Confluence Brewing Company,Des Moines,IA
2351.0,Behemoth,American Pilsner,,0.05,139.0,Core Brewing & Distilling Company,Springdale,AR
1650.0,Arkansas Red,American Amber / Red Ale,12.0 oz,0.052,139.0,Core Brewing & Distilling Company,Springdale,AR
1337.0,Core Oatmeal Stout,Oatmeal Stout,12.0 oz,,139.0,Core Brewing & Distilling Company,missing,AR
1336.0,Core ESB,Extra Special / Strong Bitter (ESB),12.0 oz,0.061,139.0,Core Brewing & Distilling Company,Springdale,AR
737.0,Chester's Beer (2005),American Pale Lager,12.0 oz,N/A,512.0,Cottrell Brewing,Pawcatuck,CT
129.0,Heiner Brau Kölsch,Kölsch,12.0 oz,0.05,553.0,Covington Brewhouse,Covington,LA
716.0,Trigger Blonde Ale,missing,16.0 oz,0.048,515.0,Crabtree Brewing Company,Greeley,CO
659.0,Crabtree Oatmeal Stout,Oatmeal Stout,NULL,missing,515.0,Crabtree Brewing Company,Greeley,CO
556.0,Eclipse Black IPA,American Black Ale,16.0 oz,0.077,515.0,Crabtree Brewing Company,Greeley,CO
N/A,Neomexicanus Native,American Pale Ale (APA),?,0.06,63.0,Crazy Mountain Brewing Company,Edwards,CO
2355.0,Old Soul,Belgian Strong Pale Ale,12.0 oz,0.075,63.0,Crazy Mountain Brewing Company,Edwards,CO
1689.0,Snowcat Coffee Stout,NULL,12.0 oz,0.059,63.0,Crazy Mountain Brewing Company,Edwards,CO
missing,WinterWonderGrass Festival Ale,American Amber / Red Ale,,nan (wait to be cleaned),,Crazy Mountain Brewing Company,Edwards,CO
940.0,N/A,American Amber / Red Ale,NULL,nan (wait to be cleaned),63.0,Crazy Mountain Brewing Company,Edwards,CO
685.0,,,12.0 oz,0.052,63.0,Crazy Mountain Brewing Company,N/A,CO
613.0,,American Pale Ale (APA),12.0 oz,,63.0,Crazy Mountain Brewing Company,Edwards,CO
356.0,Crazy Mountain Amber Ale,American Amber / Red Ale,12.0 oz,0.052,63.0,Crazy Mountain Brewing Company,Edwards,CO
2029.0,Tropicalia,missing,12.0 oz,0.065,247.0,Creature Comforts,Athens,GA
2028.0,Athena,Berliner Weissbier,12.0 oz,0.045,247.0,Creature Comforts,Athens,N/A
,Aviator Raspberry Blonde,American Blonde Ale,12.0 oz,0.049,169.0,Crooked Fence Brewing Company,Garden City,ID
1105.0,3 Picket Porter,American Porter,12.0 oz,0.055,169.0,Crooked Fence Brewing Company,NULL,ID
1104.0,Rusty Nail Pale Ale,American Pale Ale (APA),12.0 oz,0.056,169.0,Crooked Fence Brewing Company,Garden City,ID
,Red Water Irish Style Red,American Amber / Red Ale,12.0 oz,0.065,212.0,Crow Peak Brewing Company,Spearfish,SD
1804.0,missing,,12.0 oz,0.066,212.0,,Spearfish,NULL
1602.0,NULL,American Brown Ale,12.0 oz,0.055,212.0,Crow Peak Brewing Company,Spearfish,SD
1301.0,NULL,American Blonde Ale,12.0 oz,0.045,?,missing,Spearfish,?
542.0,Canyon Cream Ale,Cream Ale,12.0 oz,0.055,212.0,missing,Spearfish,SD
272.0,Pile O'Dirt Porter,American Porter,12.0 oz,0.069,NULL,Crow Peak Brewing Company,Spearfish,SD
271.0,11th Hour IPA,American IPA,12.0 oz,0.06,212.0,Crow Peak Brewing Company,,
1057.0,South Ridge Amber Ale,American Amber / Red Ale,16.0 oz,0.06,472.0,Crystal Springs Brewing Company,,CO
681.0,Summertime Ale,missing,16.0 oz,0.052,472.0,Crystal Springs Brewing Company,Boulder,CO
N/A,Lost River Blonde Ale,American Blonde Ale,16.0 oz,0.049,315.0,Cutters Brewing Company,?,IN
1788.0,Monon Wheat,Witbier,16.0 oz,0.054,315.0,Cutters Brewing Company,Avon,IN
1787.0,Floyd's Folly,NULL,16.0 oz,0.08,315.0,Cutters Brewing Company,Avon,IN
1786.0,Half Court IPA,American IPA,16.0 oz,NULL,315.0,Cutters Brewing Company,Avon,IN
,Geary's Pale Ale,,12.0 oz,0.045,323.0,D.L. Geary Brewing Company,Portland,ME
1311.0,Geary's Summer Ale,Kölsch,12.0 oz,0.06,N/A,D.L. Geary Brewing Company,Portland,ME
,Stone of Arbroath,Scotch Ale / Wee Heavy,missing,0.08,227.0,DC Brau Brewing Company,missing,DC
1809.0,The Tradition,American Blonde Ale,12.0 oz,0.05,227.0,DC Brau Brewing Company,Washington,DC
1263.0,NULL,Hefeweizen,12.0 oz,0.053,missing,DC Brau Brewing Company,Washington,DC
1092.0,Penn Quarter Porter,,12.0 oz,0.055,,DC Brau Brewing Company,Washington,DC
851.0,On the Wings of Armageddon,,12.0 oz,0.092,227.0,DC Brau Brewing Company,Washington,DC
186.0,The Corruption,American IPA,12.0 oz,0.065,,DC Brau Brewing Company,Washington,DC
185.0,The Citizen,Belgian Pale Ale,12.0 oz,0.07,227.0,DC Brau Brewing Company,,DC
184.0,The Public,American Pale Ale (APA),12.0 oz,,227.0,DC Brau Brewing Company,Washington,DC
1224.0,Dank IPA,American IPA,16.0 oz,?,451.0,Dad & Dude's Breweria,Aurora,CO
964.0,Dank IPA (2012),American IPA,16.0 oz,0.065,451.0,Dad & Dude's Breweria,Aurora,CO
1623.0,Lift Off IPA,American IPA,16.0 oz,N/A,358.0,Daredevil Brewing Company,Shelbyville,IN
110.0,BrewFarm Select Golden Lager,,12.0 oz,0.055,554.0,Dave's Brewfarm,Wilson,WI
1735.0,Sprocket Blonde Ale (2006),American Blonde Ale,12.0 oz,0.05,333.0,David's Ale Works,Diamond Springs,CA
,Sprocket Pale Ale (2006),American Pale Ale (APA),12.0 oz,,333.0,David's Ale Works,Diamond Springs,missing
1746.0,Dead Armadillo Amber Ale,American Amber / Red Ale,12.0 oz,0.063,330.0,Dead Armadillo Craft Brewing,Tulsa,
,Neato Bandito,Euro Pale Lager,12.0 oz,0.06,127.0,Deep Ellum Brewing Company,Dallas,TX
,Oak Cliff Coffee Ale,?,12.0 oz,0.075,127.0,Deep Ellum Brewing Company,Dallas,TX
2166.0,Dream Crusher Double IPA,American Double / Imperial IPA,12.0 oz,0.085,127.0,Deep Ellum Brewing Company,Dallas,TX
N/A,Deep Ellum Pale Ale,American Pale Ale (APA),12.0 oz,0.06,127.0,Deep Ellum Brewing Company,Dallas,TX
1203.0,Double Brown Stout,Baltic Porter,12.0 oz,0.07,127.0,Deep Ellum Brewing Company,Dallas,TX
1202.0,Farmhouse Wit,Saison / Farmhouse Ale,16.0 oz,0.048,127.0,,Dallas,TX
1161.0,Rye Pils Session Lager,German Pilsener,12.0 oz,0.046,127.0,Deep Ellum Brewing Company,Dallas,TX
946.0,?,American Blonde Ale,12.0 oz,0.052,127.0,Deep Ellum Brewing Company,Dallas,TX
943.0,NULL,American IPA,12.0 oz,0.07,127.0,Deep Ellum Brewing Company,Dallas,TX
1886.0,Thrasher Session India Pale Ale,American IPA,,,283.0,Defiance Brewing Company,Hays,KS
N/A,Gutch English Style Mild Ale,English Pale Mild Ale,12.0 oz,0.05,283.0,Defiance Brewing Company,Hays,N/A
1213.0,Chuli Stout,Irish Dry Stout,12.0 oz,0.059,453.0,Denali Brewing Company,Talkeetna,AK
1159.0,Mother Ale,American Blonde Ale,12.0 oz,0.056,453.0,?,Talkeetna,AK
947.0,Twister Creek India Pale Ale,American IPA,12.0 oz,0.065,453.0,Denali Brewing Company,Talkeetna,AK
929.0,Single Engine Red,Irish Red Ale,12.0 oz,0.058,453.0,Denali Brewing Company,Talkeetna,AK
1944.0,Incredible Pedal IPA,American IPA,12.0 oz,0.07,263.0,Denver Beer Company,Denver,CO
1943.0,Graham Cracker Porter,American Porter,12.0 oz,0.05,263.0,Denver Beer Company,Denver,CO
1210.0,Mirror Pond Pale Ale,American Pale Ale (APA),12.0 oz,0.05,missing,N/A,Bend,OR
2550.0,Weissenheimer,Hefeweizen,12.0 oz,0.052,57.0,Destihl Brewery,Bloomington,IL
2505.0,Abbey's Single (2015- ),Abbey Single Ale,12.0 oz,0.049,57.0,Destihl Brewery,Bloomington,IL
2025.0,Vertex IPA,American IPA,12.0 oz,0.063,,Destihl Brewery,Bloomington,IL
N/A,Here Gose Nothin',Gose,12.0 oz,0.05,57.0,Destihl Brewery,Bloomington,IL
missing,Strawberry Blonde,Fruit / Vegetable Beer,12.0 oz,0.05,57.0,Destihl Brewery,Bloomington,IL
1888.0,Hoperation Overload,American Double / Imperial IPA,12.0 oz,0.096,57.0,Destihl Brewery,Bloomington,IL
1887.0,Abbey's Single Ale (Current),Abbey Single Ale,12.0 oz,0.049,57.0,Destihl Brewery,N/A,
2051.0,Bravo Four Point,American Pale Ale (APA),12.0 oz,0.044,237.0,Devil's Backbone Brewing Company,Lexington,VA
1201.0,Striped Bass Pale Ale,American Pale Ale (APA),12.0 oz,0.052,237.0,Devil's Backbone Brewing Company,Lexington,missing
924.0,missing,American Amber / Red Ale,16.0 oz,0.054,491.0,missing,,CA
731.0,Kaleidoscope Collaboration 2012,American Black Ale,16.0 oz,nan (wait to be cleaned),491.0,N/A,Belmont,CA
730.0,NULL,American IPA,16.0 oz,0.071,,Devil's Canyon Brewery,Belmont,CA
647.0,,Scotch Ale / Wee Heavy,16.0 oz,,491.0,,Belmont,CA
1773.0,missing,American Pale Ale (APA),,0.045,319.0,Dick's Brewing Company,Centralia,WA
?,Filthy Hoppin' IPA,American IPA,16.0 oz,,311.0,Dirty Bucket Brewing Company,Woodinville,WA
944.0,Dock Street Amber Beer (1992),American Amber / Red Ale,12.0 oz,nan (wait to be cleaned),missing,Dock Street Brewery,Philadelphia,PA
524.0,Dolores River Hefeweizen,Hefeweizen,16.0 oz,nan (wait to be cleaned),531.0,NULL,Dolores,CO
450.0,Dolores River ESB,Extra Special / Strong Bitter (ESB),16.0 oz,NULL,531.0,Dolores River Brewery,Dolores,CO
449.0,Snaggletooth Double Pale Ale,American Double / Imperial IPA,16.0 oz,nan (wait to be cleaned),?,N/A,Dolores,CO
missing,Dolores River Pale Ale,American Pale Ale (APA),16.0 oz,nan (wait to be cleaned),531.0,Dolores River Brewery,Dolores,CO
,Dolores River Dry Stout,Irish Dry Stout,16.0 oz,nan (wait to be cleaned),531.0,Dolores River Brewery,Dolores,CO
446.0,Dolores River Mild,English Dark Mild Ale,16.0 oz,nan (wait to be cleaned),531.0,Dolores River Brewery,Dolores,CO
1246.0,Cranberry Blend,N/A,NULL,0.049,446.0,Downeast Cider House,,MA
977.0,Orignal Blend,Cider,12.0 oz,0.051,446.0,missing,Leominster,MA
881.0,Hop Abomination,American IPA,12.0 oz,0.066,496.0,Dry Dock Brewing Company,Aurora,CO
880.0,Apricot Blonde,Fruit / Vegetable Beer,12.0 oz,0.051,496.0,Dry Dock Brewing Company,Aurora,missing
N/A,Dry Dock Hefeweizen,Hefeweizen,12.0 oz,0.043,496.0,Dry Dock Brewing Company,Aurora,CO
871.0,Dry Dock Amber Ale,American Amber / Red Ale,12.0 oz,0.058,496.0,Dry Dock Brewing Company,Aurora,CO
1685.0,Category 3 IPA,American IPA,12.0 oz,missing,340.0,Due South Brewing Company,Boynton Beach,FL
457.0,Dundee Summer Wheat Beer,American Pale Wheat Ale,,0.045,538.0,Dundee Brewing Company,Rochester,NY
1590.0,Pumpkin Patch Ale,Pumpkin Ale,16.0 oz,0.05,369.0,Eddyline Brewery & Restaurant,,CO
1382.0,Crank Yanker IPA,American IPA,,,369.0,Eddyline Brewery & Restaurant,Buena Vista,CO
1110.0,River Runners Pale Ale,American Pale Ale (APA),,0.06,369.0,Eddyline Brewery & Restaurant,NULL,CO
,Pumpkin Patch Ale (2012),Pumpkin Ale,16.0 oz,0.05,369.0,Eddyline Brewery & Restaurant,Buena Vista,CO
911.0,Mountain Fairy Raspberry Wheat,Fruit / Vegetable Beer,16.0 oz,0.055,369.0,Eddyline Brewery & Restaurant,Buena Vista,CO
680.0,Boater Beer,German Pilsener,16.0 oz,0.045,NULL,Eddyline Brewery & Restaurant,Buena Vista,CO
395.0,missing,?,16.0 oz,0.078,369.0,Eddyline Brewery & Restaurant,Buena Vista,CO
1642.0,Bleeding Buckeye Red Ale,Extra Special / Strong Bitter (ESB),16.0 oz,0.057,missing,Elevator Brewing Company,Columbus,OH
673.0,Dottie Seattle Lager,,16.0 oz,0.049,516.0,Emerald City Beer Company,Seattle,WA
1107.0,N/A,N/A,12.0 oz,0.07,465.0,Engine 15 Brewing,Jacksonville Beach,FL
N/A,Underachiever,American Adjunct Lager,16.0 oz,0.05,missing,Engine House 9,Tacoma,WA
2477.0,Lil' Brainless Raspberries,Fruit / Vegetable Beer,12.0 oz,?,81.0,Epic Brewing,Denver,CO
2008.0,NULL,American Pale Ale (APA),12.0 oz,0.052,81.0,Epic Brewing,Denver,CO
2004.0,Hop Syndrome,American Pale Lager,12.0 oz,0.05,81.0,Epic Brewing,Denver,CO
2003.0,Escape to Colorado,American IPA,12.0 oz,0.062,81.0,Epic Brewing,Denver,missing
NULL,Little Sister India Style Session Ale,missing,NULL,0.043,170.0,Everybody's Brewing,White Salmon,WA
1504.0,Country Boy IPA,American IPA,12.0 oz,0.062,170.0,Everybody's Brewing,White Salmon,WA
2604.0,missing,American Blonde Ale,16.0 oz,0.049,26.0,Evil Czech Brewery,Mishawaka,IN
2432.0,White Reaper,Belgian IPA,16.0 oz,0.07,26.0,Evil Czech Brewery,Mishawaka,IN
2431.0,,American Pale Wheat Ale,16.0 oz,0.051,26.0,Evil Czech Brewery,Mishawaka,IN
2430.0,Lucky Dog,American Pale Ale (APA),16.0 oz,0.052,?,Evil Czech Brewery,,NULL
2429.0,Voodoo,?,16.0 oz,0.048,26.0,Evil Czech Brewery,Mishawaka,
1967.0,General George Patton Pilsner,Czech Pilsener,16.0 oz,?,missing,Evil Czech Brewery,Mishawaka,IN
2283.0,N/A,Berliner Weissbier,12.0 oz,0.04,173.0,missing,?,NY
2248.0,Molotov Lite,American Double / Imperial IPA,16.0 oz,0.085,173.0,Evil Twin Brewing,Brooklyn,NY
1287.0,Hipster Ale (Two Roads Brewing),NULL,12.0 oz,0.055,173.0,Evil Twin Brewing,Brooklyn,
1286.0,Bikini Beer,American IPA,12.0 oz,0.027,missing,?,Brooklyn,
NULL,Hipster Ale (Westbrook Brewing),N/A,12.0 oz,0.055,173.0,Evil Twin Brewing,Brooklyn,NY
1722.0,Iron Horse Pale Ale,American Pale Ale (APA),12.0 oz,0.05,N/A,Fargo Brewing Company,Fargo,ND
1435.0,Stone's Throw IPA,missing,12.0 oz,0.045,335.0,missing,Fargo,ND
1434.0,Wood Chipper India Pale Ale,American IPA,12.0 oz,0.067,335.0,Fargo Brewing Company,Fargo,ND
NULL,Trail Head,American Pale Ale (APA),12.0 oz,0.063,224.0,,Middleburg Heights,NULL
2088.0,Hop Stalker Fresh Hop IPA,,16.0 oz,0.07,224.0,Fat Head's Brewery,Middleburg Heights,
1455.0,Sudice American Stout,missing,16.0 oz,0.07,405.0,Fate Brewing Company,?,N/A
1454.0,Parcae Belgian Style Pale Ale,Belgian Pale Ale,16.0 oz,0.05,405.0,Fate Brewing Company,Boulder,CO
1453.0,Norns Roggenbier,Roggenbier,16.0 oz,0.05,405.0,Fate Brewing Company,Boulder,
1452.0,Laimas Kölsch Style Ale,,missing,0.05,405.0,Fate Brewing Company,Boulder,CO
1451.0,Moirai India Pale Ale,American IPA,16.0 oz,0.07,405.0,Fate Brewing Company,Boulder,CO
2191.0,Loki Red Ale,,16.0 oz,0.075,201.0,Fearless Brewing Company,Estacada,OR
1731.0,Peaches & Cream,Fruit / Vegetable Beer,16.0 oz,0.046,201.0,Fearless Brewing Company,NULL,OR
1022.0,Quaff India Style Session Ale,American IPA,16.0 oz,0.051,201.0,Fearless Brewing Company,Estacada,OR
895.0,Loki Red Ale (2013),American Amber / Red Ale,16.0 oz,missing,201.0,?,,
682.0,Mjolnir Imperial IPA,American Double / Imperial IPA,16.0 oz,0.069,201.0,Fearless Brewing Company,NULL,OR
112.0,Fearless Scottish Ale,Scottish Ale,16.0 oz,0.05,201.0,Fearless Brewing Company,Estacada,OR
2289.0,,American Double / Imperial IPA,12.0 oz,0.081,172.0,Fiddlehead Brewing Company,Shelburne,VT
2027.0,Hyzer Flip,NULL,16.0 oz,0.082,172.0,Fiddlehead Brewing Company,Shelburne,VT
1929.0,Second Fiddle,American Double / Imperial IPA,16.0 oz,0.082,172.0,Fiddlehead Brewing Company,Shelburne,
1858.0,Hodad Porter,American Porter,16.0 oz,0.055,172.0,Fiddlehead Brewing Company,Shelburne,VT
2591.0,Weiss Weiss Baby,N/A,?,0.045,?,Figueroa Mountain Brewing Company,Buellton,NULL
2590.0,Czech Yo Self,,12.0 oz,0.055,36.0,Figueroa Mountain Brewing Company,Buellton,CA
1968.0,FMB 101,Kölsch,12.0 oz,0.048,36.0,Figueroa Mountain Brewing Company,Buellton,
1981.0,Hardcore Chimera,American Double / Imperial IPA,16.0 oz,0.09,256.0,Finch's Beer Company,Chicago,IL
1664.0,Sobek & Set,American Black Ale,16.0 oz,0.08,?,Finch's Beer Company,Chicago,N/A
1663.0,Nuclear Winter,N/A,16.0 oz,0.086,,Finch's Beer Company,Chicago,IL
1662.0,Wet Hot American Wheat Ale,American Pale Wheat Ale,?,0.05,256.0,Finch's Beer Company,Chicago,IL
,Secret Stache Stout,missing,16.0 oz,0.053,256.0,Finch's Beer Company,Chicago,IL
935.0,Fascist Pig Ale,,16.0 oz,0.08,256.0,Finch's Beer Company,Chicago,?
809.0,?,American Pale Ale (APA),16.0 oz,0.055,256.0,Finch's Beer Company,missing,IL
481.0,Threadless IPA,American IPA,16.0 oz,0.075,256.0,NULL,Chicago,IL
351.0,Cut Throat Pale Ale (2011),American Pale Ale (APA),16.0 oz,0.055,256.0,Finch's Beer Company,Chicago,IL
350.0,Golden Wing Blonde Ale,American Blonde Ale,16.0 oz,0.047,,Finch's Beer Company,Chicago,IL
2569.0,Easy Jack,American IPA,12.0 oz,0.045,,Firestone Walker Brewing Company,Paso Robles,
2463.0,Union Jack,American IPA,,0.075,48.0,Firestone Walker Brewing Company,Paso Robles,CA
?,Pivo Pils,,12.0 oz,0.053,48.0,,Paso Robles,CA
?,805 Blonde Ale,American Blonde Ale,12.0 oz,0.047,48.0,Firestone Walker Brewing Company,?,CA
1733.0,?,American Blonde Ale,12.0 oz,0.047,48.0,Firestone Walker Brewing Company,N/A,?
NULL,Deflator,Doppelbock,16.0 oz,0.065,16.0,Flat 12 Bierwerks,Indianapolis,IN
2284.0,Hinchtown Hammer Down,American Blonde Ale,16.0 oz,0.05,,,Indianapolis,IN
1610.0,Half Cycle IPA,American IPA,16.0 oz,0.06,16.0,Flat 12 Bierwerks,Indianapolis,IN
520.0,Inclined Plane Ale,American IPA,12.0 oz,N/A,532.0,Flat Rock Brewing Company,Smithton,PA
2554.0,Moped Traveler,American Pale Ale (APA),NULL,0.055,54.0,Flesk Brewing Company,Lombard,IL
608.0,Snake Dog IPA,American IPA,12.0 oz,?,521.0,Flying Dog Brewery,Frederick,MD
607.0,Underdog Atlantic Lager,?,12.0 oz,0.047,,Flying Dog Brewery,Frederick,MD
2567.0,Flying Mouse 8,American Porter,12.0 oz,0.04,50.0,N/A,Troutville,VA
2566.0,missing,American IPA,12.0 oz,0.07,50.0,Flying Mouse Brewery,NULL,VA
1899.0,N/A,Saison / Farmhouse Ale,12.0 oz,0.078,279.0,Foolproof Brewing Company,Pawtucket,?
983.0,Backyahd IPA,American IPA,12.0 oz,0.06,279.0,Foolproof Brewing Company,N/A,RI
982.0,Raincloud Robust Porter,American Porter,N/A,0.065,279.0,Foolproof Brewing Company,N/A,RI
981.0,Barstool American Golden Ale,?,12.0 oz,0.045,279.0,Foolproof Brewing Company,missing,missing
2111.0,?,,12.0 oz,0.05,217.0,Forgotten Boardwalk,Cherry Hill,NJ
2110.0,1916 Shore Shiver,American IPA,12.0 oz,0.069,217.0,Forgotten Boardwalk,Cherry Hill,NJ
2172.0,Quick WIT,Belgian Pale Ale,missing,0.052,206.0,Fort George Brewery,Astoria,OR
2171.0,The Optimist,American IPA,12.0 oz,0.062,206.0,Fort George Brewery,Astoria,OR
1911.0,NULL,American IPA,16.0 oz,0.045,206.0,Fort George Brewery,Astoria,OR
1803.0,Java the Hop,,16.0 oz,0.065,206.0,N/A,Astoria,OR
1566.0,Next Adventure Black IPA,American Black Ale,?,0.062,N/A,Fort George Brewery,Astoria,OR
1515.0,3-Way IPA (2013),N/A,16.0 oz,0.067,206.0,Fort George Brewery,Astoria,OR
1214.0,Tender Loving Empire NWPA,?,16.0 oz,0.058,206.0,Fort George Brewery,Astoria,OR
674.0,Quick Wit Belgianesque Ale,Witbier,,,206.0,Fort George Brewery,Astoria,N/A
562.0,Sunrise Oatmeal Pale Ale,American Pale Ale (APA),16.0 oz,0.055,206.0,Fort George Brewery,Astoria,OR
missing,Cavatica Stout,American Double / Imperial Stout,missing,0.088,206.0,Fort George Brewery,Astoria,OR
319.0,1811 Lager,,16.0 oz,,206.0,Fort George Brewery,Astoria,OR
318.0,Vortex IPA,American IPA,16.0 oz,0.074,206.0,Fort George Brewery,N/A,OR
,,American Amber / Red Ale,12.0 oz,NULL,151.0,Fort Pitt Brewing Company,Latrobe,PA
2661.0,Park,American Pale Wheat Ale,12.0 oz,0.047,4.0,Fort Point Beer Company,,
2660.0,Westfalia,American Amber / Red Ale,12.0 oz,0.056,4.0,Fort Point Beer Company,San Francisco,CA
2659.0,KSA,Kölsch,12.0 oz,0.046,,Fort Point Beer Company,San Francisco,CA
2658.0,Villager,,12.0 oz,0.063,,Fort Point Beer Company,San Francisco,CA
2625.0,Dirty Bastard,Scotch Ale / Wee Heavy,12.0 oz,0.085,15.0,Founders Brewing Company,Grand Rapids,MI
1565.0,Centennial IPA,American IPA,12.0 oz,0.072,15.0,Founders Brewing Company,Grand Rapids,MI
N/A,All Day IPA,American IPA,12.0 oz,,NULL,Founders Brewing Company,Grand Rapids,MI
1874.0,El Chingon IPA,American IPA,12.0 oz,0.076,missing,Four Corners Brewing Company,Dallas,TX
1873.0,Block Party Robust Porter,American Porter,12.0 oz,0.057,287.0,Four Corners Brewing Company,Dallas,TX
1872.0,NULL,American Blonde Ale,missing,0.052,287.0,Four Corners Brewing Company,Dallas,TX
2613.0,missing,Oatmeal Stout,16.0 oz,0.055,22.0,Four Fathers Brewing,Valparaiso,IN
2612.0,Father's Beer,Belgian Pale Ale,16.0 oz,0.05,22.0,Four Fathers Brewing,?,IN
N/A,The 26th,American IPA,16.0 oz,,22.0,Four Fathers Brewing,Valparaiso,IN
2610.0,The Gadget,American IPA,16.0 oz,0.064,22.0,Four Fathers Brewing,Valparaiso,IN
1657.0,Leprechaun Lager,American Pale Lager,12.0 oz,0.04,348.0,Four Horsemen Brewing Company,South Bend,IN
2309.0,missing,Kölsch,12.0 oz,0.052,160.0,Four Peaks Brewing Company,Tempe,
missing,Kilt Lifter Scottish-Style Ale,nan (wait to be cleaned),12.0 oz,,,Four Peaks Brewing Company,Tempe,N/A
1616.0,Pumpkin Porter,American Porter,12.0 oz,0.051,160.0,Four Peaks Brewing Company,Tempe,AZ
1585.0,Four Peaks Peach Ale,Fruit / Vegetable Beer,12.0 oz,0.042,N/A,Four Peaks Brewing Company,Tempe,AZ
NULL,Hop Knot IPA,American IPA,12.0 oz,0.067,160.0,Four Peaks Brewing Company,?,AZ
179.0,Kilt Lifter Scottish-Style Ale (2009),Scottish Ale,12.0 oz,0.06,160.0,,Tempe,AZ
178.0,Sunbru Kölsch,Kölsch,12.0 oz,0.052,160.0,missing,Tempe,AZ
2428.0,Four String Vanilla Porter,American Porter,12.0 oz,0.06,105.0,Four String Brewing Company,Columbus,OH
2427.0,?,American Pale Wheat Ale,12.0 oz,missing,105.0,Four String Brewing Company,Columbus,OH
2425.0,Brass Knuckle Pale Ale,American Pale Ale (APA),12.0 oz,0.057,105.0,missing,Columbus,OH
2424.0,Big Star White IPA,American White IPA,,0.07,105.0,Four String Brewing Company,Columbus,
1998.0,Old Detroit,American Amber / Red Ale,12.0 oz,0.056,253.0,Frankenmuth Brewery,Frankenmuth,MI
1556.0,Batch 69 IPA,American IPA,12.0 oz,0.069,253.0,,Frankenmuth,missing
1208.0,Twisted Helles Summer Lager,missing,12.0 oz,0.055,253.0,Frankenmuth Brewery,Frankenmuth,MI
2527.0,NULL,NULL,12.0 oz,0.053,66.0,NULL,San Antonio,TX
2526.0,Texicali,American Brown Ale,12.0 oz,0.065,66.0,Freetail Brewing Company,,TX
,Pinata Protest,Witbier,,,66.0,missing,San Antonio,TX
2524.0,Bat Outta Helles,Munich Helles Lager,missing,N/A,66.0,Freetail Brewing Company,San Antonio,TX
2523.0,Original,,12.0 oz,NULL,66.0,Freetail Brewing Company,San Antonio,TX
2522.0,Rye Wit,Witbier,12.0 oz,0.042,NULL,Freetail Brewing Company,San Antonio,TX
2521.0,Soul Doubt,American IPA,NULL,0.059,66.0,Freetail Brewing Company,San Antonio,TX
2520.0,Yo Soy Un Berliner,Berliner Weissbier,12.0 oz,0.044,66.0,Freetail Brewing Company,San Antonio,TX
1174.0,N/A,American IPA,12.0 oz,0.04,460.0,Fremont Brewing Company,Seattle,WA
1116.0,Fremont Organic Pale Ale,American Pale Ale (APA),12.0 oz,0.045,460.0,Fremont Brewing Company,Seattle,
994.0,Abominable Ale,English Strong Ale,12.0 oz,0.08,460.0,?,Seattle,WA
901.0,Harvest Ale,Saison / Farmhouse Ale,NULL,0.065,460.0,NULL,Seattle,WA
875.0,Fremont Summer Ale,N/A,12.0 oz,0.065,460.0,missing,Seattle,WA
858.0,Universale Pale Ale,American Pale Ale (APA),12.0 oz,0.056,460.0,Fremont Brewing Company,Seattle,WA
857.0,Interurban IPA,American IPA,12.0 oz,0.065,460.0,Fremont Brewing Company,Seattle,WA
1300.0,Gateway Kolsch Style Ale,Kölsch,12.0 oz,0.053,433.0,French Broad Brewery,Asheville,NC
1260.0,,Scotch Ale / Wee Heavy,12.0 oz,0.07,433.0,French Broad Brewery,Asheville,NC
1259.0,13 Rebels ESB,Extra Special / Strong Bitter (ESB),12.0 oz,0.052,433.0,French Broad Brewery,Asheville,NC
2254.0,Salamander Slam,American IPA,16.0 oz,,180.0,?,Waynesville,NC
,,American Pale Ale (APA),12.0 oz,0.05,?,,Durham,NC
2077.0,No Wake IPA,American IPA,12.0 oz,0.072,228.0,Geneva Lake Brewing Company,Lake Geneva,WI
2076.0,Boathouse Blonde,American Blonde Ale,,0.049,228.0,Geneva Lake Brewing Company,Lake Geneva,WI
2075.0,Cedar Point,American Amber / Red Ale,12.0 oz,0.05,228.0,Geneva Lake Brewing Company,Lake Geneva,WI
2426.0,Clean Shave IPA,American IPA,12.0 oz,0.067,NULL,Glabrous Brewing Company,Pineland,ME
2045.0,Might As Well IPL,American Pale Lager,16.0 oz,,240.0,Golden Road Brewing,N/A,CA
1960.0,Saison Pamplemousse,Saison / Farmhouse Ale,12.0 oz,0.058,missing,?,Los Angeles,CA
1777.0,2020 IPA,American IPA,16.0 oz,?,240.0,Golden Road Brewing,Los Angeles,CA
1698.0,Wolf Among Weeds IPA,American IPA,16.0 oz,0.08,240.0,Golden Road Brewing,Los Angeles,CA
1641.0,Better Weather IPA,American IPA,16.0 oz,0.094,240.0,Golden Road Brewing,Los Angeles,CA
1490.0,Point the Way IPA,,16.0 oz,0.059,240.0,?,Los Angeles,CA
1489.0,Golden Road Hefeweizen,Hefeweizen,16.0 oz,0.046,240.0,Golden Road Brewing,Los Angeles,CA
1399.0,Heal the Bay IPA,American IPA,NULL,0.068,240.0,Golden Road Brewing,Los Angeles,CA
1296.0,Point the Way IPA,American IPA,12.0 oz,missing,240.0,Golden Road Brewing,Los Angeles,CA
?,Cabrillo Kölsch,Kölsch,N/A,0.05,240.0,,Los Angeles,CA
missing,Get Up Offa That Brown,,16.0 oz,,240.0,Golden Road Brewing,Los Angeles,CA
750.0,Burning Bush Smoked IPA,American IPA,16.0 oz,0.08,240.0,Golden Road Brewing,Los Angeles,CA
749.0,Wolf Among Weeds IPA (2012),American IPA,16.0 oz,0.08,240.0,Golden Road Brewing,missing,
549.0,Point the Way IPA (2012),American IPA,16.0 oz,0.059,240.0,NULL,Los Angeles,CA
548.0,Golden Road Hefeweizen (2012),Hefeweizen,16.0 oz,,missing,Golden Road Brewing,?,CA
2587.0,Vanilla Porter,American Porter,16.0 oz,0.07,39.0,Gonzo's BiggDogg Brewing,Kalamazoo,MI
1109.0,Descender IPA,American IPA,12.0 oz,0.07,464.0,Good Life Brewing Company,Bend,OR
1108.0,Sweet As Pacific Ale,American Pale Wheat Ale,12.0 oz,missing,464.0,Good Life Brewing Company,Bend,
1000.0,N/A,American Pale Ale (APA),N/A,0.056,478.0,?,Birmingham,AL
312.0,Snake Handler Double IPA,American Double / Imperial IPA,N/A,0.093,478.0,Good People Brewing Company,,
311.0,,Oatmeal Stout,12.0 oz,0.06,478.0,,Birmingham,AL
309.0,Good People IPA,American IPA,12.0 oz,0.06,478.0,Good People Brewing Company,Birmingham,AL
,,American Brown Ale,12.0 oz,0.058,478.0,Good People Brewing Company,Birmingham,AL
2205.0,Mountain Rescue Pale Ale,American Pale Ale (APA),12.0 oz,0.055,194.0,Goodlife Brewing Co.,Bend,OR
2198.0,Goose Island India Pale Ale,American IPA,12.0 oz,,,Goose Island Brewery Company,Chicago,?
2457.0,312 Urban Pale Ale,American Pale Ale (APA),16.0 oz,0.054,88.0,Goose Island Brewing Company,Chicago,IL
2202.0,312 Urban Pale Ale,American Pale Ale (APA),?,0.054,88.0,Goose Island Brewing Company,Chicago,N/A
2201.0,N/A,American Pale Wheat Ale,16.0 oz,0.042,,Goose Island Brewing Company,Chicago,IL
1829.0,312 Urban Wheat Ale,?,12.0 oz,0.042,88.0,Goose Island Brewing Company,Chicago,IL
,312 Urban Wheat Ale (2012),American Pale Wheat Ale,12.0 oz,0.042,88.0,Goose Island Brewing Company,Chicago,IL
1383.0,Beaver Logger,American Pale Lager,12.0 oz,0.052,420.0,Gore Range Brewery,Edwards,CO
477.0,White Water Wheat,American Pale Wheat Ale,12.0 oz,0.05,536.0,Grand Canyon Brewing Company,Williams,AZ
476.0,Grand Canyon American Pilsner,American Pilsner,12.0 oz,0.052,536.0,Grand Canyon Brewing Company,Williams,AZ
,Grand Canyon Sunset Amber Ale,American Amber / Red Ale,12.0 oz,0.054,missing,,Williams,AZ
142.0,Black Iron India Pale Ale,American IPA,12.0 oz,nan (wait to be cleaned),missing,Grand Canyon Brewing Company,Williams,AZ
2129.0,Monarch Classic American Wheat,American Pale Wheat Ale,12.0 oz,0.043,213.0,Grapevine Craft Brewery,Farmers Branch,TX
2127.0,Sir William's English Brown Ale,English Brown Ale,12.0 oz,0.049,213.0,Grapevine Craft Brewery,Farmers Branch,TX
2126.0,Lakefire Rye Pale Ale,American Pale Ale (APA),12.0 oz,0.055,213.0,Grapevine Craft Brewery,Farmers Branch,TX
2303.0,Beer Agent Re-Ignition,American Blonde Ale,16.0 oz,0.053,165.0,Great Crescent Brewery,Aurora,IN
1990.0,Cherry Ale,Fruit / Vegetable Beer,16.0 oz,0.057,165.0,N/A,Aurora,IN
1702.0,Bourbon Barrel Aged Coconut Porter,American Porter,N/A,missing,165.0,Great Crescent Brewery,?,IN
1701.0,Great Crescent IPA,American IPA,NULL,0.062,165.0,NULL,Aurora,IN
,Aurora Lager,Dortmunder / Export Lager,16.0 oz,0.057,165.0,Great Crescent Brewery,Aurora,IN
missing,Great Crescent Blonde Ale,American Blonde Ale,16.0 oz,,165.0,Great Crescent Brewery,Aurora,IN
1269.0,Great Crescent Coconut Porter,American Porter,16.0 oz,0.056,165.0,missing,Aurora,?
NULL,?,Märzen / Oktoberfest,16.0 oz,0.057,165.0,Great Crescent Brewery,Aurora,IN
,?,missing,missing,0.045,165.0,Great Crescent Brewery,N/A,IN
639.0,Cherry Ale (1),Fruit / Vegetable Beer,,0.057,165.0,Great Crescent Brewery,Aurora,IN
626.0,Aurora Lager (2011),Dortmunder / Export Lager,16.0 oz,0.057,165.0,Great Crescent Brewery,Aurora,IN
615.0,Frosted Fields Winter Wheat,American Dark Wheat Ale,16.0 oz,0.06,165.0,Great Crescent Brewery,NULL,IN
478.0,Great Crescent Belgian Style Wit,Witbier,16.0 oz,0.051,165.0,missing,Aurora,IN
NULL,Bourbon's Barrel Stout,American Stout,16.0 oz,0.075,165.0,Great Crescent Brewery,Aurora,IN
N/A,Great Crescent Stout,English Stout,16.0 oz,0.08,?,Great Crescent Brewery,?,IN
441.0,Great Crescent Coconut Porter (2012),American Porter,16.0 oz,0.056,165.0,Great Crescent Brewery,Aurora,IN
440.0,Great Crescent Dark Lager,Euro Dark Lager,16.0 oz,0.057,165.0,Great Crescent Brewery,Aurora,IN
439.0,Great Crescent Mild Ale,English Dark Mild Ale,16.0 oz,?,missing,Great Crescent Brewery,Aurora,IN
436.0,Great Crescent IPA (2011),American IPA,16.0 oz,0.062,165.0,Great Crescent Brewery,Aurora,
389.0,Great Crescent Blonde Ale (2011),American Blonde Ale,16.0 oz,0.053,165.0,Great Crescent Brewery,Aurora,IN
2650.0,Denver Pale Ale (Artist Series No. 1),American Pale Ale (APA),12.0 oz,0.05,6.0,Great Divide Brewing Company,Denver,CO
2649.0,Hibernation Ale,Old Ale,12.0 oz,0.087,6.0,Great Divide Brewing Company,Denver,CO
2648.0,Whitewater,American Pale Wheat Ale,12.0 oz,0.061,6.0,Great Divide Brewing Company,Denver,CO
2647.0,Rumble,,12.0 oz,0.071,6.0,Great Divide Brewing Company,Denver,CO
N/A,Orabelle,Tripel,12.0 oz,0.083,6.0,Great Divide Brewing Company,Denver,?
,Lasso,American IPA,12.0 oz,0.05,6.0,Great Divide Brewing Company,Denver,CO
2644.0,Yeti  Imperial Stout,Russian Imperial Stout,12.0 oz,?,6.0,Great Divide Brewing Company,Denver,CO
2643.0,missing,Saison / Farmhouse Ale,12.0 oz,0.073,N/A,Great Divide Brewing Company,Denver,CO
2642.0,Titan IPA,American IPA,12.0 oz,missing,6.0,Great Divide Brewing Company,Denver,CO
404.0,Black Star Double Hopped Golden Lager (24 oz.),American Pale Lager,24.0 oz,NULL,543.0,Great Northern Brewing Company,Whitefish,MT
164.0,Black Star Double Hopped Golden Lager (12 oz.),American Pale Lager,12.0 oz,N/A,543.0,Great Northern Brewing Company,Whitefish,MT
N/A,Commotion APA,missing,12.0 oz,0.052,269.0,N/A,Shreveport,LA
1922.0,?,American Pale Lager,12.0 oz,0.052,?,Great Raft Brewing Company,Shreveport,LA
1604.0,Chickawawa Lemonale,Fruit / Vegetable Beer,12.0 oz,0.05,,Great River Brewery,Davenport,IA
1574.0,Barrel Aged Farmer,American Brown Ale,16.0 oz,0.07,365.0,Great River Brewery,Davenport,IA
?,Great River Golden Ale,American Blonde Ale,12.0 oz,0.048,365.0,,Davenport,IA
NULL,Dirty Blonde Chocolate Ale,American Blonde Ale,12.0 oz,0.048,365.0,Great River Brewery,Davenport,IA
1244.0,Dos Pistolas,Vienna Lager,12.0 oz,0.048,365.0,Great River Brewery,Davenport,IA
1064.0,Owney Irish Style Red Ale,Irish Red Ale,16.0 oz,0.05,365.0,Great River Brewery,Davenport,IA
1028.0,Aaah Bock Lager,Vienna Lager,16.0 oz,0.06,365.0,Great River Brewery,Davenport,NULL
,Widespread Wit,Witbier,,0.055,365.0,Great River Brewery,Davenport,IA
864.0,Roller Dam Red Ale,Irish Red Ale,16.0 oz,0.054,365.0,Great River Brewery,NULL,IA
863.0,483 Pale Ale,American Pale Ale (APA),16.0 oz,0.053,365.0,Great River Brewery,Davenport,?
672.0,Hop A Potamus Double Dark Rye Pale Ale,Rye Beer,16.0 oz,0.09,365.0,Great River Brewery,Davenport,IA
655.0,Farmer Brown Ale,American Brown Ale,16.0 oz,0.07,365.0,Great River Brewery,Davenport,IA
,Big Cock IPA,American IPA,16.0 oz,0.07,365.0,Great River Brewery,missing,IA
539.0,Oktoberfest,Märzen / Oktoberfest,16.0 oz,0.059,365.0,Great River Brewery,,missing
N/A,40th Annual Bix Street Fest Copper Ale (Current),American Amber / Red Ale,16.0 oz,,365.0,Great River Brewery,Davenport,IA
371.0,Redband Stout,American Stout,16.0 oz,0.06,365.0,Great River Brewery,Davenport,missing
190.0,483 Pale Ale (2010),American Pale Ale (APA),16.0 oz,0.053,365.0,Great River Brewery,Davenport,IA
189.0,Roller Dam Red Ale (2010),Irish Red Ale,16.0 oz,0.054,365.0,Great River Brewery,Davenport,
1106.0,missing,American Pale Ale (APA),,,466.0,Green Room Brewing,Jacksonville,FL
2314.0,Wild Trail Pale Ale,American Pale Ale (APA),12.0 oz,0.057,156.0,Greenbrier Valley Brewing Company,N/A,WV
2313.0,Mothman Black IPA,American Black Ale,12.0 oz,0.067,156.0,?,Lewisburg,WV
2461.0,Autumn Winds Fest Beer,Märzen / Oktoberfest,16.0 oz,0.058,86.0,Grey Sail Brewing Company,Westerly,RI
2044.0,N/A,American Double / Imperial IPA,12.0 oz,0.085,86.0,Grey Sail Brewing Company,NULL,RI
1567.0,Autumn Winds,Märzen / Oktoberfest,NULL,0.058,,Grey Sail Brewing of Rhode Island,Westerly,RI
1505.0,Flying Jenny Extra Pale Ale,American Pale Ale (APA),12.0 oz,0.06,379.0,Grey Sail Brewing of Rhode Island,,RI
1186.0,Hazy Day Belgian-Style Wit,missing,16.0 oz,0.04,379.0,Grey Sail Brewing of Rhode Island,Westerly,RI
1185.0,Bring Back the Beach Blonde Ale,American Blonde Ale,16.0 oz,0.055,379.0,NULL,Westerly,RI
984.0,NULL,American Porter,16.0 oz,0.06,379.0,Grey Sail Brewing of Rhode Island,Westerly,RI
693.0,Flying Jenny Extra Pale Ale (2012),American Pale Ale (APA),12.0 oz,0.06,379.0,Grey Sail Brewing of Rhode Island,Westerly,RI
NULL,Flagship Ale,Cream Ale,12.0 oz,,379.0,Grey Sail Brewing of Rhode Island,Westerly,RI
2375.0,Mr. Blue Sky,American Pale Wheat Ale,?,0.045,124.0,Griffin Claw Brewing Company,NULL,MI
2143.0,3 Scrooges,Winter Warmer,16.0 oz,0.065,124.0,Griffin Claw Brewing Company,Birmingham,MI
2142.0,Screamin�?Pumpkin,Pumpkin Ale,16.0 oz,,124.0,Griffin Claw Brewing Company,missing,MI
2141.0,?,Czech Pilsener,16.0 oz,0.05,124.0,Griffin Claw Brewing Company,Birmingham,missing
NULL,,American Amber / Red Ale,16.0 oz,0.065,124.0,Griffin Claw Brewing Company,Birmingham,MI
,Norm's Raggedy Ass IPA,,16.0 oz,0.075,124.0,Griffin Claw Brewing Company,Birmingham,MI
2138.0,Grind Line,American Pale Ale (APA),NULL,0.05,124.0,Griffin Claw Brewing Company,,MI
2007.0,Norm's Gateway IPA,American IPA,12.0 oz,0.04,124.0,NULL,Birmingham,MI
1570.0,Lemon Shandy Tripel,missing,16.0 oz,0.09,124.0,Griffin Claw Brewing Company,Birmingham,MI
2339.0,Little Red Cap,Altbier,12.0 oz,0.063,,Grimm Brothers Brewhouse,Loveland,CO
1857.0,?,NULL,12.0 oz,0.069,290.0,Hale's Ales,Seattle,WA
1440.0,NULL,American Pale Ale (APA),12.0 oz,0.047,290.0,Hale's Ales,Seattle,N/A
1753.0,Heyoka IPA,American IPA,16.0 oz,0.07,327.0,Half Acre Beer Company,,?
1448.0,Guest Lager,American Double / Imperial Pilsner,16.0 oz,0.08,327.0,Half Acre Beer Company,Chicago,N/A
N/A,missing,German Pilsener,16.0 oz,missing,,Half Acre Beer Company,NULL,IL
1066.0,Akari Shogun American Wheat Ale,American Pale Wheat Ale,16.0 oz,0.055,327.0,Half Acre Beer Company,Chicago,IL
849.0,NULL,?,16.0 oz,0.06,327.0,Half Acre Beer Company,Chicago,IL
NULL,Over Ale,American Brown Ale,16.0 oz,0.06,327.0,Half Acre Beer Company,Chicago,IL
149.0,Gossamer Golden Ale,American Blonde Ale,16.0 oz,0.042,327.0,Half Acre Beer Company,Chicago,IL
missing,,American Pale Ale (APA),16.0 oz,0.052,327.0,,Chicago,IL
2026.0,Pursuit,American IPA,12.0 oz,0.07,248.0,Half Full Brewery,Stamford,CT
1361.0,Half Full Bright Ale,American Blonde Ale,12.0 oz,?,248.0,Half Full Brewery,Stamford,CT
1016.0,NULL,Fruit / Vegetable Beer,12.0 oz,0.046,476.0,Hangar 24 Craft Brewery,Redlands,CA
1015.0,Hangar 24 Helles Lager,Munich Helles Lager,12.0 oz,0.043,476.0,Hangar 24 Craft Brewery,Redlands,CA
1677.0,The Great Return,American IPA,16.0 oz,,343.0,Hardywood Park Craft Brewery,Richmond,VA
1331.0,Hardywood Cream Ale,Cream Ale,12.0 oz,NULL,343.0,?,Richmond,VA
,?,American Pale Ale (APA),N/A,0.056,343.0,Hardywood Park Craft Brewery,Richmond,VA
2059.0,UFO Gingerland,Herbed / Spiced Beer,12.0 oz,0.052,234.0,Harpoon Brewery,Boston,
1653.0,The Long Thaw White IPA,American White IPA,12.0 oz,0.062,234.0,Harpoon Brewery,Boston,MA
1558.0,Honey Cider,Cider,12.0 oz,NULL,234.0,Harpoon Brewery,Boston,MA
1380.0,Harpoon Summer Beer,Kölsch,N/A,0.05,234.0,Harpoon Brewery,Boston,MA
1379.0,missing,American IPA,12.0 oz,0.059,234.0,Harpoon Brewery,Boston,MA
1340.0,UFO Pumpkin,N/A,12.0 oz,0.059,234.0,Harpoon Brewery,Boston,MA
1313.0,Harpoon Octoberfest,Märzen / Oktoberfest,12.0 oz,0.055,234.0,Harpoon Brewery,Boston,MA
770.0,Harpoon IPA (2012),American IPA,12.0 oz,0.059,234.0,Harpoon Brewery,Boston,MA
N/A,Harpoon Summer Beer (2012),Kölsch,12.0 oz,0.05,234.0,Harpoon Brewery,,MA
610.0,NULL,American Pale Wheat Ale,12.0 oz,0.048,234.0,Harpoon Brewery,Boston,MA
192.0,Harpoon Summer Beer (2010),N/A,12.0 oz,0.05,234.0,Harpoon Brewery,Boston,MA
?,Harpoon IPA (2010),American IPA,12.0 oz,0.059,234.0,Harpoon Brewery,Boston,MA
506.0,Great Falls Select Pale Ale,American Blonde Ale,12.0 oz,,535.0,Harvest Moon Brewing Company,Belt,MT
181.0,Beltian White,Witbier,12.0 oz,?,535.0,Harvest Moon Brewing Company,Belt,MT
2183.0,Kaua'i Golden Ale,American Blonde Ale,12.0 oz,0.049,NULL,Hawai'i Nui Brewing Co.,Hilo,HI
2182.0,Sunset Amber,American Pale Ale (APA),N/A,0.054,204.0,Hawai'i Nui Brewing Co.,Hilo,HI
2181.0,Hapa Brown Ale,American Brown Ale,19.2 oz,0.064,204.0,Hawai'i Nui Brewing Co.,Hilo,
2180.0,Hapa Brown Ale,American Brown Ale,12.0 oz,0.064,204.0,Hawai'i Nui Brewing Co.,missing,HI
2179.0,N/A,Flanders Red Ale,NULL,?,204.0,Hawai'i Nui Brewing Co.,Hilo,HI
1895.0,Groupe G,Belgian IPA,16.0 oz,0.076,280.0,Headlands Brewing Company,Mill Valley,CA
1894.0,Pt. Bonita Rustic Lager,American Pale Lager,16.0 oz,0.062,280.0,Headlands Brewing Company,Mill Valley,CA
1893.0,Hill 88 Double IPA,American Double / Imperial IPA,16.0 oz,,280.0,Headlands Brewing Company,Mill Valley,CA
990.0,,American IPA,12.0 oz,,479.0,Heavy Seas Beer,Halethorpe,MD
989.0,AARGHtoberfest!,Märzen / Oktoberfest,12.0 oz,N/A,479.0,Heavy Seas Beer,N/A,MD
988.0,Davy Jones Lager,Cream Ale,12.0 oz,0.06,,Heavy Seas Beer,Halethorpe,MD
1351.0,Grazias,Cream Ale,,0.063,?,,San Diego,CA
1346.0,Habitus IPA,American IPA,16.0 oz,0.08,423.0,NULL,San Diego,CA
904.0,Ex Umbris Rye Imperial Stout,American Double / Imperial Stout,16.0 oz,0.099,423.0,Hess Brewing Company,San Diego,CA
2295.0,The Golden One,American Pilsner,12.0 oz,0.063,168.0,High Hops Brewery,Windsor,?
2294.0,The Power of Zeus,American Pale Ale (APA),12.0 oz,0.07,168.0,High Hops Brewery,N/A,CO
824.0,Tonganoxie Honey Wheat,American Pale Wheat Ale,12.0 oz,0.044,500.0,High Noon Saloon And Brewery,Leavenworth,KS
616.0,Oregon Trail Unfiltered Raspberry Wheat,Fruit / Vegetable Beer,12.0 oz,0.045,500.0,High Noon Saloon And Brewery,Leavenworth,KS
96.0,N/A,American Amber / Red Ale,12.0 oz,0.055,500.0,High Noon Saloon And Brewery,Leavenworth,KS
1615.0,NULL,American Pale Ale (APA),16.0 oz,?,32.0,Hilliard's Beer,Seattle,WA
889.0,Hilliard's Pils,Czech Pilsener,16.0 oz,0.055,362.0,Hilliard's Beer,Seattle,WA
724.0,Hilliard's Blonde,American Blonde Ale,16.0 oz,0.049,362.0,Hilliard's Beer,Seattle,WA
497.0,Hilliard's Amber Ale,American Amber / Red Ale,16.0 oz,0.055,362.0,Hilliard's Beer,Seattle,WA
496.0,Hilliard's Saison,Saison / Farmhouse Ale,16.0 oz,0.066,362.0,Hilliard's Beer,,WA
1652.0,White Cap White IPA,American White IPA,16.0 oz,0.042,349.0,Hinterland Brewery,Green Bay,WI
1835.0,Provision,Saison / Farmhouse Ale,12.0 oz,0.042,297.0,Hop Farm Brewing Company,Pittsburgh,PA
1834.0,One Nut Brown,American Brown Ale,12.0 oz,0.047,297.0,Hop Farm Brewing Company,Pittsburgh,PA
1833.0,Hop Farm IPA,American IPA,12.0 oz,0.058,297.0,,Pittsburgh,PA
2195.0,Double D Blonde,American Blonde Ale,12.0 oz,0.049,198.0,Hop Valley Brewing Company,missing,OR
1605.0,Festeroo Winter Ale,American Strong Ale,12.0 oz,0.078,198.0,Hop Valley Brewing Company,NULL,OR
1543.0,Proxima IPA,American IPA,12.0 oz,0.063,?,Hop Valley Brewing Company,Springfield,OR
1390.0,Double D Blonde (2013),American Blonde Ale,12.0 oz,0.049,198.0,?,Springfield,OR
1354.0,541 American Lager,American Pale Lager,12.0 oz,0.048,198.0,Hop Valley Brewing Company,Springfield,OR
1353.0,Alphadelic IPA,American IPA,12.0 oz,0.065,198.0,Hop Valley Brewing Company,Springfield,NULL
499.0,Alphadelic IPA (2011),American IPA,missing,0.065,198.0,Hop Valley Brewing Company,Springfield,OR
498.0,Double D Blonde (2011),American Blonde Ale,12.0 oz,0.049,198.0,Hop Valley Brewing Company,N/A,?
,?,American IPA,12.0 oz,0.07,395.0,Hops & Grain Brewery,Austin,TX
1004.0,The One They Call Zoe,American Pale Lager,12.0 oz,0.051,395.0,Hops & Grain Brewery,Austin,TX
502.0,Alteration,Altbier,12.0 oz,0.051,395.0,,Austin,NULL
501.0,Pale Dog,American Pale Ale (APA),12.0 oz,0.06,395.0,Hops & Grain Brewery,Austin,TX
2357.0,Porter Culture,American Porter,12.0 oz,NULL,136.0,Hops & Grains Brewing Company,Austin,TX
2483.0,N/A,Cider,16.0 oz,0.068,80.0,Hopworks Urban Brewery,Portland,
2482.0,Totally Radler,Radler,N/A,0.027,80.0,NULL,Portland,OR
2400.0,Nonstop Hef Hop,?,16.0 oz,,80.0,Hopworks Urban Brewery,Portland,OR
2399.0,Nonstop Hef Hop,American Pale Wheat Ale,16.0 oz,0.039,80.0,Hopworks Urban Brewery,missing,
2398.0,Nonstop Hef Hop,American Pale Wheat Ale,16.0 oz,0.039,80.0,Hopworks Urban Brewery,Portland,OR
2397.0,Nonstop Hef Hop,American Pale Wheat Ale,16.0 oz,0.039,80.0,Hopworks Urban Brewery,Portland,OR
NULL,Nonstop Hef Hop,American Pale Wheat Ale,16.0 oz,0.039,80.0,Hopworks Urban Brewery,Portland,OR
2395.0,Nonstop Hef Hop,American Pale Wheat Ale,16.0 oz,0.039,80.0,Hopworks Urban Brewery,Portland,OR
2394.0,Nonstop Hef Hop,missing,16.0 oz,0.039,80.0,,Portland,OR
2393.0,Nonstop Hef Hop,American Pale Wheat Ale,N/A,0.039,80.0,Hopworks Urban Brewery,Portland,OR
2392.0,Nonstop Hef Hop,American Pale Wheat Ale,N/A,0.039,80.0,,,OR
2391.0,Nonstop Hef Hop,American Pale Wheat Ale,16.0 oz,0.039,80.0,Hopworks Urban Brewery,Portland,OR
,,American Pale Wheat Ale,16.0 oz,0.039,80.0,Hopworks Urban Brewery,Portland,OR
2389.0,Nonstop Hef Hop,NULL,NULL,0.039,NULL,Hopworks Urban Brewery,Portland,OR
2388.0,Rise Up Red,American Amber / Red Ale,,0.058,80.0,Hopworks Urban Brewery,Portland,OR
2200.0,Survival Stout,American Stout,16.0 oz,0.058,80.0,Hopworks Urban Brewery,Portland,OR
2199.0,,American IPA,16.0 oz,0.066,80.0,Hopworks Urban Brewery,Portland,OR
2193.0,Abominable Winter Ale,American Strong Ale,16.0 oz,0.073,80.0,Hopworks Urban Brewery,missing,OR
1398.0,Pigwar White India Pale Ale,American White IPA,16.0 oz,,80.0,Hopworks Urban Brewery,Portland,OR
N/A,,?,16.0 oz,0.058,missing,Hopworks Urban Brewery,?,OR
916.0,missing,missing,16.0 oz,0.073,N/A,Hopworks Urban Brewery,Portland,OR
,HUB Lager,Czech Pilsener,16.0 oz,0.051,80.0,Hopworks Urban Brewery,Portland,OR
653.0,Hopworks IPA (2012),American IPA,16.0 oz,0.066,80.0,Hopworks Urban Brewery,Portland,OR
2385.0,Watermelon Wheat,American Pale Wheat Ale,12.0 oz,0.056,120.0,N/A,Milwaukee,WI
2384.0,Laka Laka Pineapple,Hefeweizen,12.0 oz,0.051,120.0,Horny Goat Brew Pub,Milwaukee,WI
2383.0,Oktoberfest,?,16.0 oz,missing,NULL,Horny Goat Brew Pub,Milwaukee,WI
1251.0,Trail Maker Pale Ale,American Pale Ale (APA),12.0 oz,0.065,445.0,Howard Brewing Company,Lenoir,NC
1250.0,?,Vienna Lager,12.0 oz,0.055,N/A,Howard Brewing Company,Lenoir,NC
1903.0,Let It Ride IPA,N/A,12.0 oz,0.068,277.0,Indeed Brewing Company,,MN
1691.0,Stir Crazy Winter Ale,,12.0 oz,0.065,277.0,Indeed Brewing Company,Minneapolis,MN
1555.0,Sweet Yamma Jamma Ale,,12.0 oz,0.05,277.0,Indeed Brewing Company,Minneapolis,MN
1115.0,Shenanigans Summer Ale,NULL,12.0 oz,?,277.0,Indeed Brewing Company,N/A,MN
,Midnight Ryder,American Black Ale,missing,0.065,277.0,Indeed Brewing Company,Minneapolis,MN
728.0,Day Tripper Pale Ale,American Pale Ale (APA),N/A,0.054,277.0,Indeed Brewing Company,Minneapolis,MN
2350.0,Oklahoma Suks,American Amber / Red Ale,12.0 oz,0.048,140.0,Independence Brewing Company,Austin,N/A
NULL,Power & Light,American Pale Ale (APA),12.0 oz,0.055,140.0,Independence Brewing Company,Austin,TX
1904.0,White Rabbit,Witbier,12.0 oz,0.059,140.0,missing,Austin,TX
2609.0,Tribute,American Pale Ale (APA),12.0 oz,0.058,23.0,Indiana City Brewing,Indianapolis,IN
2038.0,Infamous IPA,American IPA,12.0 oz,0.07,242.0,,Austin,TX
1774.0,Hijack,Cream Ale,12.0 oz,0.055,242.0,Infamous Brewing Company,Austin,TX
559.0,Jon Boat Coastal Ale,,,0.045,527.0,Intuition Ale Works,Jacksonville,FL
558.0,I-10 IPA,American IPA,12.0 oz,0.068,527.0,Intuition Ale Works,Jacksonville,FL
553.0,People's Pale Ale,American Pale Ale (APA),12.0 oz,0.053,527.0,Intuition Ale Works,Jacksonville,FL
2376.0,Summer Ale,American Blonde Ale,12.0 oz,NULL,123.0,Ipswich Ale Brewery,Ipswich,MA
1784.0,Appreciation Ale,American IPA,16.0 oz,nan (wait to be cleaned),316.0,Iron Hill Brewery & Restaurant,Wilmington,DE
?,House Lager,?,16.0 oz,0.052,N/A,missing,Framingham,MA
missing,Leisure Time,American Pale Lager,12.0 oz,0.048,2.0,,missing,MA
2671.0,Excess IPL,American India Pale Lager,16.0 oz,0.072,2.0,N/A,Framingham,MA
2670.0,Hoponius Union,American India Pale Lager,12.0 oz,0.067,N/A,Jack's Abby Craft Lagers,,MA
2669.0,Calyptra,,?,0.049,2.0,Jack's Abby Craft Lagers,Framingham,MA
1405.0,Helen's Blend,Cider,12.0 oz,0.05,416.0,,Biglerville,PA
823.0,Jack's Hard Cider,Cider,12.0 oz,0.051,416.0,Jack's Hard Cider (Hauser Estate...,Biglerville,PA
1793.0,Thunder Ann,American Pale Ale (APA),12.0 oz,0.055,,Jackalope Brewing Company,?,TN
2453.0,Razz Wheat,Fruit / Vegetable Beer,12.0 oz,N/A,92.0,Jackie O's Pub & Brewery,Athens,OH
2363.0,Hop Ryot,American IPA,12.0 oz,0.065,92.0,Jackie O's Pub & Brewery,Athens,OH
689.0,Mystic Mama IPA,American IPA,12.0 oz,0.07,92.0,Jackie O's Pub & Brewery,Athens,OH
688.0,,American Amber / Red Ale,12.0 oz,0.05,,Jackie O's Pub & Brewery,?,?
687.0,Chomolungma Honey Nut Brown Ale,English Brown Ale,12.0 oz,0.067,N/A,Jackie O's Pub & Brewery,Athens,OH
2408.0,Welcome to Scoville,American IPA,12.0 oz,0.069,114.0,Jailbreak Brewing Company,?,N/A
2595.0,Bastian,American Strong Ale,12.0 oz,nan (wait to be cleaned),32.0,James Page Brewing Company,Stevens Point,WI
2480.0,Healani,Hefeweizen,12.0 oz,0.045,,James Page Brewing Company,NULL,WI
?,Yabba Dhaba Chai Tea Porter,American Porter,12.0 oz,0.055,32.0,NULL,Stevens Point,WI
1524.0,A Capella Gluten Free Pale Ale,American Pale Ale (APA),12.0 oz,0.055,32.0,James Page Brewing Company,N/A,WI
1523.0,Casper White Stout,American Blonde Ale,12.0 oz,0.06,,James Page Brewing Company,Stevens Point,WI
1254.0,JP's Ould Sod Irish Red IPA,American IPA,12.0 oz,0.06,32.0,James Page Brewing Company,Stevens Point,WI
2060.0,Weize Guy,Hefeweizen,12.0 oz,0.05,233.0,Joseph James Brewing Company,missing,NV
469.0,NULL,American Pale Ale (APA),12.0 oz,0.05,233.0,Joseph James Brewing Company,Henderson,NV
missing,,?,12.0 oz,0.093,233.0,Joseph James Brewing Company,Henderson,NV
467.0,?,American Adjunct Lager,?,0.052,233.0,Joseph James Brewing Company,N/A,NV
2163.0,,American IPA,12.0 oz,0.071,208.0,Kalona Brewing Company,,IA
2162.0,N/A,Doppelbock,12.0 oz,0.075,,Kalona Brewing Company,Kalona,IA
,Weisse Versa (2012),Hefeweizen,12.0 oz,0.052,?,N/A,Houston,TX
1560.0,Mother in Lager,Munich Dunkel Lager,12.0 oz,0.058,125.0,N/A,Houston,TX
?,,missing,12.0 oz,0.055,125.0,Karbach Brewing Company,N/A,TX
1458.0,Karbachtoberfest,Märzen / Oktoberfest,12.0 oz,0.055,125.0,Karbach Brewing Company,Houston,TX
1235.0,missing,Kölsch,12.0 oz,0.047,125.0,Karbach Brewing Company,Houston,TX
1068.0,Barn Burner Saison,Saison / Farmhouse Ale,12.0 oz,0.066,125.0,Karbach Brewing Company,Houston,TX
666.0,Rodeo Clown Double IPA,American Double / Imperial IPA,missing,0.095,125.0,Karbach Brewing Company,Houston,TX
465.0,Sympathy for the Lager,American Amber / Red Lager,12.0 oz,0.049,125.0,Karbach Brewing Company,?,TX
464.0,Weisse Versa,Hefeweizen,missing,0.052,125.0,Karbach Brewing Company,Houston,TX
463.0,Hopadillo India Pale Ale,American IPA,12.0 oz,0.066,125.0,Karbach Brewing Company,Houston,TX
1678.0,missing,Euro Dark Lager,12.0 oz,0.057,342.0,N/A,?,NY
,KelSo India Pale Ale,,12.0 oz,0.06,342.0,KelSo Beer Company,Brooklyn,NY
1348.0,missing,Czech Pilsener,missing,N/A,342.0,KelSo Beer Company,Brooklyn,NY
NULL,?,Scottish Ale,?,0.058,458.0,?,,AK
1187.0,,American Blonde Ale,12.0 oz,0.05,458.0,missing,Soldotna,AK
349.0,Sunken Island IPA,American IPA,12.0 oz,0.068,,Kenai River Brewing Company,Soldotna,AK
348.0,Skilak Scottish Ale (2011),NULL,12.0 oz,0.058,458.0,missing,Soldotna,AK
N/A,Cold Smoke Scotch Ale (2007),Scotch Ale / Wee Heavy,16.0 oz,0.065,510.0,Kettle House Brewing Company,Missoula,MT
759.0,Double Haul IPA (2009),?,16.0 oz,0.065,510.0,Kettle House Brewing Company,Missoula,N/A
758.0,Double Haul IPA (2006),American IPA,16.0 oz,0.065,510.0,?,Missoula,MT
87.0,Eddy Out Pale Ale,American Pale Ale (APA),16.0 oz,N/A,510.0,Kettle House Brewing Company,Missoula,MT
86.0,Double Haul IPA,American IPA,16.0 oz,0.065,510.0,Kettle House Brewing Company,Missoula,MT
85.0,Cold Smoke Scotch Ale,Scotch Ale / Wee Heavy,16.0 oz,0.065,510.0,Kettle House Brewing Company,Missoula,MT
2472.0,U. P. Witbier,Witbier,12.0 oz,nan (wait to be cleaned),84.0,Keweenaw Brewing Company,?,MI
779.0,?,N/A,12.0 oz,nan (wait to be cleaned),84.0,Keweenaw Brewing Company,Houghton,NULL
364.0,Olde Ore Dock Scottish Ale,Scottish Ale,12.0 oz,nan (wait to be cleaned),84.0,Keweenaw Brewing Company,Houghton,MI
?,Widow Maker Black Ale,American Brown Ale,12.0 oz,nan (wait to be cleaned),84.0,Keweenaw Brewing Company,Houghton,MI
59.0,Lift Bridge Brown Ale,American Brown Ale,12.0 oz,missing,,N/A,Houghton,MI
58.0,Pick Axe Blonde Ale,American Blonde Ale,12.0 oz,nan (wait to be cleaned),84.0,Keweenaw Brewing Company,Houghton,MI
57.0,Red Jacket Amber Ale,American Amber / Red Ale,,nan (wait to be cleaned),84.0,missing,N/A,MI
2436.0,Amber Ale,American Amber / Red Ale,12.0 oz,0.051,102.0,King Street Brewing Company,Anchorage,AK
1706.0,King Street Pilsner,Czech Pilsener,12.0 oz,0.055,102.0,missing,Anchorage,AK
1667.0,King Street IPA,American IPA,12.0 oz,,102.0,King Street Brewing Company,Anchorage,AK
N/A,King Street Hefeweizen,Hefeweizen,,0.057,,King Street Brewing Company,Anchorage,AK
1665.0,King Street Blonde Ale,American Blonde Ale,12.0 oz,,N/A,King Street Brewing Company,Anchorage,AK
NULL,India Pale Ale,American IPA,16.0 oz,0.063,87.0,Kirkwood Station Brewing Company,Kirkwood,
2459.0,Blackberry Wheat,American Pale Wheat Ale,16.0 oz,0.048,87.0,Kirkwood Station Brewing Company,Kirkwood,MO
1274.0,Longboard Island Lager,American Amber / Red Lager,24.0 oz,missing,N/A,Kona Brewing Company,Kona,HI
1220.0,N/A,American Amber / Red Lager,16.0 oz,0.046,439.0,Kona Brewing Company,Kona,
1070.0,Longboard Island Lager,?,12.0 oz,0.046,439.0,Kona Brewing Company,Kona,HI
590.0,Longboard Island Lager,American Amber / Red Lager,12.0 oz,0.046,?,Kona Brewing Company,Kona,NULL
781.0,Choc Beer (2003),N/A,12.0 oz,0.04,505.0,Krebs Brewing Company (Pete's Pl...,Krebs,OK
1637.0,Bellingham Beer Week 2013 Collaboration,Belgian Strong Dark Ale,16.0 oz,0.08,354.0,Kulshan Brewery,Bellingham,WA
,NULL,Hefeweizen,16.0 oz,0.054,332.0,La Cumbre Brewing Company,Albuquerque,NM
664.0,Elevated IPA,American IPA,16.0 oz,0.072,332.0,La Cumbre Brewing Company,Albuquerque,NM
392.0,Rumspringa Golden Bock,Maibock / Helles Bock,,0.066,545.0,Lancaster Brewing Company,Lancaster,PA
N/A,missing,,12.0 oz,0.048,545.0,,Lancaster,PA
2547.0,Beach Cruiser,,12.0 oz,0.045,59.0,Latitude 42 Brewing Company,Portage,
2493.0,I.P. Eh!,American IPA,12.0 oz,0.068,59.0,Latitude 42 Brewing Company,Portage,MI
2492.0,Schoolhouse Honey,American Amber / Red Ale,12.0 oz,0.05,59.0,Latitude 42 Brewing Company,Portage,MI
2491.0,10 Degrees of Separation,English Brown Ale,12.0 oz,0.055,59.0,,Portage,MI
2108.0,Laughing Dog Cream Ale,Cream Ale,,0.05,,Laughing Dog Brewing Company,Ponderay,ID
1397.0,N/A,American Pilsner,12.0 oz,0.048,218.0,Laughing Dog Brewing Company,Ponderay,ID
1396.0,Laughing Dog IPA,American IPA,NULL,0.064,218.0,Laughing Dog Brewing Company,Ponderay,ID
1675.0,Madra Allta,,,0.064,345.0,Lavery Brewing Company,Erie,PA
missing,Duluchan India Pale Ale,American IPA,12.0 oz,0.056,345.0,Lavery Brewing Company,Erie,PA
1445.0,Lazy Monk Bohemian Pilsner,Czech Pilsener,16.0 oz,0.05,missing,Lazy Monk Brewing,Eau Claire,WI
475.0,Yellowstone Golden Ale,Kölsch,12.0 oz,0.051,537.0,Lewis and Clark Brewing Company,Helena,MT
474.0,Tumbleweed IPA,American IPA,12.0 oz,0.057,537.0,Lewis and Clark Brewing Company,missing,
?,Lewis & Clark Amber Ale,American Amber / Red Ale,N/A,0.05,537.0,Lewis and Clark Brewing Company,Helena,MT
472.0,Miner's Gold Hefeweizen,Hefeweizen,12.0 oz,0.05,537.0,NULL,Helena,MT
471.0,Back Country Scottish Ale,Scottish Ale,12.0 oz,0.057,537.0,Lewis and Clark Brewing Company,Helena,MT
2036.0,Getaway,missing,16.0 oz,0.052,244.0,Lift Bridge Brewing Company,Stillwater,MN
1168.0,Farm Girl Saison,Saison / Farmhouse Ale,16.0 oz,0.06,244.0,Lift Bridge Brewing Company,Stillwater,MN
1832.0,Adam's Stout,American Stout,12.0 oz,0.058,missing,Liquid Hero Brewery,York,PA
1688.0,American Hero,American Amber / Red Ale,12.0 oz,,?,Liquid Hero Brewery,York,PA
N/A,Schweet Ale,Fruit / Vegetable Beer,12.0 oz,0.052,298.0,Liquid Hero Brewery,York,PA
1686.0,Irregardless IPA,American IPA,12.0 oz,0.065,298.0,Liquid Hero Brewery,York,PA
2434.0,NULL,American Pale Ale (APA),12.0 oz,0.057,104.0,Lone Tree Brewing Company,Lone Tree,CO
2332.0,Deadeye Jack,American Porter,12.0 oz,0.06,149.0,Lonerider Brewing Company,Raleigh,NC
2330.0,Pistols at Dawn,American Stout,16.0 oz,0.075,149.0,Lonerider Brewing Company,Raleigh,NC
2329.0,Peacemaker Pale Ale,American Pale Ale (APA),12.0 oz,0.057,149.0,Lonerider Brewing Company,Raleigh,NC
2327.0,Shotgun Betty,NULL,,0.058,149.0,Lonerider Brewing Company,Raleigh,NC
2326.0,Sweet Josie,American Brown Ale,12.0 oz,0.061,N/A,Lonerider Brewing Company,Raleigh,NC
1926.0,Long Trail IPA,?,,0.059,268.0,,Bridgewater Corners,VT
1924.0,Long Trail Ale,,12.0 oz,0.046,268.0,Long Trail Brewing Company,Bridgewater Corners,NULL
,Double Bag,Altbier,16.0 oz,0.072,268.0,Long Trail Brewing Company,Bridgewater Corners,VT
574.0,Blackbeary Wheat,Fruit / Vegetable Beer,12.0 oz,0.04,268.0,Long Trail Brewing Company,Bridgewater Corners,VT
573.0,missing,Altbier,12.0 oz,NULL,268.0,Long Trail Brewing Company,Bridgewater Corners,VT
2584.0,Gose,,16.0 oz,0.046,41.0,Lost Nation Brewing,East Fairfield,VT
2583.0,,German Pilsener,16.0 oz,0.048,41.0,Lost Nation Brewing,East Fairfield,VT
2582.0,Mosaic Single Hop IPA,American IPA,16.0 oz,,41.0,Lost Nation Brewing,East Fairfield,VT
2581.0,Lost Galaxy,American IPA,16.0 oz,missing,41.0,Lost Nation Brewing,East Fairfield,VT
1309.0,Face Plant IPA,American IPA,12.0 oz,NULL,430.0,Lost Rhino Brewing Company,Ashburn,VA
NULL,Rhino Chasers Pilsner,Czech Pilsener,12.0 oz,0.056,430.0,Lost Rhino Brewing Company,Ashburn,VA
1571.0,Slow Hand Stout,American Stout,16.0 oz,0.052,377.0,Lucette Brewing Company,Menominee,WI
missing,Hips Don't Lie,Hefeweizen,16.0 oz,0.062,456.0,Lucette Brewing Company,Menominie,WI
1122.0,Ride Again Pale Ale,American Pale Ale (APA),16.0 oz,0.052,456.0,Lucette Brewing Company,Menominie,WI
700.0,The Farmer's Daughter,missing,16.0 oz,0.048,456.0,Lucette Brewing Company,Menominie,WI
2033.0,N/A,English Dark Mild Ale,12.0 oz,0.038,245.0,Lucky Town Brewing Company,Jackson,MS
missing,Ballistic Blonde,missing,12.0 oz,0.051,NULL,Lucky Town Brewing Company,?,MS
N/A,Knotty Pine,American Pale Ale (APA),NULL,0.054,158.0,Lumberyard Brewing Company,Flagstaff,AZ
1153.0,Lumberyard Pilsner,American Pilsner,12.0 oz,0.053,158.0,Lumberyard Brewing Company,missing,AZ
355.0,Lumberyard IPA,American IPA,12.0 oz,0.061,158.0,Lumberyard Brewing Company,Flagstaff,AZ
125.0,Lumberyard Red Ale,American Amber / Red Ale,12.0 oz,0.058,158.0,Lumberyard Brewing Company,Flagstaff,AZ
962.0,Mac's Highlander Pale Ale (2000),American Pale Ale (APA),12.0 oz,0.05,485.0,MacTarnahans Brewing Company,Portland,OR
961.0,Mac's Scottish Style Amber Ale (2000),American Amber / Red Ale,12.0 oz,0.051,N/A,MacTarnahans Brewing Company,Portland,OR
1475.0,Macon Progress Ale,American Pale Ale (APA),12.0 oz,0.05,400.0,Macon Beer Company,Macon,GA
1008.0,Macon History Ale,American Brown Ale,12.0 oz,0.055,400.0,Macon Beer Company,Macon,GA
NULL,Galaxy High,American Double / Imperial IPA,,0.099,91.0,missing,Cincinnati,missing
2209.0,?,American Blonde Ale,12.0 oz,0.043,91.0,Madtree Brewing Company,Cincinnati,OH
2133.0,Thunder Snow,Winter Warmer,12.0 oz,0.085,91.0,N/A,Cincinnati,OH
1994.0,The Great Pumpcan,Fruit / Vegetable Beer,16.0 oz,0.079,91.0,Madtree Brewing Company,Cincinnati,OH
NULL,LIFT,Kölsch,missing,0.047,91.0,Madtree Brewing Company,Cincinnati,OH
1815.0,SPRYE,American Pale Ale (APA),12.0 oz,0.05,91.0,Madtree Brewing Company,Cincinnati,OH
,Psychopathy,American IPA,12.0 oz,0.069,91.0,Madtree Brewing Company,Cincinnati,OH
,Gnarly Brown,American Brown Ale,12.0 oz,0.07,91.0,Madtree Brewing Company,NULL,OH
,Happy Amber,American Amber / Red Ale,12.0 oz,0.06,91.0,Madtree Brewing Company,Cincinnati,OH
1813.0,#9,Fruit / Vegetable Beer,16.0 oz,0.051,303.0,N/A,South Burlington,VT
1113.0,Elder Betty,Hefeweizen,12.0 oz,0.055,NULL,Magic Hat Brewing Company,South Burlington,
N/A,#9,Fruit / Vegetable Beer,12.0 oz,0.051,303.0,Magic Hat Brewing Company,South Burlington,NULL
511.0,,German Pilsener,12.0 oz,0.042,N/A,Mammoth Brewing Company,Mammoth Lakes,CA
75.0,Epic IPA,?,12.0 oz,?,534.0,Mammoth Brewing Company,Mammoth Lakes,CA
74.0,Golden Trout Pilsner,German Pilsener,12.0 oz,0.042,534.0,Mammoth Brewing Company,,CA
73.0,Real McCoy Amber Ale (Current),American Amber / Red Ale,12.0 oz,0.045,534.0,Mammoth Brewing Company,Mammoth Lakes,CA
1628.0,NULL,Winter Warmer,12.0 oz,0.072,356.0,?,Philadelphia,PA
1626.0,,,12.0 oz,0.067,356.0,Manayunk Brewing Company,Philadelphia,PA
1625.0,Belgian Style Session Ale,Belgian Pale Ale,12.0 oz,0.045,356.0,Manayunk Brewing Company,Philadelphia,PA
1624.0,Manayunk IPA,American IPA,12.0 oz,0.055,356.0,?,Philadelphia,PA
1600.0,Yunkin' Punkin',Pumpkin Ale,12.0 oz,0.055,356.0,NULL,Philadelphia,PA
NULL,Summer Paradise,American Pale Wheat Ale,12.0 oz,0.05,356.0,Manayunk Brewing Company,Philadelphia,PA
1356.0,missing,Tripel,12.0 oz,0.09,356.0,Manayunk Brewing Company,,PA
1355.0,Schuylkill Punch,Fruit / Vegetable Beer,12.0 oz,0.06,,Manayunk Brewing Company,Philadelphia,PA
1334.0,Dreamin' Double IPA,missing,,0.085,356.0,Manayunk Brewing Company,Philadelphia,PA
NULL,Chaotic Double IPA,American Double / Imperial IPA,12.0 oz,0.099,346.0,Manzanita Brewing Company,Santee,CA
1673.0,Manzanita IPA,American IPA,12.0 oz,0.08,346.0,Manzanita Brewing Company,,CA
1672.0,Riverwalk Blonde Ale,American Blonde Ale,12.0 oz,0.06,346.0,Manzanita Brewing Company,Santee,CA
1671.0,Gillespie Brown Ale,American Brown Ale,12.0 oz,0.095,346.0,Manzanita Brewing Company,Santee,CA
1670.0,Manzanita Pale Ale,American Pale Ale (APA),12.0 oz,,346.0,,Santee,CA
1262.0,Marble Pilsner,German Pilsener,N/A,0.047,443.0,Marble Brewery,,NM
845.0,Marble India Pale Ale,American IPA,12.0 oz,0.062,443.0,Marble Brewery,Albuquerque,NM
N/A,Toughcats IPA,American IPA,16.0 oz,0.072,317.0,Marshall Wharf Brewing Company,Belfast,?
1717.0,Tug Pale Ale,American Pale Ale (APA),,0.05,,Marshall Wharf Brewing Company,Belfast,ME
1716.0,Sexy Chaos,Russian Imperial Stout,16.0 oz,0.099,317.0,missing,?,ME
1516.0,,,16.0 oz,0.063,317.0,missing,Belfast,ME
725.0,Cant Dog Imperial Pale Ale,American Double / Imperial IPA,?,0.097,317.0,Marshall Wharf Brewing Company,Belfast,ME
2308.0,River House,Saison / Farmhouse Ale,16.0 oz,0.05,161.0,Martin House Brewing Company,Fort Worth,TX
2268.0,Pretzel Stout,missing,16.0 oz,0.065,161.0,NULL,Fort Worth,TX
2197.0,Rubberneck Red,American Amber / Red Ale,16.0 oz,0.05,161.0,Martin House Brewing Company,NULL,TX
2120.0,,American Double / Imperial IPA,16.0 oz,NULL,NULL,Martin House Brewing Company,Fort Worth,TX
1234.0,The Imperial Texan,American Double / Imperial IPA,12.0 oz,0.08,161.0,Martin House Brewing Company,Fort Worth,
1233.0,Day Break 4-Grain Breakfast Beer,Rye Beer,NULL,0.05,,Martin House Brewing Company,Fort Worth,TX
1232.0,River House Saison,Saison / Farmhouse Ale,12.0 oz,0.05,161.0,Martin House Brewing Company,Fort Worth,TX
N/A,There Will Be Stout,American Stout,12.0 oz,0.065,161.0,Martin House Brewing Company,Fort Worth,TX
1831.0,Our Legacy IPA,American IPA,12.0 oz,0.065,299.0,Matt Brewing Company,Utica,NY
missing,Saranac Shandy,Shandy,12.0 oz,0.042,299.0,Matt Brewing Company,Utica,NY
1135.0,Our Legacy IPA,American IPA,16.0 oz,0.065,299.0,Matt Brewing Company,N/A,NY
?,Saranac Golden Pilsener (2003),German Pilsener,12.0 oz,missing,N/A,Matt Brewing Company,Utica,NY
959.0,Saranac Adirondack Light (2002),Light Lager,12.0 oz,0.045,missing,N/A,Utica,?
958.0,DAX Light (1998),Light Lager,12.0 oz,,299.0,Matt Brewing Company,Utica,NY
957.0,?,American Pale Lager,12.0 oz,0.048,299.0,Matt Brewing Company,Utica,NY
956.0,Pomegranate Wheat (2008),Fruit / Vegetable Beer,12.0 oz,missing,299.0,Matt Brewing Company,Utica,NY
?,Blueberry Blonde Ale,American Blonde Ale,12.0 oz,0.05,299.0,Matt Brewing Company,Utica,NY
686.0,Saranac White IPA,American IPA,12.0 oz,0.06,299.0,Matt Brewing Company,Utica,NY
453.0,Saranac Summer Ale (2011),American Pale Wheat Ale,12.0 oz,0.047,299.0,Matt Brewing Company,Utica,NY
150.0,NULL,English Pale Ale,,0.055,299.0,Matt Brewing Company,,NULL
133.0,Saranac Pale Ale (16 oz.),English Pale Ale,16.0 oz,0.055,299.0,Matt Brewing Company,Utica,NY
1578.0,missing,,12.0 oz,0.051,375.0,Maui Brewing Company,Lahaina,HI
1429.0,Pau Hana Pilsner,Czech Pilsener,12.0 oz,0.055,375.0,Maui Brewing Company,missing,HI
1271.0,Lemongrass Saison,missing,12.0 oz,0.05,375.0,Maui Brewing Company,,HI
713.0,,Belgian Strong Dark Ale,12.0 oz,0.07,375.0,Maui Brewing Company,N/A,HI
712.0,Liquid Breadfruit,Fruit / Vegetable Beer,12.0 oz,0.082,375.0,Maui Brewing Company,N/A,HI
690.0,Sobrehumano Palena'ole,American Amber / Red Ale,12.0 oz,0.06,,Maui Brewing Company,Lahaina,N/A
,La Perouse White,Witbier,12.0 oz,0.05,375.0,Maui Brewing Company,Lahaina,HI
435.0,Flyin' HI.P.Hay,,12.0 oz,0.068,375.0,Maui Brewing Company,Lahaina,HI
313.0,,American Pale Wheat Ale,12.0 oz,0.055,375.0,Maui Brewing Company,Lahaina,HI
33.0,Bikini Blonde Lager,Munich Helles Lager,12.0 oz,0.045,375.0,?,?,missing
32.0,?,American Porter,missing,0.057,375.0,Maui Brewing Company,missing,HI
31.0,Big Swell IPA,American IPA,12.0 oz,missing,375.0,Maui Brewing Company,Lahaina,HI
1237.0,Pit Stop Chocolate Porter,missing,12.0 oz,0.037,448.0,Mavericks Beer Company,N/A,CA
1236.0,Pace Setter Belgian Style Wit,Witbier,,0.037,448.0,Mavericks Beer Company,Half Moon Bay,N/A
1047.0,Back in the Saddle Rye Pale Ale,American Pale Ale (APA),N/A,0.037,448.0,Mavericks Beer Company,Half Moon Bay,CA
1986.0,Bushwhacker Cider,Cider,16.0 oz,0.069,254.0,Meckley's Cidery,Somerset Center,N/A
,N/A,Cider,16.0 oz,0.069,254.0,missing,,missing
1984.0,Cherry Bomb,Cider,NULL,0.069,254.0,missing,Somerset Center,MI
2186.0,Tsunami IPA,American IPA,19.2 oz,0.072,203.0,Mehana Brewing Co.,Hilo,HI
2185.0,Tsunami IPA,American IPA,12.0 oz,0.072,203.0,,Hilo,HI
2184.0,Humpback Blonde Ale,American Blonde Ale,12.0 oz,0.042,203.0,Mehana Brewing Co.,Hilo,HI
2178.0,Hawaiian Crow Porter,American Porter,N/A,0.052,203.0,N/A,Hilo,HI
2177.0,N/A,American Amber / Red Ale,?,0.052,203.0,Mehana Brewing Co.,Hilo,HI
2176.0,Mauna Kea Pale Ale,American Pale Ale (APA),12.0 oz,0.054,203.0,Mehana Brewing Co.,Hilo,
1508.0,?,Fruit / Vegetable Beer,12.0 oz,0.053,missing,Miami Brewing Company,,FL
1507.0,Gator Tail Brown Ale,American Brown Ale,12.0 oz,,393.0,Miami Brewing Company,Miami,N/A
1506.0,Miami Vice IPA,American IPA,12.0 oz,0.071,393.0,Miami Brewing Company,?,FL
N/A,NULL,American Blonde Ale,missing,0.053,393.0,Miami Brewing Company,Miami,FL
174.0,Mickey Finn's Amber Ale,American Amber / Red Ale,12.0 oz,,552.0,Mickey Finn's Brewery,Libertyville,IL
2093.0,Pleasure Town,American IPA,12.0 oz,0.063,223.0,Midnight Sun Brewing Company,Anchorage,AK
1814.0,Pleasure Town IPA,American IPA,12.0 oz,0.063,223.0,Midnight Sun Brewing Company,Anchorage,AK
587.0,Snowshoe White Ale,Witbier,12.0 oz,0.048,NULL,Midnight Sun Brewing Company,Anchorage,AK
586.0,?,missing,12.0 oz,0.05,223.0,Midnight Sun Brewing Company,?,AK
434.0,Sockeye Red IPA,American IPA,12.0 oz,0.057,223.0,Midnight Sun Brewing Company,Anchorage,AK
2668.0,Habitus (2014),American Double / Imperial IPA,16.0 oz,0.08,3.0,Mike Hess Brewing Company,San Diego,CA
2667.0,Solis,American IPA,16.0 oz,,3.0,Mike Hess Brewing Company,San Diego,?
2666.0,Jucundus,Wheat Ale,16.0 oz,0.06,3.0,Mike Hess Brewing Company,San Diego,CA
missing,Habitus,American Double / Imperial IPA,missing,0.08,3.0,Mike Hess Brewing Company,San Diego,CA
?,Grazias,Cream Ale,?,0.063,3.0,Mike Hess Brewing Company,San Diego,missing
2662.0,Claritas,Kölsch,16.0 oz,0.058,3.0,Mike Hess Brewing Company,San Diego,CA
2535.0,Vinyl Frontier,American Double / Imperial IPA,missing,NULL,65.0,Mikerphone Brewing,Chicago,IL
2534.0,NULL,American IPA,24.0 oz,0.08,65.0,Mikerphone Brewing,,IL
2533.0,Misty Mountain Hop,American IPA,24.0 oz,0.075,65.0,Mikerphone Brewing,missing,IL
2532.0,NULL,,24.0 oz,0.075,65.0,Mikerphone Brewing,Chicago,
2531.0,En Parfaite Harmonie,,24.0 oz,0.065,65.0,N/A,,IL
2530.0,Daft Funk,Berliner Weissbier,24.0 oz,0.043,65.0,Mikerphone Brewing,Chicago,IL
2529.0,Love In An Ellavator,American IPA,24.0 oz,0.075,65.0,Mikerphone Brewing,Chicago,IL
2528.0,Spin Doctor,American Pale Ale (APA),24.0 oz,0.053,65.0,Mikerphone Brewing,Chicago,?
1612.0,Keeper (Current),,12.0 oz,0.05,363.0,,Pottstown,PA
1611.0,Better Half,American IPA,12.0 oz,0.068,363.0,NULL,Pottstown,PA
1273.0,SNO White Ale,Witbier,16.0 oz,0.048,440.0,MillKing It Productions,Royal Oak,MI
365.0,,,16.0 oz,0.048,440.0,MillKing It Productions,Royal Oak,MI
273.0,AXL Pale Ale,American Pale Ale (APA),16.0 oz,nan (wait to be cleaned),440.0,MillKing It Productions,Royal Oak,MI
1884.0,Hop Freak,American Double / Imperial IPA,16.0 oz,0.087,284.0,Milwaukee Brewing Company,Milwaukee,WI
1272.0,Louie's Demise Amber Ale,American Amber / Red Ale,16.0 oz,0.051,284.0,Milwaukee Brewing Company,Milwaukee,WI
1080.0,Hop Happy,American IPA,N/A,0.075,284.0,,Milwaukee,WI
932.0,Booyah Farmhouse Ale,Saison / Farmhouse Ale,16.0 oz,0.065,284.0,Milwaukee Brewing Company,Milwaukee,
,,Witbier,16.0 oz,0.092,284.0,Milwaukee Brewing Company,Milwaukee,
172.0,Flaming Damsel Lager (2010),N/A,16.0 oz,,284.0,Milwaukee Brewing Company,Milwaukee,WI
171.0,Louie’s Demise Immort-Ale (2010),American Amber / Red Ale,16.0 oz,0.051,284.0,Milwaukee Brewing Company,Milwaukee,WI
2361.0,Axe Head Malt Liquor,American Malt Liquor,24.0 oz,0.099,134.0,Minhas Craft Brewery,Monroe,WI
2359.0,Huber Bock (2014),Bock,16.0 oz,0.054,134.0,Minhas Craft Brewery,Monroe,WI
2358.0,missing,Light Lager,?,0.04,134.0,Minhas Craft Brewery,Monroe,WI
N/A,Huber,American Pale Lager,12.0 oz,0.05,N/A,Minhas Craft Brewery,Monroe,WI
,Clear Creek Ice,American Pale Lager,16.0 oz,0.062,134.0,Minhas Craft Brewery,Monroe,WI
2280.0,Clear Creek Ice,American Pale Lager,12.0 oz,0.062,134.0,,Monroe,WI
2279.0,Mountain Crest,American Pale Lager,?,0.055,134.0,missing,Monroe,WI
?,,NULL,12.0 oz,0.055,134.0,,,WI
2277.0,Mountain Creek (2013),missing,N/A,0.055,,Minhas Craft Brewery,,WI
2276.0,Boxer,American Adjunct Lager,24.0 oz,0.05,,Minhas Craft Brewery,Monroe,WI
2275.0,Boxer Light,Light Lager,12.0 oz,0.042,134.0,Minhas Craft Brewery,Monroe,WI
2274.0,Boxer Ice,American Adjunct Lager,12.0 oz,0.055,134.0,Minhas Craft Brewery,Monroe,WI
2273.0,Boxer,American Adjunct Lager,12.0 oz,0.05,134.0,,Monroe,WI
2442.0,Cortez Gold,Belgian Pale Ale,32.0 oz,0.05,98.0,Mission Brewery,San Diego,CA
,Mission IPA,American IPA,32.0 oz,0.068,98.0,Mission Brewery,San Diego,CA
1460.0,El Conquistador Extra Pale Ale,American Pale Ale (APA),32.0 oz,0.048,98.0,,,CA
1459.0,Shipwrecked Double IPA,N/A,missing,0.092,98.0,Mission Brewery,San Diego,CA
1476.0,Squeaky Bike Nut Brown Ale,American Brown Ale,16.0 oz,NULL,399.0,NULL,NULL,UT
902.0,Dead Horse Amber,American Pale Wheat Ale,16.0 oz,0.04,399.0,N/A,Moab,UT
645.0,Rocket Bike American Lager,California Common / Steam Beer,16.0 oz,,399.0,Moab Brewery,Moab,UT
644.0,Johnny's American IPA,American IPA,16.0 oz,0.04,399.0,Moab Brewery,Moab,UT
N/A,Boneshaker Brown Ale,English Brown Ale,24.0 oz,N/A,547.0,Moat Mountain Smoke House & Brew...,?,NH
336.0,Iron Mike Pale Ale,American Pale Ale (APA),24.0 oz,0.056,missing,Moat Mountain Smoke House & Brew...,North Conway,NH
2236.0,Monkadelic,American Pale Ale (APA),12.0 oz,0.042,N/A,Modern Monks Brewery,Lincoln,NE
2159.0,City of the Sun,American IPA,16.0 oz,0.075,missing,Modern Times Beer,San Diego,CA
,Booming Rollers,American IPA,16.0 oz,NULL,209.0,Modern Times Beer,San Diego,CA
N/A,Oneida,American Pale Ale (APA),16.0 oz,0.052,NULL,Modern Times Beer,San Diego,CA
NULL,Aurora,American Amber / Red Ale,16.0 oz,0.067,209.0,Modern Times Beer,NULL,CA
1495.0,Lomaland,Saison / Farmhouse Ale,16.0 oz,0.055,209.0,Modern Times Beer,San Diego,
?,Fortunate Islands,?,16.0 oz,0.047,209.0,Modern Times Beer,San Diego,CA
1493.0,Black House,American Stout,16.0 oz,0.058,209.0,Modern Times Beer,San Diego,CA
1492.0,Blazing World,American Amber / Red Ale,16.0 oz,0.065,209.0,Modern Times Beer,San Diego,CA
327.0,Wapiti Amber Ale,American Amber / Red Ale,12.0 oz,0.05,NULL,Mogollon Brewing Company,missing,AZ
719.0,missing,American Brown Ale,16.0 oz,0.054,,Monkey Paw Pub & Brewery,San Diego,NULL
718.0,Rich Man's IIPA,American Double / Imperial IPA,16.0 oz,0.087,514.0,Monkey Paw Pub & Brewery,San Diego,CA
717.0,Monkey Paw Oatmeal Pale Ale,,16.0 oz,0.058,514.0,Monkey Paw Pub & Brewery,San Diego,CA
1907.0,Montauk Summer Ale,American Blonde Ale,12.0 oz,0.056,276.0,Montauk Brewing Company,Montauk,NY
,Driftwood Ale,Extra Special / Strong Bitter (ESB),12.0 oz,0.06,276.0,Montauk Brewing Company,Montauk,NY
1756.0,NULL,Munich Helles Lager,,0.056,326.0,Morgan Street Brewery,Saint Louis,MO
1617.0,Morgan Street Oktoberfest,Märzen / Oktoberfest,12.0 oz,0.049,326.0,Morgan Street Brewery,Saint Louis,MO
1052.0,Honey Wheat,American Pale Wheat Ale,12.0 oz,,326.0,,Saint Louis,NULL
1051.0,Black Bear Dark Lager,Schwarzbier,12.0 oz,0.046,N/A,Morgan Street Brewery,Saint Louis,MO
1046.0,Golden Pilsner,German Pilsener,12.0 oz,0.05,326.0,NULL,Saint Louis,MO
2413.0,Cali Creamin',missing,12.0 oz,0.052,111.0,Mother Earth Brew Company,Vista,CA
419.0,N/A,American Pale Ale (APA),12.0 oz,0.05,N/A,Mother Earth Brewing Company,Kinston,NC
,Sunny Haze,Hefeweizen,12.0 oz,0.05,540.0,Mother Earth Brewing Company,Kinston,NC
2237.0,Towhead,American Blonde Ale,12.0 oz,?,188.0,NULL,Springfield,MO
,Lil' Helper,American IPA,12.0 oz,0.07,188.0,Mother's Brewing,Springfield,MO
1952.0,Train Wreck,American Amber / Red Ale,16.0 oz,0.082,260.0,,Mount Pleasant,MI
768.0,Full Moon Belgian White Ale,missing,12.0 oz,0.085,507.0,Mudshark Brewing Company,Lake Havasu City,AZ
625.0,Desert Magic IPA,American IPA,12.0 oz,0.072,507.0,Mudshark Brewing Company,Lake Havasu City,AZ
326.0,Up River Light,NULL,NULL,0.042,507.0,Mudshark Brewing Company,NULL,AZ
NULL,Full Moon Belgian White Ale (2007),Witbier,12.0 oz,0.085,507.0,Mudshark Brewing Company,Lake Havasu City,AZ
?,,Hefeweizen,12.0 oz,?,,Mudshark Brewing Company,Lake Havasu City,NULL
1598.0,,American Amber / Red Lager,12.0 oz,0.05,?,Mustang Brewing Company,,OK
862.0,Mustang '33,?,12.0 oz,0.04,366.0,Mustang Brewing Company,Mustang,OK
699.0,Session '33 (2011),,12.0 oz,0.04,,Mustang Brewing Company,Mustang,OK
421.0,Mustang Golden Ale,American Blonde Ale,12.0 oz,0.053,366.0,Mustang Brewing Company,Mustang,OK
420.0,N/A,American Pale Wheat Ale,12.0 oz,0.053,366.0,Mustang Brewing Company,?,OK
2345.0,Gansett Light,Light Lager,16.0 oz,0.037,143.0,Narragansett Brewing Company,Providence,RI
2224.0,Bohemian Pils,American Pilsner,?,0.052,,Narragansett Brewing Company,Providence,RI
1775.0,Autocrat Coffee Milk Stout,Milk / Sweet Stout,missing,0.053,143.0,Narragansett Brewing Company,Providence,NULL
1291.0,Narragansett Bohemian Pilsner,German Pilsener,16.0 oz,,143.0,Narragansett Brewing Company,NULL,?
N/A,Narragansett Summer Ale,American Pale Wheat Ale,12.0 oz,0.042,143.0,Narragansett Brewing Company,Providence,RI
580.0,Narragansett Cream Ale,Cream Ale,16.0 oz,0.05,143.0,Narragansett Brewing Company,Providence,
403.0,Narragansett Summer Ale,American Pale Wheat Ale,16.0 oz,0.042,,Narragansett Brewing Company,Providence,RI
316.0,Narragansett Porter,American Porter,16.0 oz,0.07,143.0,,Providence,RI
315.0,Narragansett Bock,missing,16.0 oz,0.065,143.0,Narragansett Brewing Company,?,
314.0,Narragansett Fest Lager,Märzen / Oktoberfest,missing,0.055,143.0,Narragansett Brewing Company,Providence,RI
1537.0,Undun Blonde Ale,American Blonde Ale,16.0 oz,0.053,,missing,N/A,OR
1536.0,CuDa Cascadian Dark Ale,American Black Ale,16.0 oz,0.074,387.0,Natian Brewery,Portland,OR
1265.0,Old Grogham Imperial India Pale Ale,American Double / Imperial IPA,16.0 oz,0.085,387.0,Natian Brewery,Portland,OR
?,Old Grogham Imperial India Pale Ale (2012),American Double / Imperial IPA,16.0 oz,0.085,387.0,Natian Brewery,Portland,OR
?,CuDa Cascadian Dark Ale (2012),American Black Ale,16.0 oz,0.074,387.0,Natian Brewery,Portland,OR
654.0,Undun Blonde Ale (2012),?,16.0 oz,0.053,387.0,Natian Brewery,Portland,OR
1705.0,Wick For Brains,Pumpkin Ale,12.0 oz,NULL,337.0,NULL,?,
1148.0,Nebraska India Pale Ale,American IPA,12.0 oz,missing,337.0,Nebraska Brewing Company,Papillion,NE
?,EOS Hefeweizen,Hefeweizen,N/A,0.048,missing,Nebraska Brewing Company,Papillion,NE
1146.0,Brunette Nut Brown Ale,English Brown Ale,12.0 oz,0.048,337.0,Nebraska Brewing Company,Papillion,NE
NULL,Cardinal Pale Ale,American Pale Ale (APA),missing,0.057,337.0,Nebraska Brewing Company,Papillion,NE
1758.0,County Line IPA,American IPA,12.0 oz,0.066,325.0,Neshaminy Creek Brewing Company,Croydon,PA
1757.0,Trauger Pilsner,German Pilsener,,0.048,?,Neshaminy Creek Brewing Company,N/A,N/A
2475.0,Slow Ride,American IPA,?,0.045,82.0,New Belgium Brewing Company,Fort Collins,CO
2230.0,Ranger IPA,American IPA,12.0 oz,0.065,missing,New Belgium Brewing Company,Fort Collins,CO
1987.0,NULL,American Pale Lager,missing,NULL,82.0,New Belgium Brewing Company,N/A,?
1978.0,1554 Black Lager,Euro Dark Lager,12.0 oz,0.056,82.0,New Belgium Brewing Company,Fort Collins,CO
1975.0,N/A,Czech Pilsener,12.0 oz,?,82.0,New Belgium Brewing Company,Fort Collins,
1737.0,California Route,American Amber / Red Lager,12.0 oz,0.055,82.0,New Belgium Brewing Company,Fort Collins,CO
1707.0,Snapshot,American Pale Wheat Ale,16.0 oz,0.052,82.0,New Belgium Brewing Company,Fort Collins,CO
1690.0,Sunshine Wheat Beer,American Pale Wheat Ale,12.0 oz,0.048,82.0,New Belgium Brewing Company,Fort Collins,CO
1586.0,Fat Tire Amber Ale,American Amber / Red Ale,12.0 oz,0.052,,New Belgium Brewing Company,Fort Collins,CO
952.0,Shift (1),American Pale Lager,N/A,0.05,82.0,New Belgium Brewing Company,Fort Collins,CO
748.0,NULL,NULL,12.0 oz,0.052,82.0,?,,CO
578.0,missing,American Pale Lager,16.0 oz,0.05,82.0,,Fort Collins,CO
564.0,Ranger IPA,American IPA,16.0 oz,0.065,82.0,New Belgium Brewing Company,Fort Collins,CO
563.0,Fat Tire Amber Ale,American Amber / Red Ale,16.0 oz,0.052,82.0,New Belgium Brewing Company,Fort Collins,CO
115.0,,American IPA,12.0 oz,0.065,82.0,New Belgium Brewing Company,,CO
72.0,N/A,American Pale Wheat Ale,12.0 oz,0.048,82.0,New Belgium Brewing Company,Fort Collins,CO
71.0,Fat Tire Amber Ale (2008),NULL,12.0 oz,NULL,82.0,New Belgium Brewing Company,?,NULL
1417.0,Weiss Trash Culture,Berliner Weissbier,12.0 oz,0.034,410.0,New England Brewing Company,Woodbridge,
885.0,Sea Hag IPA,American IPA,12.0 oz,0.062,NULL,New England Brewing Company,Woodbridge,CT
,Elm City Pilsner,American Pilsner,12.0 oz,0.05,410.0,New England Brewing Company,Woodbridge,CT
757.0,,American Amber / Red Ale,12.0 oz,0.05,410.0,New England Brewing Company,Woodbridge,CT
568.0,668 Neighbor of the Beast12 oz.,Belgian Pale Ale,12.0 oz,0.09,410.0,New England Brewing Company,Woodbridge,CT
320.0,Gandhi-Bot Double IPA (12 oz.),American Double / Imperial IPA,12.0 oz,0.088,?,New England Brewing Company,Woodbridge,CT
43.0,668 Neighbor of the Beast (16 oz.) (2010),Belgian Pale Ale,16.0 oz,0.09,410.0,New England Brewing Company,Woodbridge,CT
42.0,Gandhi-Bot Double IPA (16 oz.) (2010),American Double / Imperial IPA,NULL,0.088,410.0,New England Brewing Company,Woodbridge,CT
41.0,NULL,American Pilsner,12.0 oz,0.05,,New England Brewing Company,NULL,?
40.0,Atlantic Amber Ale (2007),American Amber / Red Ale,12.0 oz,0.05,410.0,New England Brewing Company,Woodbridge,missing
39.0,Sea Hag IPA (Current),American IPA,,N/A,missing,New England Brewing Company,Woodbridge,?
,Rebirth Pale Ale,American Pale Ale (APA),?,missing,174.0,New Orleans Lager & Ale Brewing ...,,LA
1582.0,Irish Channel Stout,American Stout,,0.068,174.0,New Orleans Lager & Ale Brewing ...,New Orleans,LA
1114.0,MechaHopzilla,American Double / Imperial IPA,16.0 oz,0.088,174.0,missing,New Orleans,LA
N/A,Hopitoulas IPA,American IPA,16.0 oz,0.065,174.0,N/A,NULL,LA
485.0,,English Dark Mild Ale,12.0 oz,0.039,174.0,New Orleans Lager & Ale Brewing ...,,LA
484.0,NOLA Blonde Ale,American Blonde Ale,12.0 oz,0.049,174.0,New Orleans Lager & Ale Brewing ...,New Orleans,LA
2043.0,NULL,Dunkelweizen,12.0 oz,0.056,241.0,New Republic Brewing Company,missing,NULL
2042.0,Kadigan,American Blonde Ale,12.0 oz,0.056,N/A,New Republic Brewing Company,College Station,TX
2041.0,Dammit Jim!,American Amber / Red Ale,12.0 oz,0.052,241.0,New Republic Brewing Company,missing,TX
646.0,Nut Brown Ale,English Brown Ale,12.0 oz,0.054,518.0,New South Brewing Company,Myrtle Beach,
165.0,White Ale,Witbier,12.0 oz,,518.0,,?,NULL
2050.0,?,Cream Ale,12.0 oz,NULL,238.0,Newburgh Brewing Company,Newburgh,NY
915.0,Green Head IPA,American IPA,12.0 oz,0.072,495.0,Newburyport Brewing Company,Newburyport,MA
914.0,Plum Island Belgian White,Witbier,12.0 oz,?,495.0,N/A,Newburyport,MA
913.0,Newburyport Pale Ale,American Pale Ale (APA),12.0 oz,0.055,495.0,Newburyport Brewing Company,,MA
,Marblehead,,16.0 oz,0.055,305.0,Night Shift Brewing,Everett,MA
1622.0,Jam Session,American Pale Ale (APA),16.0 oz,0.051,359.0,NoDa Brewing Company,?,NC
1621.0,Hop Drop 'N Roll IPA,American IPA,16.0 oz,missing,359.0,NoDa Brewing Company,missing,NC
1307.0,Paleo IPA,English India Pale Ale (IPA),12.0 oz,0.06,431.0,North Country Brewing Company,,PA
1306.0,Buck Snort Stout,American Stout,12.0 oz,0.061,431.0,North Country Brewing Company,Slippery Rock,PA
1305.0,Station 33 Firehouse Red,,12.0 oz,0.055,431.0,N/A,Slippery Rock,PA
1304.0,Slimy Pebble Pils,German Pilsener,12.0 oz,0.045,431.0,North Country Brewing Company,Slippery Rock,PA
2692.0,Get Together,missing,16.0 oz,0.045,0.0,NorthGate Brewing,Minneapolis,MN
2691.0,Maggie's Leap,Milk / Sweet Stout,16.0 oz,0.049,NULL,NorthGate Brewing,Minneapolis,MN
2690.0,Wall's End,English Brown Ale,16.0 oz,0.048,0.0,NorthGate Brewing,Minneapolis,MN
N/A,Pumpion,Pumpkin Ale,16.0 oz,0.06,0.0,NorthGate Brewing,Minneapolis,MN
2688.0,Stronghold,American Porter,16.0 oz,0.06,,NorthGate Brewing,Minneapolis,MN
2687.0,Parapet ESB,Extra Special / Strong Bitter (ESB),16.0 oz,0.056,0.0,NorthGate Brewing,Minneapolis,MN
,Blue Boots IPA,American IPA,16.0 oz,0.069,293.0,Northampton Brewery,Northamtpon,MA
1227.0,Hoppy Bitch IPA,American IPA,16.0 oz,0.063,450.0,Northwest Brewing Company,Pacific,WA
1226.0,Three Skulls Ale Pale Ale,American Pale Ale (APA),16.0 oz,0.063,450.0,Northwest Brewing Company,,WA
541.0,Walter's Premium Pilsener Beer,German Pilsener,12.0 oz,0.045,529.0,,missing,WI
109.0,Floppin' Crappie,American Pale Wheat Ale,12.0 oz,0.045,529.0,Northwoods Brewpub,?,?
,Left of the Dial IPA,American IPA,12.0 oz,0.043,271.0,Notch Brewing Company,Ipswich,MA
1190.0,?,Czech Pilsener,missing,N/A,271.0,Notch Brewing Company,Ipswich,MA
NULL,O'Fallon Pumpkin Beer,Pumpkin Ale,12.0 oz,0.055,442.0,O'Fallon Brewery,,MO
1258.0,5 Day IPA,American IPA,12.0 oz,0.061,442.0,O'Fallon Brewery,,MO
128.0,missing,Fruit / Vegetable Beer,12.0 oz,0.051,442.0,O'Fallon Brewery,O'Fallon,MO
2331.0,NULL,American IPA,12.0 oz,0.067,150.0,Oakshire Brewing,Eugene,OR
1669.0,Oakshire Amber Ale,American Amber / Red Ale,12.0 oz,?,missing,Oakshire Brewing,missing,OR
1668.0,N/A,American Stout,12.0 oz,0.058,150.0,Oakshire Brewing,Eugene,OR
999.0,NULL,American IPA,12.0 oz,0.067,150.0,?,,OR
2247.0,Lake Monster,missing,16.0 oz,0.082,184.0,Oasis Texas Brewing Company,Austin,TX
2071.0,London Homesick Ale,English Bitter,12.0 oz,0.049,184.0,?,Austin,TX
2070.0,Luchesa Lager,Keller Bier / Zwickel Bier,12.0 oz,0.048,184.0,Oasis Texas Brewing Company,Austin,TX
2069.0,Slow Ride,American Pale Ale (APA),12.0 oz,0.048,184.0,Oasis Texas Brewing Company,Austin,?
2192.0,NULL,American Pale Wheat Ale,16.0 oz,,200.0,Occidental Brewing Company,Portland,OR
1130.0,Occidental Dunkel,Dunkelweizen,16.0 oz,0.051,200.0,Occidental Brewing Company,Portland,OR
1129.0,Occidental Altbier,NULL,16.0 oz,0.05,200.0,NULL,Portland,
1081.0,Occidental Kölsch,Kölsch,16.0 oz,N/A,200.0,Occidental Brewing Company,Portland,OR
2335.0,Perpetual Darkness,Belgian Strong Dark Ale,12.0 oz,,148.0,Odyssey Beerwerks,Arvada,CO
2334.0,Clan Warrior,Scotch Ale / Wee Heavy,12.0 oz,0.087,148.0,Odyssey Beerwerks,Arvada,CO
2333.0,Psycho Penguin Vanilla Porter,American Porter,12.0 oz,0.054,,Odyssey Beerwerks,Arvada,missing
1721.0,Heliocentric Hefeweizen,Hefeweizen,12.0 oz,0.047,N/A,missing,N/A,CO
1720.0,Ghose Drifter Pale Ale,American Pale Ale (APA),12.0 oz,0.051,148.0,Odyssey Beerwerks,Arvada,CO
1431.0,Ghost Rider Pale Ale (2013),American Pale Ale (APA),12.0 oz,0.051,,,Arvada,CO
1430.0,Helios Hefeweizen (2013),Hefeweizen,12.0 oz,0.047,148.0,Odyssey Beerwerks,Arvada,CO
1059.0,The Hole in Hadrian's Wall,Scottish Ale,16.0 oz,NULL,471.0,Okoboji Brewing Company,Spirit Lake,IA
1058.0,33 Select Brown Ale,American Brown Ale,16.0 oz,0.065,?,Okoboji Brewing Company,Spirit Lake,IA
603.0,Midwest Charm Farmhouse Ale,Saison / Farmhouse Ale,16.0 oz,0.06,?,Okoboji Brewing Company,Spirit Lake,?
N/A,Boji Blue Pale Ale,American Pale Ale (APA),16.0 oz,0.05,471.0,Okoboji Brewing Company,Spirit Lake,IA
601.0,missing,American Stout,16.0 oz,0.057,,Okoboji Brewing Company,Spirit Lake,IA
600.0,Boji Beach Golden Rye Ale,Rye Beer,16.0 oz,N/A,471.0,Okoboji Brewing Company,Spirit Lake,IA
1828.0,Hopsmith Pale Lager,American Pale Lager,16.0 oz,0.06,301.0,Old Forge Brewing Company,Danville,PA
1487.0,Falling Down Brown Ale,N/A,16.0 oz,0.065,301.0,Old Forge Brewing Company,Danville,NULL
1486.0,Resolution Rye Stout,American Stout,16.0 oz,0.068,missing,Old Forge Brewing Company,Danville,?
1485.0,missing,American Porter,16.0 oz,0.055,,Old Forge Brewing Company,Danville,PA
,Old Forge Pumpkin Ale,Pumpkin Ale,16.0 oz,N/A,NULL,Old Forge Brewing Company,Danville,PA
1381.0,Endless Sun Ale,N/A,N/A,0.045,301.0,Old Forge Brewing Company,Danville,PA
900.0,Celestial Blonde Ale,N/A,16.0 oz,0.065,301.0,Old Forge Brewing Company,Danville,PA
891.0,Overbite IPA,American IPA,16.0 oz,0.075,301.0,Old Forge Brewing Company,Danville,PA
509.0,T-Rail Pale Ale,American Pale Ale (APA),16.0 oz,0.055,301.0,Old Forge Brewing Company,Danville,PA
508.0,N/A,American Pale Wheat Ale,16.0 oz,0.048,missing,,?,PA
1530.0,Clem's Gold,American Pale Lager,16.0 oz,0.053,390.0,Orlison Brewing Company,Airway Heights,WA
1529.0,Lizzy's Red,NULL,16.0 oz,0.055,390.0,,Airway Heights,WA
1528.0,N/A,American Pale Lager,16.0 oz,?,390.0,Orlison Brewing Company,Airway Heights,?
N/A,Brünette,missing,?,0.042,390.0,Orlison Brewing Company,Airway Heights,WA
1526.0,?,Light Lager,16.0 oz,0.041,390.0,Orlison Brewing Company,Airway Heights,WA
2113.0,N/A,Saison / Farmhouse Ale,12.0 oz,NULL,216.0,Orpheus Brewing,,GA
2112.0,Atalanta,Saison / Farmhouse Ale,12.0 oz,,216.0,Orpheus Brewing,Atlanta,GA
?,Pinner Throwback IPA,American IPA,,0.049,166.0,Oskar Blues Brewery,Longmont,CO
1883.0,Centennial State Pale Ale,American Pale Ale (APA),19.2 oz,0.052,166.0,Oskar Blues Brewery,Longmont,CO
1859.0,N/A,Scotch Ale / Wee Heavy,16.0 oz,0.08,166.0,Oskar Blues Brewery,Longmont,CO
1796.0,The CROWLER,Scotch Ale / Wee Heavy,32.0 oz,nan (wait to be cleaned),32.0,Oskar Blues Brewery,Longmont,CO
1790.0,CAN'D AID Foundation,nan (wait to be cleaned),12.0 oz,nan (wait to be cleaned),,Oskar Blues Brewery,Longmont,CO
1752.0,Icey.P.A.,American IPA,16.0 oz,nan (wait to be cleaned),NULL,Oskar Blues Brewery,Longmont,CO
1751.0,One Nut Brown,English Brown Ale,12.0 oz,0.05,?,Oskar Blues Brewery,Longmont,CO
1750.0,Birth IPA,American IPA,12.0 oz,nan (wait to be cleaned),166.0,N/A,Longmont,CO
1444.0,Dale's Pale Ale,American Pale Ale (APA),12.0 oz,0.065,166.0,Oskar Blues Brewery,Longmont,CO
1252.0,Dale's Pale Ale,American Pale Ale (APA),12.0 oz,NULL,?,Oskar Blues Brewery,Longmont,CO
1167.0,Mama's Little Yella Pils,Czech Pilsener,19.2 oz,0.053,166.0,Oskar Blues Brewery,Longmont,missing
993.0,oSKAr the G'Rauch,,19.2 oz,0.085,166.0,Oskar Blues Brewery,,CO
N/A,oSKAr the G'Rauch,American IPA,16.0 oz,N/A,166.0,Oskar Blues Brewery,Longmont,CO
?,Dale's Pale Ale,?,19.2 oz,0.065,166.0,Oskar Blues Brewery,missing,CO
933.0,missing,American Brown Ale,16.0 oz,0.07,N/A,Oskar Blues Brewery,Longmont,CO
892.0,NULL,American Pale Ale (APA),12.0 oz,0.065,166.0,Oskar Blues Brewery,Longmont,CO
828.0,Dale's Pale Ale (2012),American Pale Ale (APA),12.0 oz,0.065,166.0,Oskar Blues Brewery,Longmont,CO
806.0,Gordon Imperial Red (2010),American Double / Imperial IPA,12.0 oz,0.087,166.0,Oskar Blues Brewery,NULL,CO
755.0,Dale's Pale Ale (2011),American Pale Ale (APA),12.0 oz,0.065,166.0,Oskar Blues Brewery,Longmont,
754.0,Dale's Pale Ale (2010),American Pale Ale (APA),12.0 oz,0.065,166.0,Oskar Blues Brewery,Longmont,CO
726.0,G'KNIGHT (16 oz.),American Double / Imperial IPA,16.0 oz,0.087,166.0,Oskar Blues Brewery,Longmont,CO
720.0,15th Anniversary Abbey Ale (2012),Belgian Dark Ale,16.0 oz,0.09,166.0,Oskar Blues Brewery,Longmont,CO
661.0,NULL,,16.0 oz,0.08,166.0,Oskar Blues Brewery,Longmont,CO
585.0,HGH (Home Grown Hops): Part Duh,American Strong Ale,12.0 oz,0.08,166.0,N/A,Longmont,CO
,Deviant Dale's IPA,American Double / Imperial IPA,16.0 oz,0.08,166.0,?,Longmont,?
391.0,One Hit Wonder,American Double / Imperial IPA,12.0 oz,0.09,166.0,Oskar Blues Brewery,Longmont,CO
388.0,N/A,American Double / Imperial IPA,12.0 oz,0.087,166.0,Oskar Blues Brewery,Longmont,NULL
8.0,,Russian Imperial Stout,12.0 oz,0.099,166.0,Oskar Blues Brewery,,CO
?,Mama's Little Yella Pils,Czech Pilsener,12.0 oz,0.053,166.0,Oskar Blues Brewery,Longmont,CO
6.0,GUBNA Imperial IPA,American Double / Imperial IPA,12.0 oz,0.099,,Oskar Blues Brewery,Longmont,CO
5.0,Old Chub,Scottish Ale,12.0 oz,0.08,NULL,Oskar Blues Brewery,Longmont,CO
4.0,Gordon Ale (2009),American Double / Imperial IPA,12.0 oz,0.087,166.0,Oskar Blues Brewery,N/A,CO
1.0,Dale's Pale Ale,American Pale Ale (APA),12.0 oz,0.065,166.0,Oskar Blues Brewery,Longmont,CO
805.0,Gordon (2005),American Double / Imperial IPA,12.0 oz,0.092,missing,Oskar Blues Brewery,Lyons,CO
804.0,Ten Fidy Imperial Stout (2008),Russian Imperial Stout,12.0 oz,0.095,503.0,Oskar Blues Brewery,Lyons,CO
803.0,Ten Fidy Imperial Stout (2007),Russian Imperial Stout,12.0 oz,0.099,503.0,,Lyons,CO
787.0,Old Chub (2008),Scottish Ale,12.0 oz,0.08,?,missing,Lyons,CO
786.0,Old Chub (2004),Scottish Ale,12.0 oz,0.08,missing,Oskar Blues Brewery,Lyons,CO
785.0,Old Chub (2003),Scottish Ale,12.0 oz,0.08,503.0,Oskar Blues Brewery,Lyons,CO
745.0,Dale's Pale Ale (2008),American Pale Ale (APA),12.0 oz,0.065,503.0,Oskar Blues Brewery,Lyons,CO
744.0,Dale's Pale Ale (2006),American Pale Ale (APA),NULL,0.065,N/A,NULL,Lyons,CO
743.0,Dale's Pale Ale (2004),American Pale Ale (APA),12.0 oz,0.065,503.0,NULL,Lyons,CO
742.0,Dale's Pale Ale (2003),American Pale Ale (APA),N/A,0.065,503.0,,Lyons,CO
741.0,Dale's Pale Ale (2002),American Pale Ale (APA),N/A,0.065,missing,Oskar Blues Brewery,Lyons,CO
734.0,Leroy (2005),American Brown Ale,12.0 oz,0.052,503.0,Oskar Blues Brewery,Lyons,CO
733.0,Gordon Beer (2006),,12.0 oz,missing,503.0,Oskar Blues Brewery,,CO
1533.0,G'KNIGHT,American Double / Imperial IPA,,0.087,389.0,Oskar Blues Brewery (North Carol...,missing,NC
1532.0,Ten Fidy,Russian Imperial Stout,12.0 oz,0.099,389.0,Oskar Blues Brewery (North Carol...,Brevard,missing
1328.0,Deviant Dale's IPA,American Double / Imperial IPA,16.0 oz,0.08,389.0,Oskar Blues Brewery (North Carol...,Brevard,NC
,Old Chub,Scottish Ale,12.0 oz,0.08,389.0,N/A,Brevard,NC
,Dale's Pale Ale,American Pale Ale (APA),19.2 oz,0.065,389.0,Oskar Blues Brewery (North Carol...,Brevard,NC
1065.0,missing,,12.0 oz,0.065,389.0,Oskar Blues Brewery (North Carol...,Brevard,NC
1908.0,Fresh Slice White IPA,American White IPA,12.0 oz,0.055,275.0,Otter Creek Brewing,Middlebury,VT
1946.0,Overgrown American Pale Ale,missing,missing,0.055,261.0,Otter Creek Brewing,Waterbury,VT
1961.0,NULL,American Pale Ale (APA),12.0 oz,0.04,259.0,?,Rogers,AR
,Hula Hoppie Session IPA,American IPA,12.0 oz,0.048,341.0,Palisade Brewing Company,Palisade,CO
927.0,Dirty Hippie Dark Wheat,American Dark Wheat Ale,12.0 oz,,341.0,Palisade Brewing Company,Palisade,CO
1268.0,Rustic Red,Irish Red Ale,16.0 oz,0.052,441.0,Pateros Creek Brewing Company,Fort Collins,CO
697.0,Stimulator Pale Ale,?,16.0 oz,N/A,N/A,Pateros Creek Brewing Company,Fort Collins,CO
696.0,?,Kölsch,16.0 oz,0.045,441.0,Pateros Creek Brewing Company,Fort Collins,CO
695.0,Car 21,English Bitter,16.0 oz,0.044,441.0,missing,Fort Collins,CO
NULL,Cache La Porter,American Porter,16.0 oz,0.05,441.0,Pateros Creek Brewing Company,Fort Collins,CO
1805.0,Rodeo Rye Pale Ale,American Pale Ale (APA),12.0 oz,0.042,307.0,Payette Brewing Company,Garden City,ID
1048.0,Outlaw IPA,American IPA,12.0 oz,0.062,307.0,Payette Brewing Company,N/A,?
1043.0,North Fork Lager,?,12.0 oz,0.044,307.0,Payette Brewing Company,Garden City,ID
890.0,Payette Pale Ale,,12.0 oz,,307.0,Payette Brewing Company,Garden City,ID
775.0,missing,American Brown Ale,12.0 oz,0.055,,Payette Brewing Company,,ID
1087.0,Side Kick Kölsch,Kölsch,12.0 oz,0.05,468.0,Peace Tree Brewing Company,Knoxville,IA
1931.0,Fresh Cut Pilsner,American Pilsner,12.0 oz,0.046,266.0,Peak Organic Brewing Company,NULL,ME
,missing,American Pale Wheat Ale,missing,0.05,,Peak Organic Brewing Company,Portland,N/A
2238.0,Lobo Lito,Light Lager,12.0 oz,missing,187.0,Pedernales Brewing Company,Fredericksburg,TX
2144.0,NULL,American Pilsner,12.0 oz,0.05,187.0,Pedernales Brewing Company,,TX
2175.0,Mound Builder IPA,American IPA,12.0 oz,0.065,205.0,,Lafayette,IN
2168.0,Amazon Princess IPA,American IPA,12.0 oz,0.062,205.0,People's Brewing Company,Lafayette,IN
1956.0,?,American Pale Wheat Ale,12.0 oz,0.042,205.0,People's Brewing Company,Lafayette,IN
1794.0,People's Pilsner,German Pilsener,12.0 oz,0.045,205.0,People's Brewing Company,Lafayette,IN
2633.0,Hotbox Brown,American Brown Ale,12.0 oz,0.055,13.0,Perrin Brewing Company,Comstock Park,MI
2632.0,Gold,?,12.0 oz,0.048,13.0,Perrin Brewing Company,Comstock Park,MI
2631.0,Black,American Black Ale,12.0 oz,0.058,13.0,Perrin Brewing Company,Comstock Park,MI
2630.0,missing,American IPA,12.0 oz,0.065,13.0,,Comstock Park,MI
2629.0,Veteran’s Pale Ale (VPA),American Pale Ale (APA),12.0 oz,,13.0,missing,Comstock Park,MI
2628.0,Grapefruit IPA,American IPA,,0.05,13.0,Perrin Brewing Company,Comstock Park,MI
1062.0,missing,American Pale Lager,12.0 oz,0.051,470.0,Pete's Brewing Company,San Antonio,TX
1061.0,Pete's Wicked Summer Brew (1995),N/A,12.0 oz,0.047,470.0,Pete's Brewing Company,San Antonio,TX
1060.0,Pete's Wicked Bohemian Pilsner (1997),Czech Pilsener,12.0 oz,0.049,470.0,Pete's Brewing Company,San Antonio,TX
1056.0,?,American Pale Ale (APA),12.0 oz,nan (wait to be cleaned),470.0,Pete's Brewing Company,San Antonio,TX
1055.0,Pete's Wicked Summer Brew (2002),missing,missing,0.047,470.0,Pete's Brewing Company,San Antonio,TX
1054.0,Pete's Wicked Summer Brew (1997),American Pale Wheat Ale,,0.047,470.0,Pete's Brewing Company,NULL,TX
1053.0,Pete's Wicked Summer Brew (1996),American Pale Wheat Ale,12.0 oz,0.047,470.0,Pete's Brewing Company,San Antonio,TX
2635.0,Sparkle,American Pale Lager,16.0 oz,0.041,11.0,Petoskey Brewing,Petoskey,MI
1404.0,North 45 Amber Ale,American Amber / Red Ale,16.0 oz,0.059,11.0,Petoskey Brewing,Petoskey,MI
1403.0,Horny Monk,Dubbel,missing,0.069,missing,Petoskey Brewing,?,MI
NULL,Mind's Eye PA,American IPA,NULL,N/A,11.0,Petoskey Brewing,Petoskey,MI
2312.0,Camelback,American IPA,12.0 oz,0.061,157.0,Phoenix Ale Brewery,Phoenix,AZ
1636.0,Local 5 Pale Ale,American Pale Ale (APA),16.0 oz,N/A,355.0,?,Monument,NULL
1518.0,Devils Head Red Ale,American Amber / Red Ale,16.0 oz,0.073,355.0,Pikes Peak Brewing Company,Monument,CO
1384.0,Elephant Rock IPA,American IPA,12.0 oz,0.07,355.0,Pikes Peak Brewing Company,Monument,CO
1797.0,Black Bay Milk Stout,Milk / Sweet Stout,12.0 oz,0.05,310.0,Pine Street Brewery,San Francisco,CA
NULL,missing,American Pale Ale (APA),12.0 oz,0.05,310.0,Pine Street Brewery,San Francisco,missing
missing,Hot Date Ale,Chile Beer,,0.06,314.0,Piney River Brewing Company,Bucryus,MO
1540.0,NULL,American Black Ale,16.0 oz,0.07,314.0,Piney River Brewing Company,Bucryus,NULL
1491.0,Sweet Potato Ale,Fruit / Vegetable Beer,16.0 oz,0.06,314.0,Piney River Brewing Company,Bucryus,MO
1335.0,Float Trip Ale,American Blonde Ale,16.0 oz,,314.0,Piney River Brewing Company,missing,MO
847.0,Old Tom Porter,American Porter,NULL,0.055,314.0,Piney River Brewing Company,Bucryus,MO
846.0,Black Walnut Wheat,American Dark Wheat Ale,16.0 oz,0.045,314.0,Piney River Brewing Company,Bucryus,
521.0,McKinney Eddy Amber Ale,American Amber / Red Ale,16.0 oz,0.055,314.0,Piney River Brewing Company,Bucryus,
479.0,N/A,American IPA,16.0 oz,missing,N/A,N/A,Bucryus,MO
2559.0,Blood of the Unicorn,N/A,16.0 oz,0.065,52.0,?,Chicago,IL
NULL,GreyBeard�?IPA,American IPA,12.0 oz,0.069,324.0,Pisgah Brewing Company,,NC
1759.0,Pisgah Pale Ale,American Pale Ale (APA),12.0 oz,0.057,324.0,Pisgah Brewing Company,N/A,NC
1589.0,PONTO S.I.P.A.,American IPA,16.0 oz,0.045,370.0,Pizza Port Brewing Company,Carlsbad,NULL
1457.0,Chronic Ale,N/A,16.0 oz,0.049,370.0,Pizza Port Brewing Company,Carlsbad,CA
1191.0,Swami's India Pale Ale,American IPA,16.0 oz,0.068,370.0,Pizza Port Brewing Company,Carlsbad,CA
2336.0,New Cleveland Palesner,American Pilsner,,0.05,147.0,Platform Beer Company,Cleveland,OH
2553.0,Mazzie,NULL,?,0.054,,Pollyanna Brewing Company,Lemont,IL
1909.0,Big Chuck Barleywine,American Barleywine,12.0 oz,,274.0,Portside Brewery,Cleveland,OH
335.0,Ponderosa IPA,American IPA,12.0 oz,nan (wait to be cleaned),?,Prescott Brewing Company,Prescott,AZ
64.0,Liquid Amber Ale,,12.0 oz,nan (wait to be cleaned),548.0,NULL,NULL,AZ
2360.0,Morning Wood Wheat (Current),American Pale Wheat Ale,12.0 oz,0.059,missing,Pug Ryan's Brewery,,CO
1463.0,Hideout Helles,Munich Helles Lager,12.0 oz,N/A,135.0,missing,Dillon,CO
1462.0,Dead Eye Dunkel,Munich Dunkel Lager,12.0 oz,0.06,135.0,Pug Ryan's Brewery,?,?
1461.0,Peacemaker Pilsner,Czech Pilsener,12.0 oz,0.058,135.0,Pug Ryan's Brewery,Dillon,CO
711.0,,American Pale Ale (APA),12.0 oz,NULL,135.0,Pug Ryan's Brewery,NULL,CO
188.0,,Czech Pilsener,12.0 oz,0.058,,Pug Ryan's Brewery,Dillon,CO
130.0,N/A,American Pale Wheat Ale,12.0 oz,0.059,135.0,Pug Ryan's Brewery,Dillon,CO
399.0,Pyramid Hefeweizen (2011),Hefeweizen,12.0 oz,0.052,544.0,Pyramid Breweries,Seattle,WA
82.0,Haywire Hefeweizen (2010),missing,16.0 oz,,544.0,NULL,Seattle,WA
2031.0,Golden Fleece,NULL,12.0 oz,0.045,246.0,Quest Brewing Company,Greenville,SC
2030.0,Smoking Mirror,American Porter,12.0 oz,0.055,246.0,Quest Brewing Company,Greenville,?
2269.0,Rahr's Blonde,Munich Helles Lager,12.0 oz,0.046,176.0,Rahr & Sons Brewing Company,Fort Worth,TX
2229.0,Pride of Texas Pale Ale,,12.0 oz,0.058,176.0,Rahr & Sons Brewing Company,NULL,TX
?,18th Anniversary Gose,Gose,,0.044,128.0,N/A,Blanco,missing
2211.0,White (2015),Witbier,12.0 oz,0.046,128.0,Real Ale Brewing Company,Blanco,TX
1861.0,BLAKKR,American Black Ale,12.0 oz,0.099,128.0,Real Ale Brewing Company,Blanco,TX
1718.0,Firemans #4 Blonde Ale (2013),,12.0 oz,0.051,128.0,NULL,Blanco,TX
1290.0,The Sword Iron Swan Ale,English Pale Ale,12.0 oz,0.059,128.0,Real Ale Brewing Company,Blanco,TX
,Hans' Pils (2015),German Pilsener,,0.053,128.0,missing,N/A,TX
1086.0,Four Squared (2015),American Blonde Ale,N/A,missing,128.0,Real Ale Brewing Company,Blanco,TX
830.0,Firemans #4 Blonde Ale (2015),American Blonde Ale,12.0 oz,0.051,128.0,Real Ale Brewing Company,missing,TX
1021.0,Watership Brown Ale,American Brown Ale,12.0 oz,0.072,475.0,Red Hare Brewing Company,Marietta,GA
938.0,missing,American IPA,12.0 oz,0.062,475.0,Red Hare Brewing Company,Marietta,GA
715.0,Long Day Lager,Czech Pilsener,12.0 oz,0.049,475.0,Red Hare Brewing Company,NULL,NULL
2516.0,Farmer's Daughter Blonde,American Blonde Ale,16.0 oz,0.051,68.0,Red Shedman Farm Brewery and Hop...,Mt. Airy,MD
2515.0,Pump House IPA,American IPA,16.0 oz,0.055,68.0,Red Shedman Farm Brewery and Hop...,Mt. Airy,MD
,Suicide Blonde IPA,Belgian IPA,16.0 oz,0.07,68.0,Red Shedman Farm Brewery and Hop...,Mt. Airy,MD
,Vanilla Porter,American Porter,16.0 oz,0.047,68.0,Red Shedman Farm Brewery and Hop...,Mt. Airy,MD
?,Honey Rye,Rye Beer,16.0 oz,0.058,68.0,Red Shedman Farm Brewery and Hop...,Mt. Airy,MD
1467.0,Happy Cider,Cider,16.0 oz,0.055,403.0,Red Tank Cider Company,Bend,OR
945.0,Long Hammer IPA,American IPA,16.0 oz,0.065,?,Redhook Brewery,Woodinville,WA
583.0,Long Hammer IPA,American IPA,12.0 oz,0.065,487.0,N/A,Woodinville,WA
339.0,Copper Hook (2011),American Amber / Red Ale,12.0 oz,N/A,487.0,NULL,Woodinville,?
1375.0,Nectar of the Hops,,16.0 oz,0.08,421.0,Redstone Meadery,Boulder,CO
1374.0,Sunshine Nectar,Mead,16.0 oz,?,N/A,Redstone Meadery,,CO
N/A,Black Raspberry Nectar,Mead,NULL,0.08,421.0,Redstone Meadery,Boulder,CO
NULL,Blood Orange Wit,Witbier,?,,,Refuge Brewery,Temecula,N/A
2414.0,missing,American Pale Ale (APA),missing,0.05,110.0,Renegade Brewing Company,missing,CO
NULL,Hammer & Sickle,Russian Imperial Stout,12.0 oz,0.09,110.0,Renegade Brewing Company,Denver,CO
1176.0,Redacted Rye IPA,,16.0 oz,0.07,,Renegade Brewing Company,Denver,CO
1006.0,Elevation Triple India Pale Ale,American Double / Imperial IPA,12.0 oz,0.099,110.0,Renegade Brewing Company,Denver,CO
1005.0,missing,American Blonde Ale,16.0 oz,0.05,110.0,Renegade Brewing Company,Denver,CO
,Ryeteous Rye IPA (2012),American IPA,16.0 oz,0.07,110.0,missing,Denver,CO
1538.0,Stout Ol' Friend,American Stout,NULL,0.064,386.0,Revolution Brewing,,CO
1075.0,Stout Ol' Friend (2012),American Stout,16.0 oz,0.064,386.0,Revolution Brewing,Paonia,CO
710.0,Rye Porter,American Porter,missing,nan (wait to be cleaned),386.0,Revolution Brewing,Paonia,?
709.0,Miner's Gold,American Blonde Ale,16.0 oz,missing,386.0,Revolution Brewing,?,CO
708.0,Vienna Lager,Vienna Lager,16.0 oz,?,386.0,NULL,Paonia,CO
706.0,,?,16.0 oz,0.056,386.0,Revolution Brewing,Paonia,CO
220.0,Colorado Red Ale,American Amber / Red Ale,12.0 oz,0.062,386.0,Revolution Brewing,Paonia,CO
219.0,Miner's Gold,American Blonde Ale,12.0 oz,nan (wait to be cleaned),386.0,Revolution Brewing,Paonia,missing
2576.0,Fist City,,12.0 oz,0.055,44.0,Revolution Brewing Company,Chicago,IL
1133.0,A Little Crazy,Belgian Pale Ale,12.0 oz,0.068,,Revolution Brewing Company,Chicago,IL
609.0,Rosa Hibiscus Ale,Herbed / Spiced Beer,12.0 oz,0.058,44.0,Revolution Brewing Company,Chicago,?
missing,Fistmas Ale,Herbed / Spiced Beer,12.0 oz,0.061,44.0,Revolution Brewing Company,Chicago,IL
,Oktoberfest Revolution,Märzen / Oktoberfest,12.0 oz,0.057,?,Revolution Brewing Company,Chicago,IL
416.0,missing,American Porter,12.0 oz,0.068,44.0,?,Chicago,IL
415.0,missing,American IPA,12.0 oz,0.065,44.0,?,Chicago,IL
414.0,Bottom Up Belgian Wit,Witbier,NULL,0.05,44.0,Revolution Brewing Company,Chicago,IL
2452.0,Hustle,,12.0 oz,0.057,93.0,Rhinegeist Brewery,Cincinnati,?
2451.0,Pure Fury,American Pale Ale (APA),NULL,0.055,93.0,Rhinegeist Brewery,Cincinnati,OH
missing,Dad,American Amber / Red Ale,12.0 oz,0.06,93.0,Rhinegeist Brewery,Cincinnati,OH
1993.0,Panther,American Porter,12.0 oz,0.058,93.0,NULL,,OH
1992.0,Franz,Märzen / Oktoberfest,12.0 oz,0.052,NULL,Rhinegeist Brewery,Cincinnati,?
1935.0,Zen,N/A,12.0 oz,0.043,93.0,Rhinegeist Brewery,Cincinnati,?
,Truth,American IPA,,0.072,93.0,Rhinegeist Brewery,Cincinnati,OH
1851.0,Cougar,American Blonde Ale,12.0 oz,0.048,N/A,Rhinegeist Brewery,Cincinnati,OH
2307.0,Smooth Operator,Cream Ale,16.0 oz,0.038,162.0,N/A,Traverse City,MI
2580.0,Gose,Gose,16.0 oz,,42.0,Rising Tide Brewing Company,Portland,ME
1807.0,Maine Island Trail Ale,American Pale Ale (APA),16.0 oz,0.043,42.0,Rising Tide Brewing Company,Portland,ME
?,River North White Ale,Witbier,,0.05,459.0,River North Brewery,Denver,CO
1179.0,River North Ale,American Amber / Red Ale,16.0 oz,N/A,,River North Brewery,Denver,
1771.0,Lil SIPA,American IPA,,0.05,321.0,Rivertown Brewing Company,missing,OH
1654.0,Hop Bomber Rye Pale Ale,American Pale Ale (APA),16.0 oz,0.055,321.0,Rivertown Brewing Company,Lockland,
2579.0,Jah Mon,American IPA,12.0 oz,0.05,NULL,Rivertowne Brewing Company,Export,PA
2373.0,Oktoberfest,N/A,,0.062,43.0,Rivertowne Brewing Company,Export,PA
2049.0,Headless Wylie,Pumpkin Ale,12.0 oz,0.08,43.0,Rivertowne Brewing Company,Export,PA
2048.0,Dayman IPA,American IPA,12.0 oz,0.05,43.0,Rivertowne Brewing Company,Export,PA
N/A,All Aboard! Anniversary Stout,Oatmeal Stout,12.0 oz,0.071,43.0,Rivertowne Brewing Company,,PA
1879.0,Hop Lace,,12.0 oz,NULL,43.0,Rivertowne Brewing Company,Export,PA
1878.0,OH-PA Session Pale Ale,American Pale Ale (APA),12.0 oz,N/A,?,missing,Export,
1877.0,Patrick's Poison,American Amber / Red Ale,12.0 oz,0.08,43.0,Rivertowne Brewing Company,?,PA
1764.0,NULL,missing,12.0 oz,0.081,43.0,Rivertowne Brewing Company,Export,PA
1103.0,Babbling Blonde,American Blonde Ale,12.0 oz,0.053,,Rivertowne Brewing Company,Export,N/A
?,Maxwell's Scottish Ale,Scottish Ale,12.0 oz,0.051,43.0,Rivertowne Brewing Company,Export,PA
N/A,Grateful White,Witbier,12.0 oz,0.061,43.0,Rivertowne Brewing Company,,PA
1100.0,RT Lager,American Amber / Red Lager,12.0 oz,N/A,43.0,Rivertowne Brewing Company,Export,PA
1099.0,Old Wylie's IPA,American IPA,12.0 oz,0.062,missing,Rivertowne Brewing Company,Export,PA
1098.0,Hala Kahiki Pineapple Beer,Fruit / Vegetable Beer,12.0 oz,0.048,43.0,N/A,Export,PA
1330.0,?,American Amber / Red Lager,16.0 oz,0.045,427.0,Roanoke Railhouse Brewery,Roanoke,VA
2074.0,Pine Knob Pilsner,NULL,16.0 oz,0.053,229.0,Rochester Mills Brewing Company,Rochester,MI
1724.0,Cal and Co. Black Cherry Porter,American Porter,16.0 oz,nan (wait to be cleaned),229.0,Rochester Mills Brewing Company,Rochester,MI
1280.0,Lazy Daze Lager,,16.0 oz,0.055,229.0,Rochester Mills Brewing Company,Rochester,MI
899.0,Rochester Red Ale,American Amber / Red Ale,16.0 oz,0.059,229.0,,Rochester,MI
363.0,Milkshake Stout,Milk / Sweet Stout,16.0 oz,0.05,229.0,Rochester Mills Brewing Company,Rochester,MI
158.0,Cornerstone IPA,American IPA,16.0 oz,0.07,229.0,,Rochester,MI
97.0,Lazy Daze Lager,NULL,12.0 oz,0.055,229.0,Rochester Mills Brewing Company,Rochester,MI
1860.0,Rogue American Amber Ale,American Amber / Red Ale,16.0 oz,0.051,289.0,Rogue Ales,Newport,OR
1577.0,12th Round,American Strong Ale,,0.076,376.0,RoughTail Brewing Company,Midwest City,OK
NULL,RoughTail IPA,American IPA,16.0 oz,0.07,376.0,RoughTail Brewing Company,Midwest City,OK
1575.0,Polar Night Stout,American Stout,16.0 oz,,376.0,RoughTail Brewing Company,Midwest City,OK
NULL,Sundown,Saison / Farmhouse Ale,12.0 oz,0.071,164.0,Round Guys Brewing,Lansdale,PA
2249.0,Sanctified,N/A,12.0 oz,0.099,NULL,Round Guys Brewing,Lansdale,PA
2053.0,Fear of a Brett Planet,American Pale Ale (APA),12.0 oz,0.051,164.0,Round Guys Brewing,N/A,PA
1842.0,Original Slacker Ale,N/A,12.0 oz,0.056,164.0,Round Guys Brewing,Lansdale,PA
1841.0,Alpha Blackback,N/A,12.0 oz,0.072,164.0,Round Guys Brewing,Lansdale,PA
N/A,Kiss Off IPA,,12.0 oz,0.063,164.0,Round Guys Brewing,Lansdale,?
1552.0,Dog Days Summer Ale,Kölsch,12.0 oz,,164.0,Round Guys Brewing,Lansdale,PA
1479.0,1881 California Red,American Amber / Red Ale,,0.056,397.0,Ruhstaller Beer Company,Sacramento,CA
1478.0,CAPT Black IPA,American Black Ale,12.0 oz,0.073,397.0,Ruhstaller Beer Company,,CA
1370.0,,American Amber / Red Lager,12.0 oz,0.048,397.0,Ruhstaller Beer Company,Sacramento,CA
883.0,CAPT Black IPA,American Black Ale,16.0 oz,?,397.0,Ruhstaller Beer Company,Sacramento,CA
882.0,1881 California Red Ale,American Amber / Red Ale,16.0 oz,0.056,397.0,Ruhstaller Beer Company,,CA
1868.0,,Witbier,12.0 oz,N/A,288.0,Saint Archer Brewery,San Diego,CA
,Saint Archer IPA,American IPA,12.0 oz,0.068,288.0,Saint Archer Brewery,San Diego,CA
1865.0,Saint Archer Pale Ale,American Pale Ale (APA),12.0 oz,0.052,288.0,NULL,San Diego,CA
1864.0,Saint Archer Blonde,Kölsch,12.0 oz,0.048,N/A,Saint Archer Brewery,San Diego,CA
,Sex Panther,American Porter,12.0 oz,0.069,30.0,SanTan Brewing Company,Chandler,AZ
2073.0,Winter Warmer (Vault Series),Winter Warmer,16.0 oz,0.095,30.0,SanTan Brewing Company,Chandler,AZ
2063.0,Count Hopula (Vault Series),American Double / Imperial IPA,16.0 oz,0.091,30.0,SanTan Brewing Company,Chandler,AZ
1995.0,Oktoberfest,missing,12.0 oz,0.055,30.0,?,Chandler,AZ
1934.0,SunSpot Golden Ale,American Blonde Ale,N/A,0.05,30.0,SanTan Brewing Company,Chandler,AZ
1329.0,I.W.A. (2011),American Pale Wheat Ale,12.0 oz,0.06,30.0,SanTan Brewing Company,Chandler,AZ
1299.0,Supermonk I.P.A.,Belgian IPA,12.0 oz,0.065,missing,SanTan Brewing Company,Chandler,AZ
1073.0,Epicenter Amber Ale,American Amber / Red Ale,,0.055,NULL,SanTan Brewing Company,Chandler,AZ
1072.0,SanTan HefeWeizen,Hefeweizen,12.0 oz,0.05,30.0,SanTan Brewing Company,Chandler,AZ
1071.0,Hop Shock IPA,American IPA,,0.07,,SanTan Brewing Company,N/A,AZ
852.0,Sex Panther (2014),American Porter,12.0 oz,0.069,30.0,SanTan Brewing Company,,AZ
850.0,Devil’s Ale,American Pale Ale (APA),12.0 oz,0.055,30.0,SanTan Brewing Company,,AZ
839.0,Rail Slide Imperial Spiced Ale,Herbed / Spiced Beer,12.0 oz,0.081,30.0,SanTan Brewing Company,Chandler,AZ
777.0,Mr. Pineapple,Fruit / Vegetable Beer,12.0 oz,0.05,30.0,SanTan Brewing Company,Chandler,AZ
764.0,,American Pale Ale (APA),12.0 oz,0.055,30.0,SanTan Brewing Company,Chandler,AZ
317.0,Hop Shock IPA (2010),American IPA,12.0 oz,0.07,30.0,SanTan Brewing Company,Chandler,AZ
286.0,SanTan HefeWeizen (2010),Hefeweizen,12.0 oz,,30.0,SanTan Brewing Company,Chandler,N/A
285.0,NULL,American Pale Ale (APA),12.0 oz,NULL,30.0,SanTan Brewing Company,,AZ
124.0,Epicenter Amber Ale (2010),American Amber / Red Ale,NULL,0.055,30.0,SanTan Brewing Company,Chandler,?
1392.0,Sanitas Saison Ale,Saison / Farmhouse Ale,missing,0.058,419.0,Sanitas Brewing Company,Boulder,CO
1391.0,Sanitas Black IPA,American Black Ale,12.0 oz,0.068,,Sanitas Brewing Company,,CO
2002.0,Giant DIPA,American Double / Imperial IPA,16.0 oz,0.089,252.0,Santa Cruz Mountain Brewing,Santa Cruz,CA
1683.0,Dread Brown Ale,American Brown Ale,12.0 oz,0.054,252.0,Santa Cruz Mountain Brewing,,CA
1362.0,Casinos IPA,English India Pale Ale (IPA),16.0 oz,0.07,?,,Santa Cruz,CA
1519.0,Saison 88,Saison / Farmhouse Ale,12.0 oz,0.055,392.0,Santa Fe Brewing Company,Santa Fe,NM
967.0,N/A,American Black Ale,12.0 oz,0.071,392.0,Santa Fe Brewing Company,Santa Fe,NM
599.0,Santa Fe Irish Red Ale,Irish Red Ale,12.0 oz,0.045,N/A,Santa Fe Brewing Company,Santa Fe,NM
?,Santa Fe Oktoberfest,Märzen / Oktoberfest,NULL,nan (wait to be cleaned),392.0,N/A,Santa Fe,NM
305.0,Imperial Java Stout,Russian Imperial Stout,12.0 oz,0.08,392.0,Santa Fe Brewing Company,Santa Fe,NM
304.0,Freestyle Pilsner,German Pilsener,12.0 oz,,392.0,Santa Fe Brewing Company,NULL,NM
,Happy Camper IPA,American IPA,12.0 oz,0.066,392.0,Santa Fe Brewing Company,Santa Fe,NM
1477.0,,American Blonde Ale,16.0 oz,0.05,398.0,Saugatuck Brewing Company,,NULL
,NULL,Cider,12.0 oz,0.065,394.0,Schilling & Company,Seattle,WA
1466.0,Ginger Cider,Cider,12.0 oz,0.065,394.0,Schilling & Company,Seattle,WA
1245.0,Schilling Hard Cider,Cider,12.0 oz,0.065,394.0,Schilling & Company,missing,WA
,Schlafly Yakima Wheat Ale,American Pale Wheat Ale,12.0 oz,0.05,428.0,missing,Saint Louis,MO
1323.0,Schlafly Black Lager,Schwarzbier,missing,0.05,428.0,Schlafly Brewing Company,Saint Louis,
1078.0,Schlafly IPA,American IPA,12.0 oz,0.045,428.0,Schlafly Brewing Company,Saint Louis,MO
1077.0,Schlafly American Brown Ale,American Brown Ale,12.0 oz,0.05,428.0,Schlafly Brewing Company,Saint Louis,MO
588.0,,Hefeweizen,12.0 oz,missing,428.0,Schlafly Brewing Company,Saint Louis,MO
53.0,Schlafly Summer Lager,Munich Helles Lager,12.0 oz,0.045,428.0,Schlafly Brewing Company,Saint Louis,MO
815.0,Sea Dog Wild Blueberry Wheat Ale,Fruit / Vegetable Beer,12.0 oz,0.047,502.0,Sea Dog Brewing Company,Portland,ME
1302.0,Blur India Pale Ale,missing,12.0 oz,0.074,432.0,Seabright Brewery,Santa Cruz,CA
1416.0,Dry Cider,Cider,,0.065,411.0,Seattle Cider Company,,WA
1415.0,Dry Hard Cider,Cider,16.0 oz,0.065,411.0,Seattle Cider Company,Seattle,WA
918.0,Frankenlou's IPA,American IPA,16.0 oz,0.07,494.0,Seven Brides Brewery,Silverton,OR
917.0,Becky's Black Cat Porter,American Porter,16.0 oz,missing,494.0,Seven Brides Brewery,Silverton,
2250.0,Seventh Son of a Seventh Son,American Strong Ale,NULL,0.077,183.0,missing,Columbus,OH
1768.0,Stone Fort Brown Ale,English Brown Ale,16.0 oz,N/A,183.0,Seventh Son Brewing Company,Columbus,OH
1767.0,missing,American Amber / Red Ale,16.0 oz,0.077,183.0,missing,Columbus,OH
1766.0,Humulus Nimbus Super Pale Ale,American Pale Ale (APA),16.0 oz,0.06,183.0,Seventh Son Brewing Company,NULL,OH
1765.0,Golden Ratio IPA,American IPA,16.0 oz,0.07,183.0,missing,Columbus,OH
2368.0,Black Hop IPA,American Black Ale,12.0 oz,NULL,130.0,Shebeen Brewing Company,Wolcott,CT
738.0,Archer's Ale (2004),English Pale Ale,12.0 oz,0.05,511.0,Sherwood Forest Brewers,Marlborough,MA
1539.0,Monkey Fist IPA,American IPA,missing,0.069,385.0,Shipyard Brewing Company,Portland,ME
975.0,missing,American Pale Wheat Ale,12.0 oz,0.051,385.0,Shipyard Brewing Company,Portland,ME
814.0,Pumpkinhead Ale,Pumpkin Ale,12.0 oz,0.047,385.0,Shipyard Brewing Company,Portland,ME
727.0,Shipyard Export,American Blonde Ale,12.0 oz,0.051,385.0,Shipyard Brewing Company,Portland,ME
2474.0,?,German Pilsener,12.0 oz,?,83.0,Sierra Nevada Brewing Company,Chico,CA
2239.0,Torpedo,American IPA,12.0 oz,0.072,83.0,Sierra Nevada Brewing Company,Chico,CA
,Yonder Bock,Maibock / Helles Bock,12.0 oz,0.06,83.0,Sierra Nevada Brewing Company,Chico,N/A
1918.0,CANfusion Rye Bock,Rye Beer,12.0 oz,0.06,83.0,Sierra Nevada Brewing Company,missing,CA
1905.0,NULL,American Pale Ale (APA),16.0 oz,0.056,83.0,Sierra Nevada Brewing Company,Chico,CA
,Old Chico Crystal Wheat,American Pale Wheat Ale,12.0 oz,0.048,83.0,Sierra Nevada Brewing Company,Chico,CA
,Summerfest,,12.0 oz,0.05,83.0,Sierra Nevada Brewing Company,Chico,CA
426.0,Torpedo,American IPA,16.0 oz,0.072,83.0,N/A,Chico,N/A
400.0,Sierra Nevada Pale Ale,American Pale Ale (APA),12.0 oz,0.056,N/A,Sierra Nevada Brewing Company,NULL,CA
2353.0,,,16.0 oz,NULL,137.0,Sietsema Orchards and Cider Mill,Ada,MI
212.0,Bear Ass Brown,American Brown Ale,12.0 oz,0.042,551.0,Silverton Brewery,Silverton,CO
161.0,Red Mountain Ale,American Amber / Red Ale,12.0 oz,,551.0,Silverton Brewery,Silverton,CO
160.0,Ice Pick Ale,American IPA,12.0 oz,0.068,551.0,Silverton Brewery,Silverton,CO
2574.0,4Beans,NULL,12.0 oz,NULL,46.0,Sixpoint Craft Ales,Brooklyn,NY
2479.0,Jammer,Gose,missing,0.042,46.0,?,N/A,NY
2443.0,Abigale,Belgian Pale Ale,12.0 oz,0.08,46.0,Sixpoint Craft Ales,missing,NY
2266.0,Rad,Fruit / Vegetable Beer,16.0 oz,0.032,46.0,Sixpoint Craft Ales,Brooklyn,NY
2090.0,Bengali,American IPA,24.0 oz,N/A,46.0,Sixpoint Craft Ales,Brooklyn,N/A
1962.0,Sensi Harvest,N/A,missing,0.047,,N/A,Brooklyn,NY
1696.0,Hi-Res,American Double / Imperial IPA,12.0 oz,,46.0,Sixpoint Craft Ales,Brooklyn,NY
missing,Global Warmer,American Strong Ale,12.0 oz,,46.0,Sixpoint Craft Ales,NULL,NY
1591.0,?,American IPA,16.0 oz,0.067,46.0,N/A,Brooklyn,NY
1388.0,The Crisp,German Pilsener,16.0 oz,missing,46.0,Sixpoint Craft Ales,Brooklyn,NY
1387.0,Sweet Action,Cream Ale,16.0 oz,0.052,46.0,Sixpoint Craft Ales,Brooklyn,NY
1386.0,Righteous Ale,Rye Beer,16.0 oz,0.063,46.0,Sixpoint Craft Ales,Brooklyn,NY
1385.0,missing,American IPA,16.0 oz,0.064,46.0,Sixpoint Craft Ales,Brooklyn,NY
?,3Beans,Baltic Porter,12.0 oz,0.099,46.0,Sixpoint Craft Ales,Brooklyn,missing
778.0,,American Brown Ale,16.0 oz,N/A,46.0,Sixpoint Craft Ales,Brooklyn,NY
630.0,missing,American Pale Wheat Ale,16.0 oz,0.052,46.0,Sixpoint Craft Ales,Brooklyn,NY
629.0,Harbinger,Saison / Farmhouse Ale,16.0 oz,N/A,46.0,Sixpoint Craft Ales,Brooklyn,NY
628.0,Resin,American Double / Imperial IPA,NULL,0.091,,Sixpoint Craft Ales,Brooklyn,NY
525.0,Diesel,missing,16.0 oz,missing,missing,,Brooklyn,NY
512.0,Autumnation (2011-12) (2011),Pumpkin Ale,16.0 oz,0.06,46.0,Sixpoint Craft Ales,?,NY
425.0,The Crisp (2011),German Pilsener,16.0 oz,0.054,46.0,Sixpoint Craft Ales,Brooklyn,?
424.0,Sweet Action (2011),Cream Ale,NULL,0.052,N/A,Sixpoint Craft Ales,,?
423.0,Righteous Ale (2011),Rye Beer,16.0 oz,0.063,46.0,Sixpoint Craft Ales,Brooklyn,NY
422.0,Bengali Tiger (2011),American IPA,16.0 oz,0.064,46.0,Sixpoint Craft Ales,Brooklyn,NY
1942.0,Rudie Session IPA,American IPA,12.0 oz,0.045,264.0,Ska Brewing Company,Durango,CO
1708.0,Taster's Choice,Doppelbock,12.0 oz,0.074,264.0,Ska Brewing Company,missing,CO
1521.0,Modus Hoperandi,American IPA,12.0 oz,0.068,264.0,Ska Brewing Company,Durango,CO
1297.0,Estival Cream Stout,American Stout,12.0 oz,0.058,,Ska Brewing Company,Durango,CO
1192.0,Vernal Minthe Stout,American Stout,12.0 oz,0.058,264.0,Ska Brewing Company,Durango,CO
1013.0,Hibernal Vinifera Stout,Foreign / Export Stout,12.0 oz,0.08,264.0,,Durango,CO
774.0,Autumnal Molé Stout,American Stout,12.0 oz,nan (wait to be cleaned),264.0,Ska Brewing Company,Durango,CO
?,Mexican Logger,American Pale Lager,12.0 oz,0.042,264.0,Ska Brewing Company,Durango,CO
70.0,,American Blonde Ale,12.0 oz,0.053,264.0,N/A,Durango,?
69.0,Euphoria Pale Ale,American Pale Ale (APA),12.0 oz,0.061,264.0,Ska Brewing Company,Durango,
68.0,ESB Special Ale,Extra Special / Strong Bitter (ESB),,N/A,264.0,Ska Brewing Company,Durango,CO
,Modus Hoperandi,American IPA,12.0 oz,0.068,,Ska Brewing Company,Durango,
1792.0,,American Amber / Red Ale,12.0 oz,0.058,?,Slanted Rock Brewing Company,Meridian,ID
1609.0,Initial Point India Pale Ale,American IPA,12.0 oz,0.071,313.0,Slanted Rock Brewing Company,Meridian,ID
2537.0,Monkey Dancing On A Razor Blade,Belgian IPA,24.0 oz,0.085,64.0,SlapShot Brewing Company,Chicago,IL
N/A,,Tripel,24.0 oz,0.082,64.0,SlapShot Brewing Company,Chicago,IL
30.0,Urban Wilderness Pale Ale,English Pale Ale,NULL,0.049,557.0,Sleeping Lady Brewing Company,Anchorage,AK
2305.0,Homefront IPA,American IPA,12.0 oz,N/A,163.0,Sly Fox Brewing Company,Phoenixville,PA
missing,Sly Fox Christmas Ale 2013,Winter Warmer,NULL,0.055,371.0,Sly Fox Brewing Company,Pottstown,PA
N/A,Grisette,Grisette,12.0 oz,0.056,371.0,?,Pottstown,PA
1211.0,360° India Pale Ale,American IPA,missing,0.062,371.0,Sly Fox Brewing Company,Pottstown,PA
1123.0,?,Munich Helles Lager,12.0 oz,0.049,371.0,Sly Fox Brewing Company,Pottstown,
926.0,,Winter Warmer,N/A,0.055,371.0,Sly Fox Brewing Company,Pottstown,PA
894.0,Odyssey Imperial IPA,American Double / Imperial IPA,12.0 oz,0.084,371.0,Sly Fox Brewing Company,Pottstown,PA
166.0,NULL,Märzen / Oktoberfest,12.0 oz,0.058,371.0,Sly Fox Brewing Company,Pottstown,PA
24.0,113 IPA,American IPA,12.0 oz,0.07,371.0,Sly Fox Brewing Company,,PA
23.0,Dunkel Lager,Munich Dunkel Lager,12.0 oz,0.053,371.0,Sly Fox Brewing Company,Pottstown,PA
22.0,Royal Weisse Ale,Hefeweizen,12.0 oz,0.056,371.0,Sly Fox Brewing Company,Pottstown,PA
21.0,Pikeland Pils,German Pilsener,12.0 oz,0.049,371.0,Sly Fox Brewing Company,Pottstown,NULL
20.0,N/A,American Pale Ale (APA),12.0 oz,0.051,371.0,Sly Fox Brewing Company,Pottstown,PA
2407.0,Rule G IPA,American IPA,12.0 oz,0.07,115.0,Smartmouth Brewing Company,Norfolk,VA
2406.0,?,American Amber / Red Ale,12.0 oz,N/A,N/A,Smartmouth Brewing Company,?,VA
2405.0,Alter Ego,Saison / Farmhouse Ale,12.0 oz,0.062,115.0,Smartmouth Brewing Company,Norfolk,VA
2234.0,Monarch Pilsner,American Pilsner,12.0 oz,0.05,191.0,Snake River Brewing Company,Jackson,WY
1606.0,Snow King Pale Ale,American Pale Ale (APA),12.0 oz,0.06,191.0,Snake River Brewing Company,,NULL
617.0,N/A,missing,12.0 oz,0.054,,Snake River Brewing Company,Jackson,WY
407.0,OB-1 Organic Ale,English Brown Ale,,0.05,191.0,NULL,Jackson,NULL
406.0,Snake River Lager,Vienna Lager,12.0 oz,NULL,191.0,Snake River Brewing Company,Jackson,
402.0,Snake River Pale Ale,American Pale Ale (APA),,0.052,191.0,Snake River Brewing Company,Jackson,WY
NULL,Pako’s EyePA,NULL,12.0 oz,0.068,191.0,,Jackson,WY
1798.0,Thanksgiving Ale,Kölsch,12.0 oz,0.05,309.0,Sockeye Brewing Company,Boise,ID
1655.0,Double Dagger Imperial IPA,NULL,12.0 oz,0.092,309.0,Sockeye Brewing Company,Boise,ID
1596.0,Dagger Falls IPA,American IPA,12.0 oz,0.063,309.0,Sockeye Brewing Company,Boise,missing
1595.0,Dagger Falls IPA,American IPA,12.0 oz,0.063,309.0,,NULL,ID
1482.0,,Märzen / Oktoberfest,16.0 oz,0.06,309.0,,Boise,ID
1447.0,Hopnoxious Imperial IPA,American Double / Imperial IPA,12.0 oz,0.079,309.0,Sockeye Brewing Company,Boise,ID
1425.0,Barrel Aged Seven Devils Imperial Stout,American Double / Imperial Stout,12.0 oz,NULL,309.0,Sockeye Brewing Company,Boise,ID
1424.0,,Saison / Farmhouse Ale,missing,0.055,309.0,Sockeye Brewing Company,Boise,ID
1298.0,Sockeye Belgian Style Summer Ale,Witbier,16.0 oz,0.05,,Sockeye Brewing Company,Boise,ID
1181.0,Sockeye Maibock,Maibock / Helles Bock,NULL,,309.0,Sockeye Brewing Company,Boise,NULL
1160.0,Old Devil's Tooth,American Barleywine,12.0 oz,0.099,309.0,Sockeye Brewing Company,Boise,ID
1152.0,N/A,American Blonde Ale,12.0 oz,0.043,309.0,Sockeye Brewing Company,Boise,ID
1151.0,,American Pale Ale (APA),12.0 oz,0.052,309.0,Sockeye Brewing Company,Boise,ID
1150.0,Woolybugger Wheat,American Pale Wheat Ale,12.0 oz,0.046,309.0,?,Boise,ID
1076.0,Power House Porter,American Porter,12.0 oz,0.057,309.0,Sockeye Brewing Company,Boise,ID
995.0,Winterfest,American Strong Ale,16.0 oz,missing,309.0,Sockeye Brewing Company,Boise,NULL
879.0,Dagger Falls IPA,American IPA,12.0 oz,0.063,309.0,NULL,Boise,ID
1972.0,LuckenBock,Bock,16.0 oz,0.07,257.0,N/A,South Austin,TX
1971.0,Texas Pale Ale (TPA),American IPA,16.0 oz,0.055,257.0,South Austin Brewery,,TX
1970.0,6 String Saison,Saison / Farmhouse Ale,?,,257.0,South Austin Brewery,South Austin,TX
1969.0,Kol' Beer,Kölsch,16.0 oz,0.05,257.0,South Austin Brewery,South Austin,TX
2024.0,Montauk Light,Light Lager,12.0 oz,0.035,249.0,N/A,Southampton,NY
1283.0,Na Zdraví Pilsner,Czech Pilsener,,0.048,436.0,Southern Oregon Brewing Company,Medford,OR
missing,N/A,American IPA,16.0 oz,0.055,missing,Southern Oregon Brewing Company,,OR
2362.0,2014 IPA Cicada Series,American IPA,,0.075,?,Southern Prohibition Brewing Com...,missing,MS
2346.0,Sinister Minister Black IPA,American IPA,16.0 oz,?,133.0,Southern Prohibition Brewing Com...,Hattiesburg,MS
2320.0,Jack the Sipper,,12.0 oz,,133.0,Southern Prohibition Brewing Com...,Hattiesburg,MS
2297.0,Devil's Harvest Extra Pale Ale,American Pale Ale (APA),12.0 oz,0.058,133.0,Southern Prohibition Brewing Com...,?,MS
2296.0,Suzy B Dirty Blonde Ale,,12.0 oz,0.05,133.0,N/A,,
1745.0,Mississippi Fire Ant,American Amber / Red Ale,N/A,0.08,?,Southern Prohibition Brewing Com...,,MS
1120.0,Hipster Breakfast,Oatmeal Stout,16.0 oz,0.058,133.0,Southern Prohibition Brewing Com...,,NULL
1118.0,Suzy B Dirty Blonde Ale,missing,16.0 oz,0.05,133.0,Southern Prohibition Brewing Com...,Hattiesburg,N/A
1117.0,Devil's Harvest Extra Pale Ale,NULL,16.0 oz,missing,133.0,Southern Prohibition Brewing Com...,Hattiesburg,MS
?,Pine Belt Pale Ale,American Pale Ale (APA),12.0 oz,0.065,118.0,Southern Star Brewing Company,Conroe,TX
2267.0,N/A,Saison / Farmhouse Ale,12.0 oz,0.055,118.0,Southern Star Brewing Company,Conroe,TX
?,Le Mort Vivant,Bière de Garde,,0.069,118.0,Southern Star Brewing Company,Conroe,TX
1728.0,Red Cockaded Ale,American Double / Imperial IPA,12.0 oz,0.085,118.0,Southern Star Brewing Company,Conroe,NULL
1497.0,Valkyrie Double IPA,American Double / Imperial IPA,12.0 oz,0.092,118.0,Southern Star Brewing Company,Conroe,TX
1011.0,Red Cockaded Ale (2013),American Double / Imperial IPA,12.0 oz,0.085,118.0,missing,Conroe,TX
NULL,Old Potentate,Old Ale,12.0 oz,0.072,118.0,Southern Star Brewing Company,Conroe,TX
856.0,Bombshell Blonde,American Blonde Ale,16.0 oz,0.05,118.0,Southern Star Brewing Company,Conroe,TX
853.0,PRO-AM (2012) (2012),American Double / Imperial IPA,12.0 oz,0.099,118.0,,Conroe,
691.0,Walloon (2014),Saison / Farmhouse Ale,12.0 oz,0.055,118.0,Southern Star Brewing Company,,TX
555.0,Le Mort Vivant (2011),Bière de Garde,12.0 oz,0.069,118.0,Southern Star Brewing Company,Conroe,TX
46.0,Buried Hatchet Stout,Foreign / Export Stout,12.0 oz,0.083,118.0,Southern Star Brewing Company,Conroe,TX
45.0,Pine Belt Pale Ale,American Pale Ale (APA),16.0 oz,0.065,118.0,Southern Star Brewing Company,Conroe,TX
44.0,Bombshell Blonde,American Blonde Ale,12.0 oz,0.05,NULL,?,Conroe,TX
2486.0,Baby Daddy Session IPA,American IPA,12.0 oz,0.047,78.0,N/A,San Francisco,CA
763.0,Hopluia (2004),English India Pale Ale (IPA),16.0 oz,N/A,508.0,Spilker Ales,NULL,NE
2271.0,Ball & Chain (2014),American Pale Ale (APA),missing,0.058,NULL,Spiteful Brewing Company,Chicago,IL
2206.0,Bitter Biker Double IPA,American Double / Imperial IPA,16.0 oz,0.096,175.0,Spiteful Brewing Company,?,IL
2136.0,God Damn Pigeon Porter,,16.0 oz,0.082,175.0,Spiteful Brewing Company,Chicago,IL
2135.0,Working for the Weekend,American Double / Imperial IPA,16.0 oz,?,175.0,Spiteful Brewing Company,Chicago,IL
2134.0,Angry Adam,American Amber / Red Ale,16.0 oz,0.06,175.0,Spiteful Brewing Company,Chicago,IL
2109.0,Freedom Fries,missing,16.0 oz,0.055,175.0,Spiteful Brewing Company,Chicago,IL
1821.0,Bitter Biker Double IPA,American Double / Imperial IPA,12.0 oz,0.096,175.0,Spiteful Brewing Company,Chicago,IL
,Ghost Bike Pale Ale,American Pale Ale (APA),16.0 oz,,175.0,Spiteful Brewing Company,Chicago,missing
1819.0,Spiteful IPA,American IPA,12.0 oz,0.062,175.0,Spiteful Brewing Company,Chicago,IL
1634.0,Alley Time,American Pale Ale (APA),missing,0.06,175.0,Spiteful Brewing Company,Chicago,IL
1633.0,Fat Badger,Irish Red Ale,12.0 oz,0.058,175.0,Spiteful Brewing Company,Chicago,IL
1632.0,In the Weeds,American Pale Wheat Ale,12.0 oz,0.055,175.0,Spiteful Brewing Company,Chicago,IL
855.0,Special Amber,Vienna Lager,,0.05,498.0,Sprecher Brewing Company,Glendale,WI
445.0,Special Amber,Vienna Lager,?,0.05,498.0,Sprecher Brewing Company,Glendale,WI
1587.0,Seven Gates Pale Ale,American Pale Ale (APA),missing,0.056,372.0,Spring House Brewing Company,Conestoga,PA
2242.0,Gunga Din,Cider,missing,N/A,186.0,St. Julian Winery,Paw Paw,MI
1544.0,Starr Pils,German Pilsener,12.0 oz,0.042,383.0,Starr Hill Brewery,Crozet,VA
1205.0,Northern Lights India Pale Ale,American IPA,16.0 oz,0.065,383.0,Starr Hill Brewery,,?
369.0,Festie,?,12.0 oz,0.048,383.0,Starr Hill Brewery,,VA
368.0,Northern Lights India Pale Ale,American IPA,12.0 oz,0.065,383.0,Starr Hill Brewery,Crozet,VA
2386.0,missing,American Pale Ale (APA),12.0 oz,0.065,119.0,Steamworks Brewing Company,missing,CO
92.0,Colorado Kölsch,Kölsch,missing,0.049,119.0,?,Durango,CO
91.0,Steam Engine Lager,American Amber / Red Lager,12.0 oz,0.057,119.0,Steamworks Brewing Company,Durango,N/A
90.0,Third Eye Pale Ale,American IPA,12.0 oz,0.065,NULL,Steamworks Brewing Company,Durango,CO
2366.0,Point Special (Current),American Adjunct Lager,12.0 oz,0.047,131.0,Stevens Point Brewery,Stevens Point,WI
2365.0,Point Special,American Adjunct Lager,12.0 oz,0.047,131.0,Stevens Point Brewery,Stevens Point,WI
2270.0,Point Cascade Pale Ale (2013),missing,12.0 oz,0.054,131.0,Stevens Point Brewery,Stevens Point,WI
2228.0,Point Special,American Adjunct Lager,12.0 oz,0.047,131.0,Stevens Point Brewery,Stevens Point,WI
2151.0,Onyx Black Ale,American Black Ale,N/A,0.052,131.0,Stevens Point Brewery,missing,WI
2150.0,missing,American IPA,N/A,0.063,131.0,Stevens Point Brewery,Stevens Point,WI
2122.0,Point Special (2013),American Adjunct Lager,12.0 oz,0.047,131.0,Stevens Point Brewery,Stevens Point,WI
2121.0,Point Special (2012),American Adjunct Lager,12.0 oz,N/A,131.0,Stevens Point Brewery,Stevens Point,WI
2115.0,Point Special Lager,American Adjunct Lager,missing,0.047,NULL,Stevens Point Brewery,Stevens Point,WI
1450.0,St. Benedict's Winter Ale,Winter Warmer,missing,0.062,131.0,Stevens Point Brewery,Stevens Point,WI
1357.0,Point Oktoberfest,,16.0 oz,0.057,131.0,Stevens Point Brewery,Stevens Point,WI
1225.0,Point Nude Beach Summer Wheat,American Pale Wheat Ale,16.0 oz,0.052,131.0,Stevens Point Brewery,Stevens Point,WI
816.0,Point Nude Beach Summer Wheat,American Pale Wheat Ale,12.0 oz,0.05,,Stevens Point Brewery,Stevens Point,WI
772.0,Point Nude Beach Summer Wheat (2011),NULL,12.0 oz,0.05,N/A,Stevens Point Brewery,Stevens Point,WI
684.0,Drop Dead Blonde,NULL,12.0 oz,0.035,131.0,Stevens Point Brewery,Stevens Point,WI
650.0,missing,,12.0 oz,0.049,,,,WI
456.0,,Märzen / Oktoberfest,NULL,0.057,?,Stevens Point Brewery,Stevens Point,
357.0,2012 Black Ale,American Brown Ale,12.0 oz,0.054,N/A,NULL,Stevens Point,
141.0,Point Nude Beach Summer Wheat (2010),American Pale Wheat Ale,,0.05,131.0,,N/A,WI
140.0,Point Cascade Pale Ale,American Pale Ale (APA),12.0 oz,0.054,131.0,Stevens Point Brewery,Stevens Point,WI
139.0,Point Amber Classic,missing,12.0 oz,0.047,131.0,Stevens Point Brewery,Stevens Point,WI
138.0,,American Adjunct Lager,12.0 oz,0.047,131.0,Stevens Point Brewery,?,WI
953.0,Wisco Disco,American Amber / Red Ale,16.0 oz,0.051,486.0,Stillmank Beer Company,Green Bay,WI
1983.0,Brontide,American Black Ale,12.0 oz,0.05,255.0,Stillwater Artisanal Ales,Baltimore,MD
1631.0,NULL,American Black Ale,12.0 oz,0.05,255.0,?,Baltimore,MD
1344.0,Classique,Saison / Farmhouse Ale,12.0 oz,0.045,255.0,Stillwater Artisanal Ales,Baltimore,MD
922.0,Sunsplash Golden Ale (2004),American Blonde Ale,N/A,0.045,NULL,Stone Coast Brewing Company,Portland,missing
1410.0,Sand Island Lighthouse,Kölsch,12.0 oz,0.051,412.0,Straight to Ale,Huntsville,AL
925.0,Lily Flagg Milk Stout,Milk / Sweet Stout,missing,0.05,412.0,Straight to Ale,Huntsville,
637.0,Monkeynaut IPA,American IPA,12.0 oz,0.072,412.0,Straight to Ale,N/A,
2369.0,Straub Beer (Current),?,12.0 oz,0.05,129.0,Straub Brewery,St Mary's,PA
2233.0,American Lager,American Adjunct Lager,12.0 oz,0.041,129.0,Straub Brewery,St Mary's,PA
2232.0,NULL,American Amber / Red Lager,12.0 oz,0.041,129.0,Straub Brewery,St Mary's,PA
2231.0,American Light,Light Lager,12.0 oz,0.032,129.0,Straub Brewery,St Mary's,PA
2352.0,Extra Pale Ale,N/A,12.0 oz,0.053,138.0,Summit Brewing Company,St Paul,MN
2549.0,Make It So,Extra Special / Strong Bitter (ESB),12.0 oz,0.053,58.0,Summit Brewing Company,,NULL
2473.0,Hopvale Organic Ale,,16.0 oz,0.047,58.0,Summit Brewing Company,St. Paul,MN
2415.0,Unchained #18 Hop Silo,American Double / Imperial IPA,16.0 oz,0.083,58.0,Summit Brewing Company,St. Paul,MN
2605.0,Tip Off,Altbier,16.0 oz,0.052,?,Sun King Brewing Company,Indianapolis,IN
2215.0,NULL,Scottish Ale,?,0.054,25.0,Sun King Brewing Company,Indianapolis,?
2164.0,Cowbell,?,16.0 oz,0.054,?,Sun King Brewing Company,Indianapolis,IN
2085.0,Hop Up Offa That Brett (2014),Belgian Pale Ale,16.0 oz,0.058,25.0,Sun King Brewing Company,Indianapolis,IN
2084.0,PV Muckle (2013),Scotch Ale / Wee Heavy,N/A,0.083,25.0,Sun King Brewing Company,Indianapolis,IN
2083.0,Bourbon Barrel Batch 666: Sympathy for the Devil,Belgian Dark Ale,16.0 oz,0.099,25.0,Sun King Brewing Company,Indianapolis,IN
2082.0,Whip Fight,Scotch Ale / Wee Heavy,16.0 oz,0.09,,Sun King Brewing Company,Indianapolis,IN
2081.0,Port Barrel Wee Mac,Scotch Ale / Wee Heavy,16.0 oz,0.053,25.0,Sun King Brewing Company,Indianapolis,NULL
2001.0,Fistful Of Hops Red,American IPA,16.0 oz,0.064,25.0,Sun King Brewing Company,Indianapolis,NULL
2000.0,Fistful of Hops Orange,American IPA,16.0 oz,0.063,25.0,Sun King Brewing Company,Indianapolis,IN
,Fistful Of Hops Blue,American IPA,16.0 oz,0.064,25.0,Sun King Brewing Company,Indianapolis,IN
1996.0,Fistful of Hops Green,American IPA,16.0 oz,0.064,25.0,?,Indianapolis,IN
,30 Min Coma,Belgian IPA,16.0 oz,nan (wait to be cleaned),25.0,Sun King Brewing Company,Indianapolis,IN
1656.0,Wee Muckle,Scotch Ale / Wee Heavy,16.0 oz,0.09,25.0,missing,Indianapolis,IN
1599.0,Royal Brat,Extra Special / Strong Bitter (ESB),16.0 oz,0.065,25.0,Sun King Brewing Company,Indianapolis,IN
N/A,Grapefruit Jungle (GFJ),American IPA,16.0 oz,,,Sun King Brewing Company,Indianapolis,IN
1389.0,Osiris Pale Ale,American Pale Ale (APA),16.0 oz,0.056,25.0,Sun King Brewing Company,Indianapolis,IN
1367.0,Bourbon Barrel Aged Timmie,Russian Imperial Stout,16.0 oz,0.099,25.0,Sun King Brewing Company,Indianapolis,IN
1366.0,Stupid Sexy Flanders,Flanders Oud Bruin,16.0 oz,0.063,25.0,Sun King Brewing Company,,IN
1347.0,?,American Porter,,nan (wait to be cleaned),25.0,Sun King Brewing Company,Indianapolis,IN
1314.0,Popcorn Pilsner,German Pilsener,16.0 oz,0.054,25.0,Sun King Brewing Company,Indianapolis,IN
1128.0,Ring of Dingle,Irish Dry Stout,16.0 oz,0.071,25.0,Sun King Brewing Company,Indianapolis,IN
1127.0,?,Scottish Ale,16.0 oz,0.054,25.0,Sun King Brewing Company,Indianapolis,IN
1049.0,Bourbon Barrel Johan,NULL,16.0 oz,0.099,25.0,Sun King Brewing Company,Indianapolis,IN
934.0,The Deuce,American Brown Ale,16.0 oz,0.07,25.0,Sun King Brewing Company,Indianapolis,IN
N/A,The Velvet Fog,Quadrupel (Quad),N/A,0.09,25.0,Sun King Brewing Company,Indianapolis,IN
874.0,?,Märzen / Oktoberfest,N/A,0.055,,Sun King Brewing Company,Indianapolis,IN
739.0,Indianapolis Indians Lager,,16.0 oz,0.052,25.0,Sun King Brewing Company,Indianapolis,IN
698.0,Indians Victory Lager (2012),Dortmunder / Export Lager,NULL,?,25.0,Sun King Brewing Company,Indianapolis,IN
missing,Chaka,N/A,16.0 oz,0.08,25.0,Sun King Brewing Company,Indianapolis,IN
651.0,,American Double / Imperial IPA,16.0 oz,NULL,25.0,Sun King Brewing Company,Indianapolis,IN
N/A,Wee Muckle (2011),,16.0 oz,0.09,25.0,Sun King Brewing Company,Indianapolis,IN
532.0,Grapefruit Jungle (GFJ) (2011),American IPA,missing,0.075,25.0,Sun King Brewing Company,Indianapolis,IN
526.0,Sun King Oktoberfest (2011),Märzen / Oktoberfest,16.0 oz,0.055,25.0,Sun King Brewing Company,Indianapolis,IN
394.0,Johan the Barleywine,English Barleywine,16.0 oz,missing,25.0,Sun King Brewing Company,Indianapolis,IN
213.0,Wee Mac Scottish-Style Ale,Scottish Ale,16.0 oz,0.054,25.0,NULL,Indianapolis,
,Sunlight Cream Ale,Cream Ale,16.0 oz,0.053,25.0,Sun King Brewing Company,Indianapolis,IN
54.0,Osiris Pale Ale (2010),American Pale Ale (APA),16.0 oz,0.056,?,N/A,Indianapolis,missing
1207.0,Dam Lager,American Amber / Red Lager,12.0 oz,missing,455.0,Sunken City Brewing Company,Hardy,VA
1206.0,Red Clay IPA,American IPA,12.0 oz,0.07,455.0,Sunken City Brewing Company,Hardy,
2543.0,Todd the Axe Man,American IPA,16.0 oz,0.072,61.0,?,Brooklyn Center,MN
2409.0,Doomtree,Extra Special / Strong Bitter (ESB),16.0 oz,0.057,61.0,Surly Brewing Company,Brooklyn Center,MN
1739.0,BLAKKR,American Black Ale,16.0 oz,0.099,61.0,Surly Brewing Company,Brooklyn Center,MN
1112.0,Overrated! West Coast Style IPA,,16.0 oz,0.073,61.0,Surly Brewing Company,?,MN
329.0,WET,,16.0 oz,missing,61.0,Surly Brewing Company,Brooklyn Center,MN
19.0,Bitter Brewer,English Bitter,16.0 oz,0.04,61.0,Surly Brewing Company,NULL,MN
18.0,SurlyFest,Rye Beer,16.0 oz,0.055,61.0,Surly Brewing Company,Brooklyn Center,MN
17.0,Coffee Bender,American Brown Ale,16.0 oz,0.051,61.0,Surly Brewing Company,Brooklyn Center,MN
16.0,Bender,American Brown Ale,16.0 oz,,61.0,Surly Brewing Company,Brooklyn Center,MN
,Abrasive Ale,American Double / Imperial IPA,16.0 oz,0.097,61.0,Surly Brewing Company,Brooklyn Center,MN
14.0,Hell,Keller Bier / Zwickel Bier,16.0 oz,0.051,61.0,Surly Brewing Company,Brooklyn Center,MN
13.0,CynicAle,Saison / Farmhouse Ale,16.0 oz,0.067,?,Surly Brewing Company,Brooklyn Center,MN
12.0,Furious,American IPA,16.0 oz,0.062,61.0,Surly Brewing Company,Brooklyn Center,MN
1242.0,Big Nose,American IPA,12.0 oz,0.073,447.0,Swamp Head Brewery,Gainesville,FL
1241.0,Cotton Mouth,,12.0 oz,0.05,447.0,Swamp Head Brewery,Gainesville,FL
1240.0,Stump Knocker Pale Ale,American Pale Ale (APA),12.0 oz,0.056,447.0,N/A,Gainesville,FL
1239.0,?,Oatmeal Stout,12.0 oz,0.05,,Swamp Head Brewery,missing,missing
1238.0,Wild Night,Cream Ale,12.0 oz,0.059,447.0,Swamp Head Brewery,Gainesville,FL
1554.0,?,Herbed / Spiced Beer,12.0 oz,0.045,381.0,Swashbuckler Brewing Company,Manheim,PA
2568.0,Take Two Pils,German Pilsener,12.0 oz,0.055,49.0,SweetWater Brewing Company,Atlanta,GA
2551.0,Waterkeeper,Hefeweizen,12.0 oz,0.057,49.0,SweetWater Brewing Company,Atlanta,
NULL,SweetWater IPA,American IPA,12.0 oz,0.064,,SweetWater Brewing Company,Atlanta,?
1709.0,420 Extra Pale Ale,American Pale Ale (APA),12.0 oz,0.054,49.0,SweetWater Brewing Company,Atlanta,GA
1229.0,Dodgy Knight Imperial IPA,,12.0 oz,0.08,449.0,TailGate Beer,San Diego,CA
1164.0,TailGate Saison,N/A,,0.05,449.0,TailGate Beer,San Diego,CA
663.0,TailGate IPA,American IPA,24.0 oz,0.05,N/A,TailGate Beer,San Diego,CA
662.0,TailGate IPA,American IPA,12.0 oz,0.05,449.0,TailGate Beer,San Diego,CA
623.0,TailGate Hefeweizen,Hefeweizen,24.0 oz,0.049,449.0,TailGate Beer,San Diego,CA
622.0,Blacktop Blonde,American Blonde Ale,24.0 oz,0.05,449.0,TailGate Beer,San Diego,CA
362.0,Blacktop Blonde,American Blonde Ale,,0.05,449.0,missing,San Diego,CA
361.0,TailGate Hefeweizen,N/A,12.0 oz,0.049,449.0,TailGate Beer,San Diego,CA
2575.0,Wooden Rooster,Tripel,N/A,missing,45.0,Tallgrass Brewing Company,Manhattan,KS
2555.0,Ginger Peach Saison,Saison / Farmhouse Ale,16.0 oz,,45.0,Tallgrass Brewing Company,Manhattan,
1736.0,Zombie Monkie,American Porter,16.0 oz,0.062,45.0,Tallgrass Brewing Company,Manhattan,KS
1196.0,Wild Plum Farmhouse Ale,Saison / Farmhouse Ale,16.0 oz,0.056,45.0,,Manhattan,KS
1063.0,Vanilla Bean Buffalo Sweat,Oatmeal Stout,,,NULL,Tallgrass Brewing Company,Manhattan,KS
1017.0,Ethos IPA,American IPA,16.0 oz,0.068,45.0,Tallgrass Brewing Company,Manhattan,
1009.0,Tallgrass Pub Ale,American Brown Ale,16.0 oz,0.044,45.0,Tallgrass Brewing Company,Manhattan,KS
912.0,Oasis,Extra Special / Strong Bitter (ESB),16.0 oz,0.072,missing,Tallgrass Brewing Company,Manhattan,KS
765.0,Buffalo Sweat,Milk / Sweet Stout,16.0 oz,0.05,45.0,Tallgrass Brewing Company,Manhattan,KS
676.0,Halcyon Unfiltered Wheat,American Pale Wheat Ale,N/A,?,45.0,Tallgrass Brewing Company,Manhattan,KS
595.0,8-Bit Pale Ale,N/A,N/A,0.052,45.0,Tallgrass Brewing Company,Manhattan,KS
N/A,Velvet Rooster,Tripel,,0.085,45.0,Tallgrass Brewing Company,Manhattan,KS
412.0,Halcyon Unfiltered Wheat,American Pale Wheat Ale,12.0 oz,0.05,missing,Tallgrass Brewing Company,Manhattan,KS
105.0,?,German Pilsener,16.0 oz,0.05,45.0,Tallgrass Brewing Company,Manhattan,KS
104.0,Oasis (2010),American Double / Imperial IPA,16.0 oz,0.072,45.0,Tallgrass Brewing Company,Manhattan,KS
103.0,Tallgrass Ale,,16.0 oz,0.044,45.0,Tallgrass Brewing Company,Manhattan,KS
102.0,Buffalo Sweat (2010),Milk / Sweet Stout,?,0.05,45.0,Tallgrass Brewing Company,Manhattan,KS
101.0,Tallgrass IPA,American IPA,16.0 oz,N/A,?,Tallgrass Brewing Company,Manhattan,KS
1433.0,,American IPA,16.0 oz,0.068,409.0,Tamarack Brewing Company,Lakeside,
1432.0,Yard Sale Amber Ale,American Amber / Red Ale,16.0 oz,0.056,?,Tamarack Brewing Company,Lakeside,MT
936.0,Loafin Bräu,Altbier,16.0 oz,0.055,490.0,Tampa Bay Brewing Company,Tampa,FL
544.0,Old Elephant Foot IPA,American IPA,16.0 oz,0.07,490.0,Tampa Bay Brewing Company,Tampa,FL
2640.0,Peck's Porter,,16.0 oz,0.065,?,Tapistry Brewing,Bridgman,MI
2448.0,Reactor,N/A,16.0 oz,0.07,7.0,Tapistry Brewing,Bridgman,MI
2447.0,Mr. Orange,Witbier,16.0 oz,?,7.0,Tapistry Brewing,Bridgman,MI
2601.0,Deduction,Dubbel,NULL,0.08,28.0,Taxman Brewing Company,Bargersville,IN
973.0,Face Down Brown Ale,,12.0 oz,0.057,480.0,Telluride Brewing Company,Telluride,CO
827.0,Tempter IPA,American IPA,12.0 oz,0.064,missing,?,Telluride,CO
589.0,Bridal Veil Rye Pale Ale,?,12.0 oz,0.055,480.0,Telluride Brewing Company,Telluride,CO
2155.0,,Extra Special / Strong Bitter (ESB),,0.048,210.0,Temperance Beer Company,Evanston,IL
1982.0,Greenwood Beach,Fruit / Vegetable Beer,12.0 oz,missing,210.0,Temperance Beer Company,,IL
1939.0,,English India Pale Ale (IPA),12.0 oz,0.066,210.0,Temperance Beer Company,Evanston,IL
1082.0,RecreationAle,N/A,12.0 oz,0.047,469.0,Terrapin Brewing Company,Athens,?
2119.0,First Stand,?,12.0 oz,0.055,215.0,Texian Brewing Co.,Richmond,TX
2118.0,Battle LIne,American Brown Ale,12.0 oz,0.063,NULL,Texian Brewing Co.,Richmond,TX
2117.0,,Dunkelweizen,12.0 oz,0.056,215.0,Texian Brewing Co.,Richmond,TX
N/A,?,English India Pale Ale (IPA),12.0 oz,0.071,N/A,Texian Brewing Co.,Richmond,TX
1916.0,Petit Mutant,American Wild Ale,16.0 oz,0.06,272.0,?,,VT
1915.0,The Crusher,American Double / Imperial IPA,16.0 oz,0.096,272.0,The Alchemist,Waterbury,VT
1914.0,Beelzebub,American Double / Imperial Stout,16.0 oz,N/A,272.0,The Alchemist,Waterbury,VT
1810.0,Focal Banger,American IPA,NULL,,N/A,The Alchemist,missing,VT
1111.0,Heady Topper,American Double / Imperial IPA,16.0 oz,0.08,272.0,,Waterbury,
379.0,Heady Topper,American Double / Imperial IPA,?,0.08,272.0,The Alchemist,Waterbury,
1200.0,Bomber Mountain Amber Ale (2013),missing,N/A,0.046,457.0,The Black Tooth Brewing Company,Sheridan,WY
1199.0,Indian Paintbrush IPA,American IPA,12.0 oz,0.07,457.0,The Black Tooth Brewing Company,Sheridan,WY
1198.0,Saddle Bronc Brown Ale (2013),English Brown Ale,12.0 oz,0.048,457.0,The Black Tooth Brewing Company,Sheridan,WY
1197.0,Wagon Box Wheat Beer,American Pale Wheat Ale,12.0 oz,0.059,457.0,The Black Tooth Brewing Company,Sheridan,WY
1945.0,Birdhouse Pale Ale,missing,12.0 oz,0.05,262.0,The Brewer's Art,Baltimore,MD
1079.0,Ozzy,Belgian Pale Ale,12.0 oz,0.073,262.0,,,MD
missing,Resurrection,Dubbel,12.0 oz,?,262.0,The Brewer's Art,Baltimore,MD
1748.0,Bronx Summer Pale Ale,American Pale Ale (APA),16.0 oz,0.052,329.0,The Bronx Brewery,Bronx,NY
1747.0,Bronx Black Pale Ale,American Black Ale,16.0 oz,0.057,329.0,The Bronx Brewery,Bronx,NY
1037.0,,American Pale Ale (APA),16.0 oz,0.063,329.0,The Bronx Brewery,Bronx,NY
2594.0,Surfrider,American Pale Ale (APA),16.0 oz,0.052,NULL,The Dudes' Brewing Company,Torrance,CA
2035.0,NULL,Kölsch,16.0 oz,0.055,33.0,The Dudes' Brewing Company,Torrance,CA
2034.0,South Bay Session IPA,American IPA,16.0 oz,0.05,33.0,The Dudes' Brewing Company,Torrance,CA
1562.0,Grandma's Pecan,English Brown Ale,16.0 oz,0.069,33.0,The Dudes' Brewing Company,Torrance,CA
,Double Trunk,American Double / Imperial IPA,16.0 oz,0.099,N/A,The Dudes' Brewing Company,Torrance,CA
1749.0,N/A,NULL,12.0 oz,0.046,328.0,?,Burlington,VT
2455.0,Lionshead,,,0.045,90.0,The Lion Brewery,Wilkes-Barre,PA
963.0,Manhattan Gold Lager (1990),,12.0 oz,nan (wait to be cleaned),484.0,?,New York,NY
2638.0,G. B. Russo’s Italian Pistachio Pale Ale,American Pale Ale (APA),16.0 oz,0.052,N/A,The Mitten Brewing Company,Grand Rapids,MI
1278.0,Northern Hawk Owl Amber,American Amber / Red Ale,12.0 oz,0.058,,The Right Brain Brewery,Traverse City,MI
1277.0,CEO Stout,American Stout,16.0 oz,0.059,438.0,The Right Brain Brewery,NULL,MI
N/A,Will Power Pale Ale,American Pale Ale (APA),,,438.0,The Right Brain Brewery,Traverse City,MI
1732.0,Curious Traveler Shandy,N/A,12.0 oz,0.044,334.0,The Traveler Beer Company,Burlington,VT
2347.0,Hunny Do Wheat,American Pale Wheat Ale,12.0 oz,0.048,142.0,Third Street Brewhouse,Cold Spring,NULL
?,Three Way Pale Ale,American Pale Ale (APA),12.0 oz,,142.0,Third Street Brewhouse,missing,MN
1780.0,Rise to the Top,Cream Ale,12.0 oz,missing,142.0,Third Street Brewhouse,Cold Spring,MN
1779.0,Lost Trout Brown Ale,American Brown Ale,12.0 oz,?,142.0,Third Street Brewhouse,Cold Spring,?
2421.0,Watermelon Ale,Fruit / Vegetable Beer,?,0.051,108.0,Thomas Hooker Brewing Company,Bloomfield,CT
2319.0,Knotty Blonde Ale,American Blonde Ale,missing,,153.0,,Sisters,OR
2317.0,Fivepine Chocolate Porter,American Porter,12.0 oz,0.062,153.0,Three Creeks Brewing,Sisters,OR
,Hoodoo Voodoo IPA,American IPA,12.0 oz,0.062,153.0,Three Creeks Brewing,?,OR
?,Hydraulion Red,Irish Red Ale,12.0 oz,0.053,273.0,NULL,Charlottesville,VA
1912.0,40 Mile IPA,American IPA,12.0 oz,NULL,273.0,Three Notch'd Brewing Company,Charlottesville,VA
2617.0,Citra Faced,American Pale Wheat Ale,16.0 oz,0.055,?,Three Pints Brewing,Martinsville,IN
2616.0,,Oatmeal Stout,16.0 oz,0.055,21.0,Three Pints Brewing,Martinsville,IN
2615.0,Pale,American Pale Ale (APA),16.0 oz,0.054,21.0,Three Pints Brewing,Martinsville,IN
,Yoshi's Nectar,California Common / Steam Beer,16.0 oz,0.053,,Three Pints Brewing,,IN
1889.0,Leatherhead Red,American Amber / Red Ale,12.0 oz,0.052,282.0,Thunderhead Brewing Company,Kearney,NE
missing,Cropduster Mid-American IPA,American IPA,12.0 oz,0.065,282.0,Thunderhead Brewing Company,Kearney,
122.0,Golden Frau Honey Wheat,Braggot,12.0 oz,0.075,282.0,Thunderhead Brewing Company,Kearney,NE
121.0,Cornstalker Dark Wheat,American Dark Wheat Ale,12.0 oz,nan (wait to be cleaned),NULL,Thunderhead Brewing Company,N/A,NE
2623.0,Cafe Leche,American Porter,16.0 oz,0.058,,Tin Man Brewing Company,NULL,IN
2622.0,Damascene Apricot Sour,Fruit / Vegetable Beer,16.0 oz,0.052,17.0,Tin Man Brewing Company,Evansville,IN
N/A,Csar,Russian Imperial Stout,16.0 oz,0.12,17.0,Tin Man Brewing Company,Evansville,IN
1817.0,Klingon Warnog Roggen Dunkel,,16.0 oz,0.055,17.0,Tin Man Brewing Company,missing,IN
1449.0,Overlord Imperial IPA,American Double / Imperial IPA,16.0 oz,missing,17.0,Tin Man Brewing Company,Evansville,IN
951.0,Alloy,,16.0 oz,0.058,17.0,Tin Man Brewing Company,Evansville,
950.0,Rivet Irish Red Ale,NULL,16.0 oz,0.051,17.0,Tin Man Brewing Company,Evansville,
949.0,,American Porter,16.0 oz,0.052,17.0,Tin Man Brewing Company,N/A,missing
948.0,Circuit Bohemian Pilsner,Czech Pilsener,16.0 oz,0.045,17.0,N/A,Evansville,IN
NULL,Turnrow Harvest Ale,,12.0 oz,0.055,152.0,Tin Roof Brewing Company,Baton Rouge,NULL
1755.0,Juke Joint IPA,missing,?,0.07,missing,Tin Roof Brewing Company,Baton Rouge,
1754.0,?,American Porter,12.0 oz,0.07,152.0,Tin Roof Brewing Company,Baton Rouge,LA
1428.0,NULL,Fruit / Vegetable Beer,?,0.05,152.0,Tin Roof Brewing Company,Baton Rouge,LA
529.0,Tin Roof Blonde Ale,American Blonde Ale,12.0 oz,0.045,152.0,Tin Roof Brewing Company,Baton Rouge,LA
495.0,Voodoo Bengal Pale Ale,American Pale Ale (APA),12.0 oz,0.055,152.0,Tin Roof Brewing Company,Baton Rouge,LA
NULL,missing,American Amber / Red Ale,12.0 oz,0.045,152.0,Tin Roof Brewing Company,Baton Rouge,N/A
1856.0,IPA & a Half,American IPA,12.0 oz,0.073,291.0,Tommyknocker Brewery,Idaho Springs,CO
736.0,Ornery Amber Lager (2003),Vienna Lager,12.0 oz,0.055,291.0,Tommyknocker Brewery,Idaho Springs,CO
1027.0,Big Island Shandy,Shandy,16.0 oz,0.05,474.0,Tonka Beer Company,Minnetonka,MN
1026.0,Preservation IPA,American IPA,16.0 oz,0.068,474.0,Tonka Beer Company,Minnetonka,MN
N/A,Almanac IPA,American IPA,NULL,0.062,265.0,Tractor Brewing Company,Albuquerque,NM
1937.0,Milk Mustachio Stout,Milk / Sweet Stout,,0.065,265.0,Tractor Brewing Company,Albuquerque,NM
1936.0,Farmer's Tan Red Ale,American Amber / Red Ale,12.0 oz,0.06,265.0,Tractor Brewing Company,NULL,NM
594.0,Triangle India Pale Ale,NULL,missing,0.057,524.0,Triangle Brewing Company,Durham,NC
114.0,N/A,Witbier,12.0 oz,0.05,?,Triangle Brewing Company,Durham,NC
113.0,Triangle Belgian Golden Ale,Belgian Strong Pale Ale,12.0 oz,0.08,NULL,Triangle Brewing Company,Durham,NC
2445.0,Troegenator,Doppelbock,16.0 oz,0.082,97.0,Tröegs Brewing Company,Hershey,PA
2444.0,Nugget Nectar,American Amber / Red Ale,16.0 oz,0.075,97.0,Tröegs Brewing Company,Hershey,
2203.0,Sunshine Pils,American Pilsner,12.0 oz,0.045,97.0,Tröegs Brewing Company,Hershey,PA
missing,,Doppelbock,?,?,97.0,missing,Hershey,
1509.0,Perpetual IPA,American IPA,12.0 oz,0.075,97.0,Tröegs Brewing Company,Hershey,PA
NULL,Greenville Pale Ale,American Pale Ale (APA),12.0 oz,0.055,539.0,Twin Lakes Brewing Company,Greenville,missing
641.0,Hoppy Boy,American IPA,16.0 oz,0.062,520.0,Twisted Pine Brewing Company,Boulder,CO
2588.0,N/A,American Amber / Red Lager,12.0 oz,0.054,38.0,Twisted X Brewing Company,?,TX
2458.0,Chupahopra,American IPA,12.0 oz,0.075,38.0,Twisted X Brewing Company,Dripping Springs,?
2212.0,Twisted X,American Adjunct Lager,12.0 oz,0.051,38.0,Twisted X Brewing Company,Dripping Springs,TX
2235.0,NULL,American IPA,12.0 oz,0.041,190.0,Two Beers Brewing Company,Seattle,
1661.0,Trailhead ISA,N/A,12.0 oz,0.048,190.0,?,Seattle,WA
1660.0,Immersion Amber,American Amber / Red Ale,12.0 oz,0.052,190.0,Two Beers Brewing Company,Seattle,WA
1659.0,Evo IPA,American IPA,12.0 oz,0.062,190.0,Two Beers Brewing Company,Seattle,
1438.0,Presidential Pils,,12.0 oz,0.048,190.0,Two Beers Brewing Company,Seattle,WA
1173.0,Evolutionary IPA (2012),American IPA,12.0 oz,0.062,N/A,Two Beers Brewing Company,Seattle,WA
560.0,Persnickety Pale,American Pale Ale (APA),12.0 oz,0.057,,N/A,,WA
519.0,SoDo Brown Ale,NULL,12.0 oz,0.054,190.0,Two Beers Brewing Company,Seattle,WA
518.0,Immersion Amber Ale (2011),American Amber / Red Ale,12.0 oz,0.052,?,Two Beers Brewing Company,Seattle,WA
?,Evolutionary IPA (2011),American IPA,12.0 oz,,190.0,Two Beers Brewing Company,Seattle,WA
482.0,?,American IPA,12.0 oz,0.048,190.0,Two Beers Brewing Company,Seattle,WA
451.0,Panorama Wheat Ale,American Pale Wheat Ale,N/A,N/A,missing,Two Beers Brewing Company,Seattle,WA
?,,N/A,16.0 oz,0.063,74.0,Two Brothers Brewing Company,missing,IL
2246.0,,American Dark Wheat Ale,12.0 oz,0.058,,Two Brothers Brewing Company,N/A,IL
1630.0,Night Cat (2014),American Dark Wheat Ale,,0.058,74.0,Two Brothers Brewing Company,Warrenville,IL
1284.0,Dog Days Lager,Dortmunder / Export Lager,NULL,0.051,missing,Two Brothers Brewing Company,Warrenville,IL
1121.0,Sidekick Extra Pale Ale,American Pale Ale (APA),,0.051,74.0,missing,Warrenville,IL
1042.0,Atom Smasher,N/A,12.0 oz,0.077,74.0,Two Brothers Brewing Company,Warrenville,IL
,Testudo,Bière de Garde,12.0 oz,,74.0,,Warrenville,IL
1040.0,Hobnob B & B Pale Ale,American Pale Ale (APA),N/A,0.065,74.0,Two Brothers Brewing Company,Warrenville,IL
861.0,Cane and Ebel,American Strong Ale,12.0 oz,0.07,74.0,NULL,Warrenville,IL
642.0,Outlaw IPA (2015),American IPA,12.0 oz,0.065,N/A,Two Brothers Brewing Company,Warrenville,IL
2037.0,The Gilded Age,Munich Helles Lager,12.0 oz,,243.0,Two Henrys Brewing Company,Plant City,FL
1285.0,No Limits Hefeweizen,,16.0 oz,0.05,435.0,Two Roads Brewing Company,N/A,
1189.0,Honeyspot Road White IPA,American White IPA,12.0 oz,0.06,,Two Roads Brewing Company,Stratford,CT
1171.0,Road 2 Ruin Double IPA,American Double / Imperial IPA,N/A,0.072,NULL,Two Roads Brewing Company,Stratford,CT
1170.0,Workers Comp Saison,Saison / Farmhouse Ale,12.0 oz,0.048,435.0,Two Roads Brewing Company,Stratford,CT
1169.0,Ol' Factory Pils,German Pilsener,12.0 oz,0.05,435.0,Two Roads Brewing Company,Stratford,CT
2310.0,PUNK'N,Pumpkin Ale,12.0 oz,0.05,NULL,Uinta Brewing Company,Salt Lake City,NULL
2100.0,Yard Sale Winter Lager,American Amber / Red Lager,12.0 oz,0.04,159.0,Uinta Brewing Company,Salt Lake City,NULL
1925.0,,missing,12.0 oz,0.04,159.0,Uinta Brewing Company,Salt Lake City,UT
1723.0,,American IPA,12.0 oz,0.073,159.0,Uinta Brewing Company,,?
1212.0,N/A,American Blonde Ale,12.0 oz,missing,159.0,Uinta Brewing Company,Salt Lake City,UT
1097.0,Organic Baba Black Lager,Schwarzbier,NULL,0.04,159.0,Uinta Brewing Company,Salt Lake City,UT
1089.0,Hop Notch IPA (2013),American IPA,12.0 oz,0.073,159.0,Uinta Brewing Company,Salt Lake City,UT
NULL,Cutthroat Pale Ale,American Pale Ale (APA),12.0 oz,0.04,159.0,Uinta Brewing Company,Salt Lake City,NULL
974.0,WYLD Extra Pale Ale,American Pale Ale (APA),12.0 oz,0.04,159.0,,Salt Lake City,UT
missing,Pilsner Ukiah,German Pilsener,12.0 oz,0.055,555.0,Ukiah Brewing Company,Ukiah,CA
2372.0,The Green Room,NULL,16.0 oz,0.06,126.0,Uncle Billy's Brewery and Smokeh...,Austin,NULL
2367.0,Humbucker Helles,Maibock / Helles Bock,16.0 oz,0.047,126.0,Uncle Billy's Brewery and Smokeh...,Austin,TX
1704.0,Uncle John's Apple Cherry Cider,,16.0 oz,0.065,missing,,,MI
1703.0,Uncle John's Apricot Apple Cider,Cider,16.0 oz,0.065,338.0,Uncle John's Fruit House Winery,St. John's,MI
877.0,Draught Hard Apple Cider,Cider,,0.065,338.0,Uncle John's Fruit House Winery,St. John's,MI
606.0,Scotty K NA,Low Alcohol Beer,16.0 oz,0.001,522.0,missing,Santa Cruz,
543.0,Bacon Brown Ale,American Brown Ale,16.0 oz,0.068,522.0,NULL,Santa Cruz,CA
347.0,Golden State Ale,Belgian Pale Ale,16.0 oz,0.064,N/A,Uncommon Brewers,Santa Cruz,
346.0,Baltic Porter,Baltic Porter,16.0 oz,0.078,522.0,Uncommon Brewers,Santa Cruz,CA
25.0,Siamese twin,Dubbel,16.0 oz,0.085,522.0,Uncommon Brewers,Santa Cruz,CA
2507.0,Double Duckpin,American Double / Imperial IPA,12.0 oz,0.085,71.0,Union Craft Brewing,Baltimore,MD
2506.0,Old Pro,Gose,12.0 oz,0.042,71.0,Union Craft Brewing,Baltimore,MD
829.0,Duckpin Pale Ale,American Pale Ale (APA),NULL,0.055,71.0,,Baltimore,?
582.0,Balt Altbier,Altbier,12.0 oz,0.06,71.0,Union Craft Brewing,missing,MD
2190.0,Campside Session IPA,American IPA,16.0 oz,0.045,?,Upland Brewing Company,Bloomington,IN
1951.0,Upland Wheat Ale,Witbier,16.0 oz,0.045,202.0,Upland Brewing Company,Bloomington,
1950.0,Dragonfly IPA,American IPA,16.0 oz,missing,202.0,Upland Brewing Company,,IN
,Lee Hill Series Vol. 5 - Belgian Style Quadrupel Ale,Quadrupel (Quad),19.2 oz,0.128,51.0,Upslope Brewing Company,Boulder,CO
?,Lee Hill Series Vol. 4 - Manhattan Style Rye Ale,Rye Beer,19.2 oz,0.104,51.0,Upslope Brewing Company,Boulder,CO
2563.0,Lee Hill Series Vol. 2 - Wild Saison,American Wild Ale,19.2 oz,0.068,51.0,Upslope Brewing Company,NULL,CO
2562.0,N/A,American Double / Imperial Stout,19.2 oz,,51.0,Upslope Brewing Company,Boulder,CO
2561.0,Lee Hill Series Vol. 1 - Barrel Aged Brown Ale,American Brown Ale,19.2 oz,0.076,51.0,Upslope Brewing Company,Boulder,CO
2560.0,Blood Orange Saison,Saison / Farmhouse Ale,12.0 oz,0.06,51.0,Upslope Brewing Company,Boulder,CO
1932.0,Thai Style White IPA,American White IPA,12.0 oz,0.065,NULL,Upslope Brewing Company,Boulder,CO
1853.0,N/A,American Wild Ale,19.2 oz,0.075,51.0,Upslope Brewing Company,Boulder,CO
N/A,Upslope Imperial India Pale Ale,American Double / Imperial IPA,19.2 oz,0.099,51.0,Upslope Brewing Company,Boulder,
907.0,?,Winter Warmer,16.0 oz,0.082,51.0,Upslope Brewing Company,Boulder,CO
906.0,Upslope Pumpkin Ale,Pumpkin Ale,16.0 oz,0.077,51.0,Upslope Brewing Company,Boulder,CO
?,Upslope Belgian Style Pale Ale,Belgian Pale Ale,12.0 oz,0.075,51.0,Upslope Brewing Company,Boulder,
614.0,Upslope Foreign Style Stout,Foreign / Export Stout,12.0 oz,0.069,,Upslope Brewing Company,N/A,CO
466.0,Top Rope Mexican-style Craft Lager,Vienna Lager,12.0 oz,missing,51.0,Upslope Brewing Company,Boulder,CO
NULL,,Vienna Lager,12.0 oz,0.048,51.0,Upslope Brewing Company,Boulder,?
345.0,Upslope Brown Ale,English Brown Ale,12.0 oz,0.067,51.0,Upslope Brewing Company,Boulder,CO
N/A,Upslope Pale Ale,American Pale Ale (APA),12.0 oz,0.058,51.0,Upslope Brewing Company,Boulder,CO
79.0,Upslope India Pale Ale,American IPA,12.0 oz,0.072,51.0,Upslope Brewing Company,missing,CO
382.0,Common Sense Kentucky Common Ale,NULL,16.0 oz,0.053,546.0,Upstate Brewing Company,Elmira,NY
381.0,Upstate I.P.W.,missing,12.0 oz,0.065,546.0,Upstate Brewing Company,Elmira,NY
1826.0,Squatters Full Suspension Pale Ale,American Pale Ale (APA),12.0 oz,0.04,,Utah Brewers Cooperative,Salt Lake City,UT
1825.0,,,12.0 oz,0.09,?,Utah Brewers Cooperative,Salt Lake City,UT
1824.0,Devastator Double Bock,,missing,0.08,302.0,Utah Brewers Cooperative,Salt Lake City,UT
1823.0,Wasatch Ghostrider White IPA,American White IPA,12.0 oz,NULL,302.0,Utah Brewers Cooperative,Salt Lake City,UT
1682.0,Wasatch Ghostrider White IPA (2014),,N/A,0.06,302.0,Utah Brewers Cooperative,Salt Lake City,UT
1681.0,Wasatch Apricot Hefeweizen,missing,12.0 oz,0.04,302.0,Utah Brewers Cooperative,Salt Lake City,UT
1680.0,Squatters Hop Rising Double IPA (2014),American Double / Imperial IPA,12.0 oz,0.09,302.0,Utah Brewers Cooperative,Salt Lake City,UT
1679.0,Squatters Full Suspension Pale Ale,missing,12.0 oz,0.04,302.0,?,Salt Lake City,UT
2245.0,Nunica Pine,Cider,,0.068,185.0,N/A,Spring Lake,MI
2244.0,Ginger Peach,Cider,16.0 oz,0.069,,Vander Mill Ciders,Spring Lake,
1378.0,Totally Roasted,Cider,16.0 oz,0.068,185.0,Vander Mill Ciders,Spring Lake,MI
?,N/A,Cider,16.0 oz,0.068,185.0,Vander Mill Ciders,Spring Lake,MI
1376.0,Hard Apple,Cider,16.0 oz,0.068,185.0,N/A,Spring Lake,MI
2411.0,Nitro Can Coffee Stout,American Stout,12.0 oz,0.052,113.0,Vault Brewing Company,Yardley,PA
1770.0,Voodoo Love Child,Tripel,missing,0.092,322.0,Voodoo Brewery,Meadville,PA
1769.0,White Magick of the Sun,Witbier,12.0 oz,,322.0,Voodoo Brewery,Meadville,PA
1730.0,,American Brown Ale,12.0 oz,0.075,322.0,?,missing,?
1729.0,Gran Met,Belgian Strong Pale Ale,12.0 oz,0.092,322.0,Voodoo Brewery,Meadville,?
1603.0,Good Vibes IPA,American IPA,12.0 oz,,322.0,Voodoo Brewery,Meadville,PA
1488.0,Pilzilla,American Double / Imperial Pilsner,12.0 oz,0.075,322.0,Voodoo Brewery,Meadville,PA
NULL,Wachusett Light IPA,American IPA,12.0 oz,0.04,295.0,Wachusett Brewing Company,Westminster,MA
1845.0,Green Monsta IPA,American IPA,12.0 oz,0.06,295.0,Wachusett Brewing Company,Westminster,MA
1844.0,Wachusett IPA,American IPA,12.0 oz,0.056,295.0,Wachusett Brewing Company,Westminster,MA
N/A,Strawberry White,Witbier,12.0 oz,0.047,295.0,Wachusett Brewing Company,Westminster,MA
,Larry Imperial IPA,American Double / Imperial IPA,12.0 oz,0.085,295.0,Wachusett Brewing Company,Westminster,MA
1038.0,Wachusett Summer,American Pale Wheat Ale,12.0 oz,0.047,295.0,N/A,Westminster,MA
1030.0,Country Pale Ale,English Pale Ale,missing,0.051,295.0,Wachusett Brewing Company,Westminster,MA
1029.0,N/A,American IPA,?,0.04,,Wachusett Brewing Company,Westminster,MA
908.0,Pumpkan,Pumpkin Ale,12.0 oz,0.052,295.0,Wachusett Brewing Company,Westminster,MA
619.0,Wachusett Blueberry Ale,Fruit / Vegetable Beer,12.0 oz,0.045,295.0,Wachusett Brewing Company,Westminster,MA
,Green Monsta IPA,American IPA,12.0 oz,0.06,295.0,Wachusett Brewing Company,Westminster,MA
780.0,T-6 Red Ale (2004),American Amber / Red Ale,12.0 oz,,506.0,missing,Fort Wayne,IN
2450.0,Self Starter,American IPA,16.0 oz,0.052,,Warped Wing Brewing Company,Dayton,OH
2223.0,Ermal's,Cream Ale,16.0 oz,missing,94.0,Warped Wing Brewing Company,Dayton,OH
2222.0,10 Ton,Oatmeal Stout,16.0 oz,0.07,94.0,NULL,Dayton,OH
2221.0,Flyin' Rye,American IPA,16.0 oz,0.07,?,Warped Wing Brewing Company,Dayton,OH
2439.0,Christmas Ale,Herbed / Spiced Beer,12.0 oz,0.09,100.0,West Sixth Brewing,,KY
2356.0,NULL,American Porter,12.0 oz,0.07,100.0,West Sixth Brewing,missing,
1069.0,West Sixth Amber Ale,American Amber / Red Ale,12.0 oz,,100.0,NULL,Lexington,KY
652.0,West Sixth IPA,American IPA,12.0 oz,nan (wait to be cleaned),100.0,West Sixth Brewing,Lexington,KY
missing,One Claw,N/A,12.0 oz,0.055,384.0,Westbrook Brewing Company,Mt. Pleasant,SC
1312.0,Westbrook Gose,Gose,12.0 oz,0.04,384.0,Westbrook Brewing Company,Mt. Pleasant,N/A
,White Thai,Witbier,12.0 oz,0.05,384.0,missing,Mt. Pleasant,missing
?,Westbrook IPA,American IPA,12.0 oz,0.068,384.0,Westbrook Brewing Company,?,SC
1645.0,,Märzen / Oktoberfest,12.0 oz,?,351.0,Westfield River Brewing Company,Westfield,?
1551.0,Pop's Old Fashioned Lager,American Amber / Red Lager,?,0.052,351.0,Westfield River Brewing Company,Westfield,
1550.0,Charlie in the Rye,American IPA,12.0 oz,0.058,351.0,Westfield River Brewing Company,Westfield,MA
2364.0,Royal Lager,American Pale Lager,16.0 oz,nan (wait to be cleaned),132.0,Weston Brewing Company,Weston,?
2348.0,Rip Van Winkle (Current),Bock,12.0 oz,0.08,N/A,Weston Brewing Company,Weston,MO
2344.0,O’Malley’s Stout,English Stout,N/A,missing,132.0,Weston Brewing Company,Weston,MO
2343.0,,American IPA,12.0 oz,0.075,132.0,Weston Brewing Company,Weston,missing
2342.0,O’Malley’s Irish Style Cream Ale,Cream Ale,12.0 oz,nan (wait to be cleaned),132.0,Weston Brewing Company,Weston,MO
2341.0,L'il Lucy's Hot Pepper Ale,Chile Beer,12.0 oz,0.049,N/A,Weston Brewing Company,Weston,MO
2340.0,Drop Kick Ale,American Amber / Red Ale,12.0 oz,0.052,132.0,Weston Brewing Company,,MO
2573.0,Raspberry Berliner Weisse,Berliner Weissbier,NULL,,47.0,White Birch Brewing,Hooksett,NH
2572.0,Hop Session,American IPA,12.0 oz,0.05,47.0,White Birch Brewing,Hooksett,NH
2571.0,Blueberry Berliner Weisse,Berliner Weissbier,12.0 oz,0.055,47.0,White Birch Brewing,Hooksett,NH
2570.0,Berliner Weisse,,12.0 oz,0.055,47.0,White Birch Brewing,Hooksett,NH
1498.0,,American IPA,16.0 oz,NULL,396.0,White Flame Brewing Company,Hudsonville,MI
1838.0,Hefe Lemon,Radler,,0.049,296.0,Widmer Brothers Brewing Company,Portland,OR
1837.0,Hefe Black,Hefeweizen,12.0 oz,0.049,296.0,Widmer Brothers Brewing Company,Portland,OR
1836.0,Widmer Brothers Hefeweizen,Hefeweizen,?,0.049,296.0,Widmer Brothers Brewing Company,Portland,OR
1619.0,Hop Slayer Double IPA,American Double / Imperial IPA,12.0 oz,0.082,361.0,?,Lake Barrington,IL
1618.0,missing,Pumpkin Ale,12.0 oz,0.045,361.0,Wild Onion Brewing Company,Lake Barrington,IL
1364.0,Big Bowl Blonde Ale,American Brown Ale,12.0 oz,0.05,361.0,Wild Onion Brewing Company,Lake Barrington,IL
971.0,Phat Chance,?,N/A,0.052,361.0,Wild Onion Brewing Company,Lake Barrington,IL
740.0,Hop Slayer Double IPA (2011),American Double / Imperial IPA,12.0 oz,,361.0,Wild Onion Brewing Company,Lake Barrington,IL
430.0,Hop Slayer Double IPA (2011),American Double / Imperial IPA,missing,0.082,361.0,missing,Lake Barrington,IL
398.0,Wild Onion Summer Wit,Witbier,12.0 oz,0.042,361.0,Wild Onion Brewing Company,Lake Barrington,IL
366.0,Jack Stout,Oatmeal Stout,12.0 oz,,361.0,NULL,Lake Barrington,IL
,Wild Onion Pumpkin Ale (2010),,12.0 oz,0.045,361.0,Wild Onion Brewing Company,Lake Barrington,IL
NULL,Paddy Pale Ale,American Pale Ale (APA),12.0 oz,?,361.0,Wild Onion Brewing Company,Lake Barrington,IL
2253.0,Blonde Hunny,,12.0 oz,0.068,181.0,Wild Wolf Brewing Company,Nellysford,VA
1318.0,Wild Wolf Wee Heavy Scottish Style Ale,Scotch Ale / Wee Heavy,12.0 oz,0.057,181.0,Wild Wolf Brewing Company,NULL,VA
1195.0,missing,American Pilsner,12.0 oz,0.045,181.0,Wild Wolf Brewing Company,Nellysford,VA
1194.0,Alpha Ale,American Pale Ale (APA),12.0 oz,0.051,181.0,Wild Wolf Brewing Company,Nellysford,VA
826.0,Mystical Stout,Irish Dry Stout,16.0 oz,0.054,499.0,Wildwood Brewing Company,N/A,MT
825.0,Bodacious Bock,?,N/A,,499.0,Wildwood Brewing Company,Stevensville,N/A
813.0,Ambitious Lager,Munich Helles Lager,N/A,N/A,499.0,Wildwood Brewing Company,Stevensville,MT
324.0,missing,American Pale Ale (APA),16.0 oz,0.072,550.0,Wind River Brewing Company,Pinedale,WY
323.0,Wind River Blonde Ale,American Blonde Ale,16.0 oz,0.05,550.0,Wind River Brewing Company,Pinedale,N/A
,Ace IPA,American IPA,16.0 oz,0.074,509.0,Wingman Brewers,Tacoma,WA
761.0,P-51 Porter,American Porter,16.0 oz,0.08,509.0,Wingman Brewers,Tacoma,WA
2149.0,,American Amber / Red Lager,12.0 oz,0.055,211.0,Wisconsin Brewing Company,Verona,WI
2148.0,#002 American I.P.A.,American IPA,12.0 oz,0.071,211.0,Wisconsin Brewing Company,Verona,WI
2147.0,#003 Brown & Robust Porter,American Porter,12.0 oz,0.052,missing,Wisconsin Brewing Company,Verona,WI
2146.0,#004 Session I.P.A.,American IPA,NULL,0.048,211.0,Wisconsin Brewing Company,Verona,missing
2047.0,Tarasque,Saison / Farmhouse Ale,12.0 oz,0.059,239.0,Wiseacre Brewing Company,Memphis,TN
1470.0,Ananda India Pale Ale,American IPA,missing,0.062,239.0,missing,Memphis,TN
1469.0,Tiny Bomb,American Pilsner,12.0 oz,0.045,N/A,Wiseacre Brewing Company,Memphis,missing
2627.0,,American IPA,12.0 oz,NULL,14.0,Witch's Hat Brewing Company,South Lyon,MI
2626.0,,American Brown Ale,12.0 oz,N/A,14.0,Witch's Hat Brewing Company,South Lyon,MI
1676.0,N/A,American IPA,12.0 oz,missing,344.0,Wolf Hills Brewing Company,?,VA
1468.0,Wolverine Premium Lager,American Pale Lager,12.0 oz,0.047,402.0,missing,N/A,MI
822.0,Woodchuck Amber Hard Cider,Cider,12.0 oz,0.05,501.0,Woodchuck Hard Cider,Middlebury,VT
missing,4000 Footer IPA,American IPA,12.0 oz,0.065,109.0,"Woodstock Inn, Station & Brewery",North Woodstock,NH
2306.0,NULL,American Pilsner,12.0 oz,0.028,109.0,"Woodstock Inn, Station & Brewery",North Woodstock,NH
1697.0,,American IPA,16.0 oz,0.065,339.0,Wormtown Brewery,,MA
N/A,Worthy IPA,American IPA,12.0 oz,0.069,199.0,Worthy Brewing Company,Bend,OR
1514.0,Easy Day Kolsch,Kölsch,?,0.045,199.0,Worthy Brewing Company,Bend,OR
1513.0,Lights Out Vanilla Cream Extra Stout,American Double / Imperial IPA,12.0 oz,0.077,199.0,Worthy Brewing Company,Bend,OR
1512.0,Worthy IPA (2013),American IPA,12.0 oz,0.069,199.0,Worthy Brewing Company,Bend,OR
1511.0,Worthy Pale,NULL,12.0 oz,0.06,199.0,Worthy Brewing Company,,OR
1345.0,Patty's Chile Beer,missing,12.0 oz,,424.0,?,Denver,CO
1316.0,,American Strong Ale,12.0 oz,,424.0,Wynkoop Brewing Company,Denver,CO
1045.0,Wynkoop Pumpkin Ale,NULL,?,,424.0,Wynkoop Brewing Company,,CO
missing,Rocky Mountain Oyster Stout,American Stout,12.0 oz,0.075,424.0,Wynkoop Brewing Company,Denver,CO
928.0,missing,Belgian IPA,12.0 oz,0.067,424.0,,Denver,CO
,Rail Yard Ale,American Amber / Red Ale,12.0 oz,0.052,424.0,Wynkoop Brewing Company,Denver,N/A
620.0,B3K Black Lager,Schwarzbier,12.0 oz,0.055,424.0,Wynkoop Brewing Company,Denver,CO
145.0,Silverback Pale Ale,American Pale Ale (APA),12.0 oz,0.055,424.0,,?,CO
84.0,Rail Yard Ale (2009),?,12.0 oz,0.052,424.0,Wynkoop Brewing Company,,CO
