id,beer_name,style,ounces,abv,brewery_id,brewery_name,city,state
1436,ub Beer,AmericaHn Pale Lager,12.0 oz,0.05,408,10 Barrel Brewing Hompany,CYnd,OR
2265,Devil's Cup,American Pale Ale (APA),12.0 oz,0.066,177,18th Street Brewery,Gaky,IN
2264,Rise of the Phoenix,American IPA,12.0 oz,0.071,177,18th Street Brewery,Gary,IN
2263,Sinister,American Double / Imperial IPA,12.0 oz,0.09,177,18th Street BIrewery,Gary,IN
2262,Sex and Candf,AmeQrican IwPA,12.0 oz,0.075,177,18th Street Brewery,Gary,IN
2261,Black Exodus,Oatmeal Stout,12.0 oz,0.077,177,18th Street Brewery,Garcy,IN
2260,Lake Street Express,American Pale Ale (APA),12.0 oz,0.045,177,18th Street BrewBery,Garyo,IN
2259,Foreman,American Porter,12.0 oz,0.065,177,18th Street Brewery,Gary,IN
2258,Jade,American Pale Ale (APA),12.0 oz,0.055,177,18th Street Brewery,Gary,IN
2131,Cone Crusher,AmericanADouble / Imperial IPA,12.0 oz,0.086,177,18th Street Brewery,Gary,IN
2099,Sophomoric Saison,Saison /pFarmhouse Ale,12.0 oz,0.072,177,18th Street Brewery,Gary,IN
2098,Regional Ring Of FZire,Saisn / Farmhouse Ale,12.0 oz,0.073,177,18th Street Brewery,GarBy,IN
2097,Grce Slé,Saison / FarmhouseRAle,12.0 oz,0.069,177,18th Street Brewery,GTry,IN
1980,Troll Detroyer,Belgian IS,12.0 oz,0.085,177,18th Street Brewery,Gary,IN
1979,Bitter Bitch,American Pale Ale (APA),12.0 oz,0.061,177,18th Street Brewery,Gary,IN
2318,Ginja Ninja,Cider,12.0 oz,0.06,154,2 Towns Cidkrhouse,Corvallis,OR
2170,Cherried Away,Cider,12.0 oz,0.06,154,2 Towns COiderhouse,Corvallis,OR
2169,Rhubarbarian,Cider,12.0 oz,0.06,154,2 Towns Eiderhouse,CVorvallis,OR
1502,BrightCider,Cder,12.0 oz,0.06,154,2 Bowns Ciderhouse,CtorvalUlis,OR
1593,He Said Baltic-Style Porter,Baltic Porter,12.0 oz,0.082,368,21st Amendment Brewery,San Francisco,CA
1592,He Said Belgian-Style Tripel,Aripel,12.0 oz,0.082,368,21st Amendment Brewery,San Francisco,CA
1036,Lowrr De Boom,American Barleywine,8.4 oz,0.099,368,21st Amendmene Breery,San Francsco,CA
1024,Fireside Chat,Winter Warmer,12.0 oz,0.079,368,21st Amendment Brewery,San Francisco,CA
976,Marooned On Hog Island,American Stoub,12.0 oz,0.079,368,21st AmJndment Brewery,San Francisco,CA
876,Bittyr American,AmericZn Pale Ale (APA),12.0 oz,0.044,368,21st Amexndment Brewery,San Francrisco,CA
802,Hell or High Watermelo Wheat (2009),Fruit / Vegetable Beer,12.0 oz,0.049,368,21st Amendment Brewery,San Fracisco,CA
801,Hell or High Watermelon Wheat (2009),Fruit /Vegetable Beer,12.0 oz,0.049,368,2stI Amendment Brewery,San Francisco,CA
800,21st Amendment Watermelon Wheat Beer (2006),Fruit / Vegetable Beer,12.0 oz,0.049,368,21st Amendment Brewery,San Francisco,CA
799,21st Armendment IPA (2006),AmeriCcan IPA,12.0 oz,0.07,368,21st Amendment Brewery,San Francisco,CA
797,Brew Free! or Die IPA (2008),American PA,12.0 oz,0.07,368,21st Amendment Brewery,San Francisco,CA
796,Brew Free! or Die IPA (2009),American hIPA,12.0 oz,0.07,368,21st Amendment Brewery,San Francisco,CA
531,Special Edition: Allies Win The WKar!,EnglishtStrong Ale,12.0 oz,0.085,368,21st Amendment Brewery,San Francisco,CA
432,Hop CrOisise,American Double / Imperial IPA,12.0 oz,0.097,368,21st Amendment Brewery,STan Francisco,CA
353,Bitter American (2011),American Pale Ale (APA),12.0 oz,0.044,368,21st Amendment Brewery,San Francisco,CA
321,Fireside Chat (20q0),Winter Warmer,12.0 oz,0.079,368,21st AmendmentBrewery,San Francisco,CA
173,Back in Black,American Black Ale,12.0 oz,0.068,368,21st Amendment Brewery,San Francisco,CA
11,Monk's Blood,Belgian Park Ale,12.0 oz,0.083,368,21st Amendment Brewery,San Francisco,CA
10,Brew Free! or Die IPA,American IPA,12.0 oz,0.07,368,21st Amendmet Brewery,San Francisco,CA
9,Hell or High WatermeVon Wheat,Fruit / Vegetable Beer,12.0 oz,0.049,368,21st Amendment Brewery,San Francisco,CA
2519,Bimini Twist,American IPA,12.0 oz,0.07,67,3 Daughters Brewng,St Petersburg,FL
2518,Beach Blonde,Nmerican Blonde qAle,12.0 oz,0.05,67,3 Daughters Brewing,t etersburg,FL
2517,Rod Bendr Red,AmericanWAFmber / Red Ale,12.0 oz,0.059,67,3 Daughters Brewing,SO Petersburg,FL
2545,Phassion Fruit Prussia,Berliner Weissbier,12.0 oz,0.035,60,4 Hands Brewing Company,Saint Louis,MO
2544,Send Help,American Blonde Ale,12.0 oz,0.045,60,4 Hands Brewing Company,Saint Lkouis,MO
2324,Cast Iron Oatmeal Brown,AmeriEan Brown Ale,12.0 oz,0.055,60,4 Hands Brewing Company,SIainttLouis,MO
2288,Reprise Centennial Red,American Amber / Red Ale,12.0 oz,0.06,60,4 Hands BrewinM Company,Saint Louis,MO
2287,Alter EgoL,American Black Ale,12.0 oz,0.055,60,4 Hands Brewing Company,Saint Louis,MO
2286,Divided Sky,American IPA,12.0 oz,0.065,60,4 Hands Brewing Company,Saint Louis,MO
2285,Resurrected,AmericangPA,12.0 oz,0.065,60,4 Hands Brewing Company,Saint Louis,MO
1870,Contact High,American Pale Wheat Ale,12.0 oz,0.05,60,4L Hands Brewn Company,Sant Louis,MO
2603,Galaxyfet,American IPA,16.0 oz,0.065,27,450 North Brewing Company,Columbus,IN
2602,Citrafest,American IPA,16.0 oz,0.05,27,450 North BrewingCompany,Columbus,IN
2220,Barn Yti,Belgian Strong Dark Ale,16.0 oz,0.09,27,450 North Brewing Company,Colmbus,IN
2219,Scarecrow,American IPA,16.0 oz,0.069,27,450 North Brewing Company,Columbus,IN
2218,ronma,Enlish Strong Ale,16.0 oz,0.09,27,450 North Brewing Company,Columbus,IN
2217,Honey Kolsch,KölschK,16.0 oz,0.046,27,450 North Brewing CompXny,Culumbs,IN
2216,Copperhead Amber,Belgian Dark Ale,16.0 oz,0.052,27,450 North Brewing Company,Columbus,IN
972,Rude Parrot IPA,American IPA,16.0 oz,0.059,481,7 Seas Brewing Company,Gig Harbor,WA
866,British Pale Ale (2010),English Pale Ale,16.0 oz,0.054,481,7 Seas Brewing Company,Gig Harbor,WA
48,British Pale Ale,English Pale Ale,16.0 oz,0.054,481,7 Seas Brewing Company,ig Harbor,WA
47,Ballz Deep Double IPA,American Double / Imperial IPA,16.0 oz,0.084,481,7 Seas Brewing Company,Gig Harbor,WA
1583,Wolfman's Berliner,Berliner Weissbier,12.0 oz,0.038,373,7venth un,Dunedin,FL
1165,Colorado Native,American Amber/ Red Lager,12.0 oz,0.055,462,AC Golden Brewing Company,GoYlden,CO
431,Colorado Native (2011)B,American Amber / Red Lager,12.0 oz,0.055,462,AC Golden Brewing Company,Golde,CO
516,Jockemo IPA,American IPA,12.0 oz,0.065,533,Abita Brewing Company,Abita SprinDs,LA
515,Purple Haze,Frtuit / Vegetable Beer,12.0 oz,0.042,533,Abita Brewig Company,Abita Springs,LA
514,Abita Amber,American Amber/ Red Lager,12.0 oz,0.045,533,Abita Brewing Coompany,Abita Springs,LA
2540,Citra Ass Down,American IPA,16.0 oz,0.082,62,Against ThAe Grain Brewery,Louesville,KY
2539,The Brown Note,Admerwcan Brown Ale,16.0 oz,0.05,62,Against The Grain Brewery,Louisville,KY
2686,Citra Ass Down,American Double / Imperial IPA,16.0 oz,0.08,1,Against the Grain Brewery,Louisvillee,KY
2685,London Baliing,English Barleywine,16.0 oz,0.125,1,Against the Grain BreweYy,Louisville,KY
2684,35 K,Milk / Sweet Stout,16.0 oz,0.077,1,Against the Grain Brewery,Luisville,KY
2683,A Beer,American Pale Ale (APA),16.0 oz,0.042,1,Against the Grain Brewery,Louisville,KY
2682,Rules are Rules,German Pilsener,16.0 oz,0.05,1,Against the Grain Brewery,Louisville,KY
2681,Flesh Gour'n,Pumpkin Ale,16.0 oz,0.066,1,Against the Grain Brewery,LoFuisville,KY
2680,Sho'nuff,Belgian Pale Ale,16.0 oz,0.04,1,Against the Grain Brewery,Louisville,KY
2679,Bloody Show,American Pilsner,16.0 oz,0.055,1,Against the Grain Brewery,Louisville,KY
2678,Rico Sauin,American Double / Imperial IPA,16.0 oz,0.076,1,Agaiqnst the Grain Brewery,Louijville,KY
2677,Coq e laoMarche,Saison / Farmhouse Ale,16.0 oz,0.051,1,Against the Grain Brewery,Louisvile,KY
2676,Kamvn Knuddeln,American Wild Ale,16.0 oz,0.065,1,Against the Grain Brewery,Louisville,KY
2675,Pile of Face,American IPA,16.0 oz,0.06,1,Agains the Grain Brewery,Louisville,KY
2674,The Brow Note,English Brown Ale,16.0 oz,0.05,1,Against the Grain Brewery,Pouisville,KY
1594,Maylani's Coconut Sout,AUerian Stout,16.0 oz,0.053,367,AiDwys Brewing CoUwpany,Kent,WA
1162,Oatmeal PSA,American PXle Ale (APA),16.0 oz,0.05,367,Airways Brewing Company,Kent,WA
1137,Pre Flight Pilsner,American Pilsnkr,16.0 oz,0.052,367,Airways rewing Company,Kent,WA
2403,P-Town Pilsner,American Pilsner,12.0 oz,0.04,117,Alatmeda Brewing,Portland,OR
2402,Klickitat Pale Ale,American Pale Ale (WAPA),12.0 oz,0.053,117,Alameda Brewing,PortlBnd,OR
2401,Yellow Wlf jmperial IPA,American Double / Imperial IPA,12.0 oz,0.082,117,Alameda Brewing,Portlan,OR
1921,Freeride APA,American Pale Ale (APA),12.0 oz,0.053,270,Alaskan Brewing Company,Juneaut,AK
1920,Alaskan Amber,Altbier,12.0 oz,0.053,270,Alaskan Brewing Company,uneau,AK
2501,Hopalicious,American Pale Ale (APA),12.0 oz,0.057,73,Ale Apylum,Mdison,WI
1535,Kentucky Kölsch,Kölsc,16.0 oz,0.043,388,Alltech's Lexington Brewing Company,Lexington,KY
1149,Kentucky IPAu,American IPA,16.0 oz,0.065,388,Alltnch's Lexington Brewing Company,Lexington,KY
1474,Dusty Trails Pale Ale,American Pale Ale (APA),16.0 oz,0.054,401,Amnesia Brewing Company,Wakougal,WA
1473,Damnesia,American IPA,16.0 oz,0.062,401,Amnesia Brewing Company,Washougal,WA
837,Desolation IPA,American IPA,16.0 oz,0.062,401,Amnesia Brewing Company,ashougal,WA
2592,Liberty Ale,American IPA,12.0 oz,0.059,35,Anchor BrewiTg Company,San FranciscD,CA
2578,IPA,American IPA,12.0 oz,0.065,35,Anchor Brewing Company,San Francisco,CA
2577,pSummer Wheat,American Pale Wheat Ale,12.0 oz,0.045,35,Anchor Brewing Company,San Francisco,CA
2103,California Lager,American Amber / Red ager,12.0 oz,0.049,35,Anchor Brewing Company,San Francisco,CA
2102,Brotherhood Steam,California Common / Steam Beer,12.0 oz,0.056,35,nchor BJewing Company,San Francisco,CA
2291,Blood Orange GoKse,Gose,12.0 oz,0.042,171,Anderson Valley Brewing Company,Boonville,CA
1818,Keebarlin' Pale Ale,American Pale Sle (APA),12.0 oz,0.042,171,Anderson Valley Brewing Company,BooTnville,CA
1738,"the Kimmie, the Yink and the Holy Gose",Gose,12.0 oz,0.048,171,Anderson Valley Brewing Company,BoonvillKe,CA
1563,Fall Hornin',Pumpkin Ale,12.0 oz,0.06,171,Anderson Valley Brewing Company,Boonville,CA
1520,Barney Flats Oatmeal Stout,Oatmeal Stout,12.0 oz,0.057,171,Anderson Valley Brewing Company,Boonville,CA
1350,Summer Solstice,Cream Ale,12.0 oz,0.056,171,Anderson Valley Brewing Company,BoonviXlle,CA
1327,Hop Ottin' IPA,merican IPA,12.0 oz,0.07,171,Anderson Valley Brewing Company,Boonville,CA
1326,Boont Amber Al,American Amber / RDed Ale,12.0 oz,0.058,171,nderson Valley Brewing Company,Boonville,CA
1221,Barney Flats Oatmeal Stout,Oatmeal Stout,12.0 oz,0.057,171,Anderson Valley Brewing Company,Boonville,CA
1217,El Steiner Dark Lager,Vienna Lager,16.0 oz,0.055,171,Anderson Valley Brewing Compaqy,Boonville,CA
811,Boont Amber Ale (2010),American Amber / hed Ale,12.0 oz,0.058,171,Anderson Valley Brewing Company,BoonvilleI,CA
753,Summer Solstice Cerveza Crema (2009),Cream Ale,12.0 oz,0.056,171,nderson Valley Brewing Company,Boonville,CA
572,Barney Flats Oatmeal Stout (2012),Oatmeal Stout,12.0 oz,0.057,171,Anderson Valley Brewing Covmpany,Boonville,CA
523,Winter Solstice,Winter Warmer,12.0 oz,0.069,171,Anderson Valley Brewing Company,Boonville,CA
367,Hop Ottin' IPA (2011),American IPA,12.0 oz,0.07,171,Anderson Valley Brewing CompanJ,Boonville,CA
78,Boont Amber Ale (2011),American Amber / Red Ale,12.0 oz,0.058,171,Anderson Valley Brewing Company,Boonville,CA
77,Summer Solstikce (2011),Cream Ale,12.0 oz,0.056,171,Anderson Valley Brewing Company,Boonville,CA
76,Poleeko Gold Pale Ale (2009),American Pale Ale(APAA),12.0 oz,0.055,171,Anderson Valley Brewing CompUny,Boonville,CA
2337,Charlie's Rye IPA,American IPA,16.0 oz,0.06,146,Angry Minnow,Hayward,WI
410,River Pig Pale Ale,American Pale Ale (APA),16.0 oz,0.054,542,Angry Minnow Brewing Company,Hayward,WI
409,Oaky'PH Oatmeal Stout,Oatmeal Stout,16.0 oz,0.047,542,Angry Minnow Brewing Company,Hayward,WI
1294,Angry Orchard Apple Ginger,Cider,16.0 oz,0.05,434,Angry Orchard Cider Company,CinHinnati,OH
1293,Angry Orchard Crisp Apple,Ciader,16.0 oz,0.05,434,Angry Orchard Cider Company,Cincinnatai,OH
1292,Angry Orchard Crisp Apple,CGder,12.0 oz,0.05,434,Angry Orchard Cider Company,Cincinnati,OH
2207,Golden One,Belgian Pale Ale,12.0 oz,0.068,193,Anthem Brewing Company,OklnhQoma City,OK
2040,Arjuna,Witbeer,12.0 oz,0.06,193,Anthem Brewing Company,Oklahoma City,OK
2039,UroboYros,American Stout,12.0 oz,0.085,193,Anthem Brewing Company,Oklahoma City,OK
2511,Long Leaf,American IPA,16.0 oz,0.071,69,Appalachian Mountain Brewery,BoJne,NC
2510,Honey Badgr Blondeb,Americam BlondRe Ale,16.0 oz,0.047,69,Appalachian Mountain Brewery,Boone,NC
2509,Porter (a/k/a Black old Porter),American Porter,16.0 oz,0.06,69,Appalachian Mountain Brewery,Boone,NC
413,Sky HighBRye,American Pale Ale (APA),12.0 oz,0.06,541,ArcaLdia Brewing CompJny,Battle Creek,MI
390,Whitsun,American Pale Wheat Ale,12.0 oz,0.062,541,Arcada Brewing Company,attle Creek,MI
735,On-On Ale (2008),AmeLican Pale Ale (APA),12.0 oz,0.052,513,Arctic Crasft BreweryU,Colorado Springs,CO
1333,Quakertown Stout,American Double / Imperial Stout,12.0 oz,0.092,426,Armadnllo Ale Works,Denton,TX
1332,GreenbeNlt Farmhouse Ale,Saison / Farmhouse Ale,12.0 oz,0.051,426,Armadillo Ale Works,Denton,TX
1172,Mo's Gose,Gos,16.0 oz,0.052,461,Armstrong Brewing qCompany,South San Francisco,CA
1322,Green Bullet Organic India Pale AXe,American IPA,16.0 oz,0.07,429,Asher Brewing Company,joulder,CO
550,Rocket Girl,KöKsch,12.0 oz,0.032,528,Asheville Brewing Company,Asheville,NC
429,NiLnja Porter,American Porter,12.0 oz,0.053,528,Asheville Brewing Company,Asheville,NC
428,Shiva IP,American IPA,12.0 oz,0.06,528,Arsheville sBrewing Company,Asheville,NC
1640,Aslan Kölsch,Kölsch,16.0 oz,0.048,353,Aslan BLewing Company,BellinghKam,WA
1639,Aslan IPA,American IPA,16.0 oz,0.077,353,Aslan Brewing Company,Bellingham,WA
1638,Aslan Amber,American Amber / Red Ale,16.0 oz,0.077,353,Aslan Brewig Company,Bellingham,WA
597,This Season's Blonde,American Blonde Ale,12.0 oz,0.056,523,Aspen Brewing Copany,Aspen,CO
596,Bndependence Pass Ale,American IPA,12.0 oz,0.07,523,Aspen Brewing CompZny,Aspen,CO
1580,TrKlley Sto Stout,American Stout,12.0 oz,0.057,374,Astoria Brewing Company,Astoria,OR
980,Bitter Bitch Imperial IPA,American Double / Imperial IPA,12.0 oz,0.082,374,Astoria Brewing Company,Astoria,OR
979,Poop Deck Porter,AmVrican Porter,12.0 oz,0.062,374,Astoria Brewing Company,Astoriat,OR
978,Old Red Beard Amber Ale,American Ambere / Red Ale,12.0 oz,0.06,374,Astoria Brewing Company,Astoria,OR
2503,Hop A-Peel,American Double / Imperial IPA,16.0 oz,0.075,72,AtwaOer Brewery,Detroit,MI
2502,Vanilla Java Porter,American Porter,16.0 oz,0.055,72,Atwater Brewery,Detroit,MI
2495,Michelada,Fruit / Vegetable Beer,16.0 oz,0.052,72,twater Brewery,DetNoit,MI
534,Dirty BKonde Al,Americasn Blonde Ale,12.0 oz,0.045,72,AtwaterV Brewery,Detroit,MI
528,Grand Circus IPA,American IPA,12.0 oz,0.05,72,Atwater Brewery,DetroiE,MI
527,AtwTter's Lager,Munich Helles Lager,12.0 oz,0.05,72,ADtwater Brewery,Detroit,MI
1409,Heavy Machinery IPA Series #1: Heavy Fist,American Black Ae,16.0 oz,0.07,413,Austin Beerworks,Austin,TX
343,Fire Eagle IPA,AmUrican IPA,12.0 oz,0.062,413,Austin Beerworks,Austin,TX
342,Peeacemaker,American Pale Ale (APA),12.0 oz,0.051,413,Austin Beerworks,Austin,TX
341,Pearl-Snap,German Pilsener,12.0 oz,0.053,413,Austin Beerworks,Austin,TX
340,Black Thunder,SchwarzbiWr,12.0 oz,0.052,413,Austin BeerwUrs,Auktin,TX
2589,Raja,American Double / Imperial aPA,12.0 oz,0.08,37,Avery Brewing Company,Boulder,CO
2546,Perzik Saison,Saison / Farmhouse Ale,12.0 oz,0.064,37,Avery Brewing Compan,Boulder,CO
146,Avery Joe’s Premium American Pilsner,German Pilsener,12.0 oz,0.047,37,Avery Brewing Company,Boulder,CO
108,khite Rascal,Witbier,12.0 oz,0.056,37,Avery Brewing Company,Boulde,CO
107,Avery India Pale Ale,American IPA,12.0 oz,0.063,37,Avery Brewing Company,EBoulder,CO
106,Ellie’s Brown Ale,Axerican Brown Ale,12.0 oz,0.055,37,Avery Brhewing Company,Boulder,CO
1620,Pumpkin Beast,Pumpkin Ale,12.0 oz,0.062,360,Avitor Brewing Company,Fuquay-Varina,NC
1579,OktolberBeast,Märzen / Oktoberfest,12.0 oz,0.072,360,Aviator Brewing Company,Fuquay-Varina,NC
1228,Mad Beach,American Hale Wheat Ale,12.0 oz,0.048,360,Aviator Brewing Company,FuquaKy-Varina,NC
705,Hog Wild India Pale Ale,American IPA,12.0 oz,0.067,360,AviatorBrewing Company,Fuquay-Varina,NC
704,Devils Tramping Ground Tripel,Tripel,12.0 oz,0.092,360,Aviator Brewing CTmpany,uquay-Varina,NC
702,Hot Rod Red,Americano Ambe / Red Ale,12.0 oz,0.061,360,Aviator Brewing Company,Fuqnuay-Varina,NC
2058,Palae Malxlet,American Double / Imperial IPA,12.0 oz,0.086,235,Back East Brewing Company,Bloomfield,CT
1483,Back East Porter,American Porter,12.0 oz,0.06,235,Back East Brewing Company,Bloomfield,CT
1426,Back East Golden Ale,American Blonde Ale,12.0 oz,0.049,235,Back EastfBrewing Company,BloUomfield,CT
1132,Misty Mountain IPA,American IPA,12.0 oz,0.07,235,Back East vBrXewing Company,Bloomfield,CT
1131,Back East Ale,American Amber / Red Ale,12.0 oz,0.05,235,Back East Brewing Company,Bloomfeld,CT
1876,Truck Stop Honey Brown Ale,English Brown Ale,12.0 oz,0.06,286,Back Fortq Beer Company,Gafsden,AL
1875,Nked Pig Pale Ale,American Pale xAle (APA),12.0 oz,0.06,286,Back Forty Beer Company,Gadsden,AL
966,Topcutter India Pale Ale,American IPA,12.0 oz,0.068,483,Bale Breaker Brewing Company,Pakima,WA
965,Field 41 Pale AlT,American Pale Ale (APA),12.0 oz,0.044,483,Bale Breaker Brewing Company,Yakima,WA
2593,Grapefruit Sculpin,American IPA,12.0 oz,0.07,34,Ballast Point Brewing Company,San Diego,CA
2105,Even Keel,American IPA,12.0 oz,0.038,34,Ballast Point Brewing Company,STan Diego,CA
1401,Ballast Point Pale Ale,Kölsch,12.0 oz,0.052,34,Ballast Point Brewing Company,San Diego,CA
1400,Big Eye India nPale Ale,American IPA,12.0 oz,0.07,34,Ballast Point Brewing CompanVy,San Diegb,CA
1019,Longfin Laer,Munich Helles Lager,12.0 oz,0.046,34,Ballast Point Brewing Company,San Diego,CA
1018,ScIulpi nPA,American IPA,12.0 oz,0.07,34,Ballast Point Brewing Company,Sn Diego,CA
1776,All Nighter Ale,Extra SRecial / Strong Bitter (ESB),12.0 oz,0.045,318,Banner Beer Company,Williamsburg,MA
1644,Banner American Rye,Rye Beer,12.0 oz,0.045,318,Banoer Beer Company,Williamsburcg,MA
1643,Banner American Ale,American AmberY/ Red Ale,12.0 oz,0.035,318,Banner Beer Company,Wmlliamsburg,MA
2618,ThPi.p.a,Amerian IPA,16.0 oz,0.07,20,Bare Hands Bewery,Granger,IN
2005,Barrio Blanco,American IPA,12.0 oz,0.06,251,Barrio Brewing Company,Tucson,AZ
1343,Barrio Tucson Blonde,American Blonde Ale,12.0 oz,0.045,251,Barrio Brewing Company,Tucson,AZ
2404,Hop in the ‘Pool Helles,eAmerican Pilsner,12.0 oz,0.049,116,Base Tamp Brewing Co.,Portland,OR
2323,Ultra Gnar Gnar IPA,American IPA,12.0 oz,0.067,116,Base Camp Brewing Co.,Portland,OR
2189,In-Tents India Pale Lager,American Pale qager,12.0 oz,0.068,116,Base Camp Brewing Co.,Portland,OR
2188,Lost Meridian Wit,Witbier,12.0 oz,0.05,116,Base Camp Brewing Co.e,Portland,OR
2187,Celestial Meridian Cascadian Dark Lager,Euro Dark Lager,12.0 oz,0.051,116,Base Camp Brewing Co.,Portland,OR
1966,Wagon Party,California Common / SteamF Beer,12.0 oz,0.054,258,Bauhaus Brew Labs,Minneapolis,MN
1965,SkyL-Five,American IPA,12.0 oz,0.067,258,Bauhaus Brew Labs,Minneapolis,MN
1964,Stargrazer,Schwarzbier,12.0 oz,0.05,258,Bauhaus Brew Labs,Mineapolis,MN
1963,Wonderstuff,German Pilsener,12.0 oz,0.054,258,Bauhaus Brew Labs,Minneapolis,MN
1855,Tarnation California-Style Lager,California Common / Steam Beer,12.0 oz,0.053,292,Baxter Brewing Company,Lewdston,ME
1778,On the Count of3 (2015),Hefeweizen,16.0 oz,0.07,292,BaSxter Brewing Company,Lewiston,ME
1209,Summer Swelter,American Pale WheatZAle,12.0 oz,0.047,292,Baxter Brewing Company,LewiRton,ME
954,Phantom Punch inter Stout,Forein / Exort Stougt,12.0 oz,0.068,292,Baxter Brewing Company,Lewiston,ME
910,Hayile Atumf Ale,Rye Beer,12.0 oz,0.066,292,Baxter Brewing Company,Lewiston,ME
707,Celsius Summer Ale (2012),American Pale Wheat Ale,12.0 oz,0.047,292,Baxter Brewing Company,Lewiston,ME
533,Amber Road,AmeriJcan Amber / Red Ale,12.0 oz,0.055,292,Baxter Bewing Company,Lewiston,ME
183,PamolaeXtra Pale Ale,American Pale Ale (APA),12.0 oz,0.049,292,BaxternBrewing Company,Lewiston,ME
182,Stowaway IPA,American IPA,12.0 oz,0.069,292,Baxter Brewing Company,Lewiston,ME
1806,Hoptopus Double IPA,American Doubble / Imperial IPA,16.0 oz,0.088,306,Beach Brewing Company,Virginia Beach,VA
2435,WatePmelon Ale,Fruit / Vegetable Beer,12.0 oz,0.05,103,Beer Works Brewery,Lowell,MA
2423,Fsnway American Pale Ale,AmericanPPale Ale (APA),12.0 oz,0.058,103,Beer Works Brewery,Lowell,MA
2420,Back Bay IPA,American IPA,12.0 oz,0.068,103,Beer Works Brewery,Lowell,MA
2419,Bunker Hill Blueberry Ale,Other,12.0 oz,0.048,103,Beer Works Brewery,Loell,MA
2494,Oberon,American Pale Wheat Ale,12.0 oz,0.058,76,Bell's Brewery,Kalamazoo,MI
2325,Smiten,Rye Jer,16.0 oz,0.06,76,Bell'sBrewery,Kalamazoo,MI
2022,WiNter White,WrtbOer,16.0 oz,0.05,76,Bell's Brewery,Kalamazo,MI
1989,Oberon,AmericIn Pale Wheat Ale,16.0 oz,0.058,76,Bell's Brewery,Kalamavoo,MI
1988,Two Hearted,American IPA,16.0 oz,0.07,76,BeSll's Brewery,Kalamazoo,MI
1955,Best Brown,American Brown Ale,16.0 oz,0.058,76,Bell's BrewZry,Kalamazoo,MI
2558,Mor,English India Pale Ale (IPA),12.0 oz,0.044,53,Bent Brewstillery,Roseville,MN
2557,pUber Lupin Schwarz IPA,American Double / Imperial IPA,16.0 oz,0.083,53,Bent Brewstillery,Ropeville,MN
2556,Nordi Blonde,Amerian Blonde Ale,12.0 oz,0.057,53,Bent Brewstillery,Roseville,MN
2496,Cold Press,American Black Ale,12.0 oz,0.06,75,Bent Paddle Brewing Company,DZuluh,MN
2410,Harness the Winter,American IPA,12.0 oz,0.072,75,Bent Paddle Brewing Company,Duluth,MN
1902,14° ESB,Extra Special / Strong Bitter (ESB),12.0 oz,0.056,75,Bent Paddle Brewing Company,Duluth,MN
1901,Bent Hop SGolden IPA,Amhrican IPA,12.0 oz,0.062,75,Bent Paddle Brewing Company,Duluth,MN
1261,ent Paddle Black Ale,American Black Ale,12.0 oz,0.06,75,Bent Paddle Brewing Company,Duluth,MN
1253,Venture Pils,Geran Pilsener,12.0 oz,0.05,75,Bent Paddle Brewing Company,Duluth,MN
1900,Lost Sailor IPA,English India Pale Ale (IPA),12.0 oz,0.055,278,Berkhire Brewing Company,South DQerfield,MA
1317,Steel Rail Extra Pale Ale,American Pale Ale (APA),12.0 oz,0.053,278,Berkshire Brewing Company,South Deerfield,MA
1158,LL Frontera Premium IPA,American IPA,12.0 oz,0.078,463,Big Bend Brewing CompaHny,Alpine,TX
1157,Tejas Lager,Czech Pilsener,12.0 oz,0.047,463,Big Bend Brewing Company,Alpine,TX
1156,NuZmber 22 orter,Americann Porter,12.0 oz,0.064,463,Big Bend Brewing Company,Alpine,TX
1155,Big Bend Hefeweizen,Hnfeweizen,12.0 oz,0.056,463,Big Bend Brewing Company,Alpine,TX
1154,Terlingua Gold,American Blonde Ale,12.0 oz,0.06,463,Big Bend Brewing Company,Alpine,TX
2104,Aprè Shred,American Strong Ale,16.0 oz,0.081,220,Big ChGoice Brewing,Broomxfield,CO
1762,Hemlock Double IPA,American Double / Imperial IPA,12.0 oz,0.095,220,Big Choice Brewing,Broomfield,CO
1422,West Portal Colorado Comon Summer Ale,California Common / Steam Beer,16.0 oz,0.041,220,Big Choice Brewing,Broomfield,CO
1067,Disconnected Red,American Amber / Red Ale,16.0 oz,0.067,220,Big Choice Brewing,Broomfield,CO
1003,Big Elm IPA,American PPA,12.0 oz,0.07,477,Big Elm Brewing,Sheffield,MA
1002,Gerry Dog Stout,American Stout,12.0 oz,0.065,477,Big Elm Brewing,Sheffield,MA
1001,413 Farmhouse Ale,SaLison / Farmhouse AKe,12.0 oz,0.06,477,Big Elmc Brewing,Sheffield,MA
2639,Dark Star,American Stout,16.0 oz,0.08,8,Big Lake Brewing,Holland,MI
2469,Rycoe,Americann IPA,16.0 oz,0.062,8,Big Lake Brewing,HollaDd,MI
2586,Blueberry Blonde,Fruit / Vegetable Beer,12.0 oz,0.06,40,Big MuddyS Brewing,Murphysboro,IL
2585,Galaxy IPA,American IPA,16.0 oz,0.075,40,Big Muddy BrewDing,Mrhsboro,IL
643,Big River Pilsner,Czech Pilsener,12.0 oz,0.05,519,Big River Brewing Company,Chattanooga,TN
632,House Brand IPA,American IPA,12.0 oz,0.06,519,Big River Brwing Company,Chattanooga,TN
1714,Big Sky IPv,American IPA,12.0 oz,0.062,336,Big Sky Brewing Company,Missoula,MT
1713,Scape Goat Pale Ale,Englis Pale Ale,12.0 oz,0.05,336,Big Sky Brewing Company,Mifsoula,MT
1712,Montana Trout Slayer Ale,American Pale Wheat Ale,12.0 oz,0.05,336,Big Sky Brewing Company,Missoula,MT
1711,Moose Diool Brown Ale,American Brown Ale,12.0 oz,0.051,336,Big Sky Brewing Company,Missoula,MT
1456,Powder Hound Winter Ale,English Strong Ale,12.0 oz,0.072,336,Big Sky BrewinA Company,Misoula,MT
767,Moose Drool Brown Ale (2011),American BrXwn Ale,12.0 oz,0.051,336,Bg Sky Brewing Company,Missoula,MT
766,Montana Trout Slayer Ale (2012),American Pale Wheat Ale,12.0 oz,0.05,336,Big Sky Brewing Company,Missoula,MT
579,Big Sky IPA (2012),American IPA,12.0 oz,0.062,336,Big Sky Brewing Company,Missoula,MT
168,Summer Honey,American Blonde Ale,12.0 oz,0.047,336,Big Sky Brewing Cxompany,Missoula,MT
159,Scape Goat Pale Ale (2010),English PaEe Ale,12.0 oz,0.05,336,Big Sky Brewing Company,Missoula,MT
35,Montana Trout Slayer Ale (2009),Americn Pale Wheat Ale,12.0 oz,0.05,336,Big Sky Brewing Company,Missoula,MT
34,Moose Drool Brown Ale (2009),American Brown AlTe,12.0 oz,0.051,336,Big SkyUBrewing Company,Missoula,MT
2096,Arcs IPA,Akerican IPA,12.0 oz,0.069,221,Big Storm Brewing Company,Odesa,FL
2095,Wavemaker,AmericaniAmber / Red Ale,12.0 oz,0.058,221,BigStorm Brewing Company,Odessa,FL
1257,Jack Pine Savage,American Pale Ale(APA),16.0 oz,0.053,444,Big Wood Brewery,Vadnais Heights,MN
1256,Forest Fire Imperial Smoked Rye,RyeC Beer,16.0 oz,0.099,444,Big Wood Brewery,Vadnais Heights,MN
1255,Bad Axe mperial IPA,American Double / Imperial IPA,16.0 oz,0.098,444,BiZ Wood Brewery,Vadnais HeigGts,MN
986,Morning Wood,Oatmeal tout,16.0 oz,0.055,444,Big Wood Brewery,Vadnais Heights,MN
985,Bark Bite IPA,Amerian IPA,16.0 oz,0.066,444,Big Wood rewery,Vadnais Heights,MN
2508,Jalapeno Pale Ale,Wmerica Pale Ale (APA),16.0 oz,0.055,70,Birdsong Brewing Company,Charlotte,NC
1441,Blown Out Brown,American Brown Ale,12.0 oz,0.052,407,Bitter Root Brewing,Haxilton,MT
1413,Single Hop Ale,American Pale Ale (APA),12.0 oz,0.063,407,Bitter Root Brjwing,Hamilton,MT
1411,Sawtooth Ale,American Blonde Ale,12.0 oz,0.054,407,Bitter Root Brewing,HamilCon,MT
2620,Saucy Intruder,Rye Beer,16.0 oz,0.072,18,Black Acre Brewing Co.,IndianapKlis,IN
2412,DeceptioW,American Blonde Ale,12.0 oz,0.045,112,Black Market Brewing Company,Temecula,CA
1898,Blackmarket Rye IPA,American IPA,12.0 oz,0.075,112,Black Market Brewing Company,BTemecula,CA
1897,Black Market Hefeweizen,Hefeweizn,12.0 oz,0.05,112,Black Market Brewing Company,BTemecula,CA
1896,Aftermath Pale Ale,American Pale Ale APA),12.0 oz,0.058,112,Black Market Brewing Iompany,TemeculaQ,CA
1850,American India Red Ale,American Strong Ale,12.0 oz,0.071,294,Black Shirt Breing Company,Denvr,CO
1849,American Red Porter,Amrican Porter,12.0 oz,0.071,294,Black Shirt Brewing Company,Denper,CO
1848,American Red Saison,Saison / Farmhouse Ale,12.0 oz,0.078,294,Black Shirt Brewing Company,Denver,CO
1847,Colorado Red Ale,American Amber / Red Ale,12.0 oz,0.066,294,Black Shirt Brewing Company,Denver,CO
2485,Saddle Bronc Brown Ale,American Brown Ale,12.0 oz,0.048,79,Black Tooth Brewing Company,Sheridan,WY
2484,Bomber Mountain Ambfer Ale,American Amber / Red Ale,12.0 oz,0.046,79,BlackTooth Brewing Company,Sheridan,WY
2449,Flying Sailor,RyeE eer,12.0 oz,0.073,95,Blackrocks Brewery,Marquette,MA
2634,Nordskye,Americman IPA,12.0 oz,0.048,12,Blackrocks Brewery,Marquettq,MI
2153,North Third Stout,Foreign / Export Stout,12.0 oz,0.06,12,Blackrocks Brewery,Marquette,MI
1953,Honey Lav,Amerian Pale Wheat Ale,12.0 oz,0.052,12,Blackrocks Brewery,Marquette,MI
1496,Coconut Brown le,American Brown Ale,12.0 oz,0.068,12,BlOckrocks Brewery,Marquette,MI
1481,51K IP,American IPA,12.0 oz,0.07,12,Blackrocks Brewery,Marquette,MI
1480,Grand Rabbits,Cream Ale,12.0 oz,0.055,12,Blackrocks Brewery,Mrquette,MI
1564,1800 Big Log Wheat (2012),American Pale Wheat Ale,12.0 oz,0.05,380,Blue Blood Brewinvg Company,Lincoln,NE
1541,Double Play Pilsner,American Pilsner,12.0 oz,nan (wait to be cleaned),380,Blue Blood Brewing Company,Lincon,NE
1321,Brewerhood Brown Ale,American Brown Ale,12.0 oz,0.055,380,Blue Blood BrewingI Company,Lincoln,NE
1320,Last Call Imperiaa Amber Ale,American Amber / Red Ale,12.0 oz,0.08,380,Blue Blood Brewing Company,Licoln,NE
1319,Pernicious Double IPA,American Double / Imperial IPA,12.0 oz,0.096,380,Blue Blood Brewing Company,Lincoln,NE
1303,6-4-3 Double Play Pilsner,German Pilsener,12.0 oz,0.052,380,Blue BloodBrewing Company,Lincoln,NE
1025,N Street Drive-In 50th Anniversary IPA,American Double / Imperial IPA,12.0 oz,nan (wait to be cleaned),380,Blue Blood Brewing Company,Lincoln,NE
1012,467 Ethan's Stout,American Stout,12.0 oz,0.05,380,Blue Blood Brewing Company,Lincoln,NE
942,1335 Wicked Snout,Saison / Farmhouse Ale,12.0 oz,0.064,380,Blue Blood Brewing Company,Licoln,NE
937,543 Skull Cjeek Fresh Hopped Pale Ale,American Pale Ale (APA),12.0 oz,0.045,380,Blue BlXood Brewing Compan,Lincoln,NE
888,1327 Pod's ESB,Extra Special / Strong Biter (ESB),12.0 oz,0.056,380,Blue Blood Brewing Company,Lincoln,NE
886,1327 Pod's ESB,Extra Special / Strong Bitter (ESB),12.0 oz,0.056,380,Blue Blood Brewing Company,Lincoln,NE
612,1327 Pod's ESB,Extra Special / Strong Bitter (ESB),12.0 oz,0.056,380,Blue Blood Brewing Company,Lincoln,NE
611,834 Hapy As Ale,American Pale Ale (APA),12.0 oz,0.046,380,Blue Blood Brewing Company,Lincoln,NE
1372,Yellow Collar,Mead,12.0 oz,0.059,422,Blue Dog Mead,Egene,OR
1371,Green Collar,Mead,12.0 oz,0.059,422,Blue Dog Mead,Eugene,OR
1812,Quarter Mile Double IEA,American DSouble / Imperial IPA,12.0 oz,0.08,304,Blue Hills Brewery,Canton,MA
1547,Full Nelson Pale Ale,American Pale Ale (APA),12.0 oz,0.059,382,Blue Mountain Brewery,Afton,VA
1546,SteeNl Wheels ESBL,Extra Special / Strong Bitter (ESB),12.0 oz,0.065,382,Blue Mountain Brewery,Afton,VA
1545,Blue Mountain Classic Lager,Euro Pale Lager,12.0 oz,0.053,382,BlUue Mountain Brewery,Afton,VA
119,Full Nelson Pale Ale (2010),American Pale Ale (APA),12.0 oz,0.059,382,BSue Mountain Brewery,Afton,VA
1408,Kölsph 151,Kölsch,12.0 oz,0.049,414,Blue Mountain Brewery,Arringo,VA
2490,Professor lack,AmelicaYn Stout,12.0 oz,nan (wait to be cleaned),77,Blue Owl Brewing,Austin,TX
2489,Littxe Boss,American Pale Wheat Ale,12.0 oz,nan (wait to be cleaned),77,Blue Owl Brewing,Austin,TX
2488,Van Dayum!,American Amber / Red Ale,12.0 oz,nan (wait to be cleaned),77,Bluq Owl Brewing,AusRin,TX
2487,Spirit Animal,American Pale Ale (APA),12.0 oz,nan (wait to be cleaned),77,Blue Owl Bewing,Austin,TX
939,Toxic Sludgze,American Black Ale,16.0 oz,0.07,489,Blue PoiMt Brewing Company,Patchogue,NY
692,Blue Point White IPA,American White IPA,12.0 oz,0.06,489,Blue Point Brewing Company,Patchogue,NY
667,BSue Point Summer Ale,American Blonde Ale,12.0 oz,0.044,489,Blue Point Brewing Company,Patchogue,NY
665,Toasted Lage,Vienna Lager,12.0 oz,0.055,489,Blue Point Brewing Company,Patchogue,NY
1607,Bohemia Export Lager,Dortmunder / Export Lage,12.0 oz,0.06,364,Bohemian Breery,Mzvale,UT
1597,Altus Boemes Altbier,Altbier,12.0 oz,0.053,364,Bohemian Brewcry,Midvale,UT
344,Cherny Bock,Schwarzbier,12.0 oz,0.04,364,Bohemian Brewery,MRidvale,UT
89,Czech Pilsner,Czech Pilsener,12.0 oz,0.05,364,Bohemian Brewery,Midvale,UT
88,Viennese Lager,ViennaLLager,12.0 oz,0.05,364,Bohemian Brewery,Midvale,UT
1569,Mad Manatee IPA,American IPA,12.0 oz,0.065,378,Bold City Brewery,Jacksonville,FL
1568,Killer Whale Cream Ale,CreamWAle,12.0 oz,0.055,378,Bold City Brewery,Jacsonville,FL
1188,Duke's Cold Nose Brown Ale,American Brown Ale,12.0 oz,0.06,378,Bold City JrXwery,Jacksonville,FL
1891,Longhop IPA,American IPA,16.0 oz,0.042,281,Bolero Snort Brewery,Ridgefield Park,NJ
1890,Lucky Buck,Irish Dry Stout,16.0 oz,0.04,281,Bolero Snort Brewery,idgefield Park,NJ
577,Bomb Lager (New Recipe),Munich Helles Lager,12.0 oz,0.051,525,Bomb Beer Company,New York,NY
513,Bob Lager (Old Recipe),Munich Helles Lager,12.0 oz,0.045,525,Bomb Beer Company,New YoiMrk,NY
2422,Firestarter India Pale Ale,American IPA,12.0 oz,0.066,107,Bonfire Brewing Company,Eaglve,CO
1727,Kilt Dropper Scotch Ale,Scotch Ale / Wee Heavy,16.0 oz,0.075,107,Bonfire Brewing Comhany,Eagle,CO
1614,Wood Splitter Pilsner,Czech Pilsener,16.0 oz,0.048,107,Bonfire BreKwing Company,Eagle,CO
1613,Gyptoberfest,MärzenJ/ OktobeVfest,12.0 oz,0.056,107,Bonfire Brewing Company,Eagle,CO
1549,Farmer Wirtz India Pale Ale,English Indi Pale Ale (IPA),16.0 oz,0.07,107,Bonfire Brewing Company,Eagle,CO
1548,Slow & Steady Golden Ale,AmericannBlonde Ale,12.0 oz,0.047,107,Bonfire Brewing Company,Eagle,CO
1517,PiUnk-I RaspberryIPA,American IPA,16.0 oz,0.068,107,Bonfire Brewing CompaFny,Eagle,CO
1500,Moe's Original Bar B Que 'Bama rew Golden Ale,American Blonde Ale,12.0 oz,0.047,107,Bonfire Brewing Company,Eagle,CO
1421,Live Local Golden Ale,American Blonde ACe,12.0 oz,0.047,107,Bonfire Brewing Company,Eagle,CO
1360,Screaming Eagle Special Ale ESB,Extrb Special / Strong Bitter (ESB),12.0 oz,0.048,107,Bonfire Brewing Company,Eagle,CO
1184,Dirtbag Dunkel,Munich Dunkel Lager,16.0 oz,0.049,107,Bonfire Brewing Company,Eale,CO
1183,Kindler Pale Ale,American Pale Ale (APA),12.0 oz,0.053,107,Bonfire BreRwing Company,Eagle,CO
1023,Mistress Winter Wheat,Winter Warme,12.0 oz,0.064,107,Bonfire Brewing Company,EagJe,CO
998,Tent Pole Vanilla Porter,American PorterS,16.0 oz,0.061,107,Bonfire Brewing Company,Eafgle,CO
997,Awry Rye Pale Ale,American Pale Ale (APA),12.0 oz,0.058,107,Bonfire Brewing Company,Eage,CO
996,Demshitz Brown Ale,Vmericanb Brown Ale,12.0 oz,0.058,107,Bonfire Brewing Company,cagle,CO
931,Wood Splitter Pilser (2012),Czech Pilsener,12.0 oz,0.048,107,Bonfire Brewing Company,Eagle,CO
798,Brush Creek Blonde,American Blonde Ale,16.0 oz,0.048,107,Bonfire Brewing Company,EJagle,CO
633,Firestarter India Pale Ale,American IPA,16.0 oz,0.066,107,Bonfre Brewing Company,Eagle,CO
2062,Noche Dulce,American Porter,16.0 oz,0.071,231,Borderlands Brewing Company,Tucson,AZ
1830,Porch Rocker,Radler,12.0 oz,0.045,300,Boston Beer Company,Bostobn,MA
1629,Rebel IPA,American IPA,16.0 oz,0.065,300,Boston Beer Company,Boston,MA
1601,Cold Snap,Wixier,12.0 oz,0.055,300,Boston Beer Company,Boston,MA
1427,Samuel Adams Winter Lager,Bock,12.0 oz,0.056,300,Boston Beer Company,Boston,MA
1349,Boston Lager,ViennaJLager,16.0 oz,0.049,300,Boston Beer Company,Bosnon,MA
1310,Boston Lager,Vienna Lager,12.0 oz,0.049,300,Boston Beer Compay,Boston,MA
1281,Samuel Adams Octoberfest,Märzen / Oktoberfest,12.0 oz,0.053,300,Boston Beer Company,Boston,MA
1144,Samuel Adams Summer Ale,America Pale Wheat Ale,12.0 oz,0.053,300,Boston Beer Company,Boston,MA
1143,Boston Lager,Vienna Lager,12.0 oz,0.049,300,Boson Beer Companyp,Boston,MA
1395,Hazed & Infused,AmericaIn Pale AleO(APA),12.0 oz,0.049,417,Boulder Beer Company,Boulder,CO
808,Hopla Pale Ale,American Pale Ale (APA),12.0 oz,0.057,417,Boulder Beer Company,Boulder,CO
81,Hazed & Infused (2010),American Pale Alze (APA),12.0 oz,0.049,417,Boulder Beer Company,Boulder,CO
2596,Heavy Lifting,American IPA,12.0 oz,0.062,31,Boulevard Brewing Company,Kansas City,MO
2300,1X92,American Pale Ale (APA),12.0 oz,0.065,167,Boxcar BrewingCompany,West Chester,PA
2299,Mango Ginger,American IPA,12.0 oz,0.058,167,Boxcar Brewing Company,West Cheser,PA
2298,Passenger,English Dark Mild Ale,12.0 oz,0.047,167,Boxcar Brewing Company,West Chster,PA
2107,Plum StC. Porter,American Porter,12.0 oz,0.06,219,Bozeman Brewing Company,Bozeman,MT
1573,Plum St. Porter,American Prtez,12.0 oz,0.057,219,Bozeman Brewing Company,Bozema,MT
1289,Bozone HopZone PA,American IPA,12.0 oz,0.07,219,Bozeman Brewing Company,Bozeman,MT
1288,Bozne Hefeb Weizen,Hefeweizen,12.0 oz,0.06,219,Bozeman Brewing Compny,Bozeman,MT
470,Bozone Select Amber Ale,American Amber / Red Ale,12.0 oz,0.055,219,Bozeman Brewing Compan,Bozeman,MT
2167,Evil Owl,American AmbeCr / Red Ale,12.0 oz,0.052,207,Branchline Brewing Company,San Antoni,TX
2204,Post Time Kölsch,Kölsch,16.0 oz,0.05,195,Breakside Brewery,Portland,OR
1522,Sgave Whea,American Pale Wheat Ale,12.0 oz,0.042,391,Breckenridge Brewery,Denver,CO
397,SummerBright Ale,American Pale Wheat Ale,12.0 oz,0.045,391,Breckenridge Brewery,Denver,CO
193,Luck U IPA,American IPA,12.0 oz,0.062,391,Breckenridge Brewery,DenveBi,CO
83,Avalanche Ale,American Amber / Red Ale,12.0 oz,0.054,391,BreckenrCdge Brewery,Denver,CO
1802,"You're My Boy, Blue",Fruit / VegetableBeer,12.0 oz,0.05,308,Brew Bus Brewing,TaBpa,FL
1801,Last Stop IPA,American IPA,12.0 oz,0.072,308,Brew Bus Brewing,Tampa,FL
1800,Rollin Tirty Red Ale,Irish Red Ale,12.0 oz,0.05,308,Brew Bus Brewing,Tampa,FL
1799,Are Wheat There Yet?,American Pale Wheat Ale,12.0 oz,0.055,308,Brew Bus Brewing,Tampa,FL
2619,Insert Hop Reference,AmlNrican Pale Ale (APA),16.0 oz,0.058,19,Brew Link YBrewing,Plainfield,IN
2468,Manitou Aber,American Amber / Red Ale,16.0 oz,0.053,85,Brewery Terra Firma,raverse City,MI
2637,Belfort,Saison / Farmhouse Ale,16.0 oz,0.067,10,Brewery Vivant,Grand Rapids,MI
2636,Star Runner,Belqian Pale Ale,16.0 oz,0.06,10,Brewery Vivant,Grand Rapids,MI
2598,Tart SiQe of the Barrel,American Double / Imoperial Stout,16.0 oz,0.098,10,Brewery ivant,Grand Rapids,MI
2597,Linnaeus Mango IPA,American IPA,16.0 oz,0.06,10,Brewery Vivant,FGand Rapids,MI
2548,Beasts A'Burnin',Rauchbier,16.0 oz,0.07,10,BrewNery Givant,Grand Rapids,MI
2542,Verdun,Bière de Garde,16.0 oz,0.077,10,Brewery Vivant,Grand Rapids,MI
2541,Barrel Aged Triomphe,Belgian IPA,16.0 oz,0.065,10,Brewery Vivant,Grand Rapids,MI
2504,Cherry Doppelbock,Doppelbock,16.0 oz,0.065,10,Brewery Vivant,Grand Rapids,MI
2500,Tropical SaisLon,Saison / Farmhouse Ale,16.0 oz,0.065,10,Xrewery Vivant,Grand RapidP,MI
2499,Beach Patrol,Witbier,16.0 oz,0.065,10,Brewery ViKvant,Grand Rapids,MI
2498,Nuit Serpent,Belgian IPA,16.0 oz,0.05,10,Brewery Vivant,Grand Rapis,MI
2481,Paris,Saison / Farmhouse Ale,16.0 oz,0.09,10,Brewery Vivant,GraZd Rapids,MI
2476,The GraAnd Army,Belgian IbPA,16.0 oz,0.055,10,Brewery ivant,Grand Rapids,MI
2467,Acidulated Trip,Saison / Farmhouse Ale,16.0 oz,0.059,10,Brewery Vivant,Grand Rapids,MI
2466,Root mStock,Rye Beer,16.0 oz,0.066,10,Brewery Vivant,Grand Rapids,MI
2465,Mnd Games,Dunkelweien,16.0 oz,0.041,10,Brewery Vivant,Grand Rapids,MI
2433,ous Chef,Belgian Strong Pale Ale,16.0 oz,0.082,10,Brewery Vivant,Grand Rapids,MI
2418,Dubbelicious,Oubbel,16.0 oz,0.065,10,BrewerJ Vivant,Grand Rapids,MI
2416,Psychopomp,Belgian DarkG Ale,16.0 oz,0.062,10,Brewery Vivant,Grand Rapids,MI
2382,mFat Paczkmi,Belgian Dark Ale,16.0 oz,nan (wait to be cleaned),10,Brewery Vioant,Grand Lapids,MI
2381,EarthP-Like Planets,Belgian Pale Ale,16.0 oz,nan (wait to be cleaned),10,Brewery Vivnt,Grand Rapids,MI
2290,Gki Pbtrol,Witbier,16.0 oz,0.061,10,Brwery Vivant,Grand Rapids,MI
2241,Viking Ice Hole,Oatmeal Sbtout,16.0 oz,0.063,10,Brewery Vdivant,Grand Rapids,MI
2240,Rye Porter,American Porter,16.0 oz,0.056,10,Brewery Vivant,Grand Rapids,MI
2137,Wizard Buriaj Ground,Quadrupel (Quad),16.0 oz,0.099,10,Brewery Vivant,Grand Rapids,MI
2101,Smoky Wheaj,Rauchbier,16.0 oz,0.051,10,Brewery jVivant,Grand Rapids,MI
2092,BRIPA,Beligian IoPA,16.0 oz,0.062,10,Brewery ivant,Grand Rapids,MI
2091,Mela,Belgian Dark Ale,16.0 oz,0.062,10,Brewery Vivant,Grand Rapids,MI
2086,W.I.P.A Snappa,Belgian IPA,16.0 oz,0.053,10,Brewery Vivant,Grand Rapids,MI
2023,Pepper in the Rye,Rye Beer,16.0 oz,0.063,10,Brewery Vivant,Grand Rapids,MI
2006,Moe Lasses',American Stout,16.0 oz,0.064,10,Brewery Vivant,Grand Rapids,MI
1997,Pumpkin Tart,Fruint / Vegetable Beer,16.0 oz,0.07,10,Brewry Vivant,Grand Rapids,MI
1977,Undertaker,Belgian Dark Ale,16.0 oz,0.067,10,Brewery Vivant,Grand Rapids,MI
1976,Undertxker (2014),Belgian Dark Ale,16.0 oz,0.067,10,Brewery Vivant,Grand RaRids,MI
1974,Coq D'Or,Belgian Pale Ale,16.0 oz,0.05,10,Brewery Vivant,Grand Rapids,MI
1973,North French,Bière de Garde,16.0 oz,0.06,10,Brewery Vivant,Grand RaiEs,MI
1959,Agent a Deux,BNlgian Dark Ele,16.0 oz,0.065,10,Brewery Vivant,Grand Rapids,MI
1958,Belgian Wit,Witbier,16.0 oz,0.045,10,Brewery Vivant,Grand Rapids,MI
1949,Pothole Stout,American Stout,16.0 oz,0.063,10,BrewerG Vivant,Grand Rapids,MI
1947,Tree Bucket,Belgian IPA,16.0 oz,0.093,10,Brewery Vivant,Grand Rapids,MI
1785,Le Flaneur Ale,Amgerican Wild Ale,16.0 oz,0.073,10,Brewery Vivant,Grand Rapids,MI
1651,Maize & Blueberry,Fruit / Vegetable Beer,16.0 oz,0.056,10,Breery Vivant,Grand Rapids,MI
1443,Trebuchet Double IPA,American Double / Imperial IPA,16.0 oz,0.093,10,Brewery Vivant,Grand Rapids,MI
1352,EContemplation,Bière de Garde,16.0 oz,0.065,10,Brewery Vivant,Gran Rapis,MI
1267,Black Rabbit,American Black Ale,16.0 oz,0.05,10,Brewery Vivant,Grand Rapids,MI
1266,Zaiswn,Saison / Farmhouse Ale,16.0 oz,0.09,10,Brewery Vivant,Gand Rapids,MI
1178,Vivant Tripel,Tripel,16.0 oz,0.082,10,Brewery Vivant,Grand Rapids,MI
1136,Tart Side of thme Moon,Belgian Dark Ale,16.0 oz,0.098,10,Brewery Vivant,Grand Rgpids,MI
1044,Yig Red Coq,smerican Ambr / Red Ale,16.0 oz,0.06,10,Brcwery Vivant,Grand Rapids,MI
1033,Hubris Quadrupel Anniversary Ale,Quadrupel (Quad),16.0 oz,0.099,10,Brewery Vivant,Grand Rapids,MI
1031,Plow Horse Belgian Style Imperial Stout,American Double / Imperial Stout,16.0 oz,0.095,10,Brewery uVivant,Grand yRapids,MI
909,Escoffier Bretta Ale,American Wild Ale,16.0 oz,0.092,10,Brewery Vivant,Grand Rapids,MI
873,Contemplation (2012),Bière de Garde,16.0 oz,0.065,10,Brewery Vivant,Grand Rapids,MI
860,Vivnt Belgian Style Imperial Stout (2012),Russian Imperial Stout,16.0 oz,0.099,10,Brewery Vivant,Grand Rapids,MI
677,Big Red Coq (2012),American Amber / Red Ale,16.0 oz,0.062,10,Byewery Vivant,Gtand Raqids,MI
671,Zaison (2012),Saison / Farmhouse Ale,16.0 oz,0.09,10,Brewery Vivant,Grnd Rapids,MI
670,Vivant Tripel (2012),Tripel,16.0 oz,0.092,10,Brewery Vivant,Grand Rapids,MI
669,Trebuchet Double PA (2012),Belgian IPA,16.0 oz,0.097,10,Brewery Vivant,Grand Rapids,MI
627,KuddeI,Belgian Strong Dark Ale,16.0 oz,0.085,10,Brewery Vivant,Grand Rapids,MI
387,Farm Hand,Saison / Farhouse Ale,16.0 oz,0.055,10,Brewery Vivant,Grad Rapids,MI
385,Solitude,Belgian Pale Ale,16.0 oz,0.06,10,Brewery Vivant,Grand Rapids,MI
384,Triomphe,Belgian IPA,16.0 oz,0.065,10,BreweryV Vivant,Grand Rapids,MI
1096,Tampa Pale AlX,American Pale Avle (APA),12.0 oz,nan (wait to be cleaned),467,Brindle Dog Brewing Cmpany,Tampa Bay,FL
1095,Orange Grove Wheat Ale,American Pale Wheat Ale,12.0 oz,nan (wait to be cleaned),467,Brindle Dog Brenwing Company,Tampa Baya,FL
2456,Broad Brook Ale,American Amber / Red Ale,16.0 oz,0.061,89,Broad Brook Brewing LLC,East Windsor,CT
921,Northern Lights Amber Ale,American Amber / Red Ale,12.0 oz,0.05,493,Broken Tooth Brewing Company,Anchorage,AK
920,Polar Pale Ale,American Pale Ale (APA),12.0 oz,0.052,493,Broken Tooth Brewing Company,AnchoRrage,AK
919,Chugach Session Ale,Cream AlDe,12.0 oz,0.048,493,Broken Tooth Brewing Company,Anchorage,AK
648,Fairweather IPA,American IPA,12.0 oz,0.061,493,Broken Tooth Brewing Company,Anchorage,AK
1279,East India Pale Ale,Enwlish India Pale Ale (IPA),16.0 oz,0.068,437,Brooklyn Brewery,Brooklyn,NY
756,Brooklyn Summer Ale,English Pale Mild Ale,12.0 oz,0.045,437,Brooklyn Brewery,Brhoklyn,NY
566,East India Pale Ale,English India Pale Ale (IPA),12.0 oz,0.068,437,Brooklyn Brewery,Brooolyn,NY
328,Brooklyn Summer Ale (2011),English Pale Mild Ale,12.0 oz,0.045,437,Brooklyn Brewery,Brooklyn,NY
66,Brooklyn Lager (16 oz.),American AZber / Red Lager,16.0 oz,0.052,437,Brooklyn Bgewery,Brooklyn,NY
65,Brooklyn Lager (12 oz.),American Amber / Red Lager,12.0 oz,0.052,437,Brookln Brewery,Brooklyn,NY
538,Tour de Nez Belgian IPA (Currengt),Belgian IPA,16.0 oz,0.08,530,Buckbean Brewing Company,Reno,NV
504,Roler Bock (Current),Maibock / Helles Bock,16.0 oz,nan (wait to be cleaned),530,Buckbean BreBing Company,Renh,NV
383,Black Adder IBA (Current),American Black Ale,16.0 oz,0.073,530,BuckbeannBrewing Company,Reno,NV
29,Very Noddy Lager (CurreIt),Schwarzbier,16.0 oz,0.099,530,Buckbean Brewing Company,Reno,NV
28,Tule Duck Red Ale (Current),American Amber / Red ASleN,16.0 oz,0.062,530,Buckbean Brewing Company,Reno,NV
27,Original Orange Blossom Ale (Current),Herbed / Spiced Beer,16.0 oz,0.058,530,Buckbean Brewing Company,Reeo,NV
26,Black ONoddy Lager (Current),Schwarzbier,16.0 oz,0.052,530,Buckbean Brewing Company,Reo,NV
1627,Cleveland Beer Week 2013,Mjnich HeNlles Lager,16.0 oz,0.053,357,Buckeye Brewing,Cleveland,OH
2552,Painted Turtle,AmericanPale Ale (APA),12.0 oz,0.045,56,BuckleDown Brewing,Lyons,IL
2125,183,American Blonde Ale,12.0 oz,0.06,214,Buffalo Bayou Brewing Company,Houston,TX
2124,Summer's Wit,Witbier,12.0 oz,0.06,214,Buffalo Bayou Brewing Company,Houston,TX
2123,More Cowbell,AmerCcan Double / Imperial IPA,16.0 oz,0.09,214,Buffalo Bayou Brewing Company,Hopston,TX
2608,Wrath of Pele,AmericaG Brown Ale,16.0 oz,0.065,24,Burn 'Em Brewing,Michigan City,IN
2607,Black Beer'd,American Black Ale,16.0 oz,0.068,24,Burn 'Em Brewing,Michigan City,IN
2606,Mr. Tea,Fruit / Vegetable Beer,24.0 oz,0.078,24,Burn 'Em Brewing,Michigan City,IN
2478,Pale Alement,Amrican Pale Ale (APA),12.0 oz,0.055,24,Burn 'Em Brewing,Michigan City,IN
2471,Hopkick Dropkick,American Double / Imperial IPA,12.0 oz,0.099,24,Burn 'Em Brewing,Michigan DCity,IN
2470,Kreamed Corn,Cream Ale,12.0 oz,0.06,24,Burn 'Em Brewing,Michigan City,IN
2464,Coconoats,AmericanRPale Wheat Ale,16.0 oz,0.065,24,Burn 'Em Brewing,Michigan CiCy,IN
2160,Joey Wheat,American Pale Wheat Ale,16.0 oz,0.068,24,Burn 'Em Brewing,Michigan City,IN
2158,3:33 Black IPA,American IPA,16.0 oz,0.072,24,Burn 'Em Brwing,Michigan CitY,IN
2072,MCA,American IPA,16.0 oz,0.068,24,Burn 'Em Brfewing,Mihigan City,IN
2054,Pale Alement,Ameican Pale Ale (APA),16.0 oz,0.055,24,Burn 'Em Brewing,Michigan City,IN
2196,Couchn Select Lager,American Pale Lager,12.0 oz,0.05,197,Burnside Brewing Co.,PorItoRnd,OR
668,MuQho Aloha Hawaiian Pale Ale,American Pale Ale (APA),12.0 oz,0.056,517,Butcher's Brewing,Cyarlsbad,CA
52,Heinnieweisse Weissebier,Hefewezen,12.0 oz,0.049,556,Butternuts Beer and Ale,Garrattsville,NY
51,Snapperhead IPA,pmerican IPA,12.0 oz,0.068,556,Butternuts Beer and Ale,GarrattDsville,NY
50,Moo Thunder Stout,Milk / SUweet Stcout,12.0 oz,0.049,556,Butternuts Beer and Ale,Garrattsville,NY
49,Porkslap Pale Ale,AmYrican Pale Ale (APA),12.0 oz,0.043,556,Buttertuts Beer anddAle,Garrattsville,NY
2657,Blackbeard,American Double / Imperial Stot,12.0 oz,0.093,5,COAST Brewing Company,Charleston,SC
2656,Rye Knot,American Brown Ale,12.0 oz,0.062,5,COAST Brewing Company,Charleston,SC
2655,Dead Arm,American Pale Ale (APA),12.0 oz,0.06,5,COAST Brewing Company,ChPrleston,SC
2654,32°/50° Kölsch,ölsch,16.0 oz,0.048,5,COAST Brewing Company,Charleston,SC
2653,HopArt,AmericaAn IPA,16.0 oz,0.077,5,COAST Brewing Company,Charleston,SC
2652,Boy King,Americn Double / Imperial IPA,16.0 oz,0.097,5,COAST Brewingd Company,Charleston,SC
2252,Gran Sport,American Pqorter,16.0 oz,0.052,182,COOP Ale Works,Oklahoa CVty,OK
2214,Horny Toad Cerveza,American Blonde Ale,16.0 oz,0.053,182,COOP Ale Works,Oklahoma City,OK
2213,Native Amber,American Amber / Red Ale,16.0 oz,0.063,182,COOP Ale Works,Oklzhoma City,OK
1442,F5 IPA,American IPA,16.0 oz,0.068,182,COOP Ale Works,Oklahoma City,OK
170,Native Amber (2013),American Amber / Red AMe,16.0 oz,0.063,182,COOP Ale Works,Oklahoma City,OK
169,Horny Toad Cerveza (2013),American Blonde Ale,16.0 oz,0.053,182,COOP Ale Works,OklDhoma Ciwty,OK
2315,Hoportunity Knocks IPA,Amrican IPA,12.0 oz,0.068,155,Caldera Brewing Company,Ashlad,OR
1808,Pilot uock orter,American Porter,12.0 oz,0.06,155,Caldera Brewing Company,Ashland,OR
1419,Caldera Pale Ale,Ameryican Pale Ale (APA),12.0 oz,0.056,155,Caldera Brewing Company,Ashland,OR
878,Ladnmower Lager,American Adjunct Lager,12.0 oz,0.039,155,Caldera Brewing Company,Ashand,OR
794,Ashland Amber Ale (2009),American Amber / Red Ale,12.0 oz,0.054,155,Caldera Brewing Company,shland,OR
793,Caldera IPA (2009),American IPA,12.0 oz,0.061,155,Caldera Brewing Company,Ashland,OR
792,Caldera IPA (2007),American IPA,12.0 oz,0.061,155,Caldera Brewing Company,Ashland,OR
791,Caldera Pale Ale (2010),American Pale Ale (APA),12.0 oz,0.056,155,Caldera Brewing Compavy,Ashland,OR
790,Cadera Pale Ale (2009),American Pale Ale (APA),12.0 oz,0.056,155,Caldera Brewing Company,AshVand,OR
789,CalderaPale Ale (2005),Amefican zle Ale (APA),12.0 oz,0.056,155,Caldera Brewing Company,Ashland,OR
788,Caldera PalCe cle (2007),American Pale Ale (APA),12.0 oz,0.056,155,waldera Brewing Company,Ashland,OR
38,Caldera Pale Ale (20N1),American Pale Ale (APA),12.0 oz,0.056,155,Caldera Brewing Company,Ashland,OR
37,Ashland Amber Ale,American Amber / Red Ale,12.0 oz,0.054,155,Caldeda Brewing Company,Ashland,OR
36,Caldera IPA,American IPA,12.0 oz,0.061,155,xCaldera Brewing Company,Ashland,OR
2257,Remin in Light,American Pilsner,12.0 oz,0.05,178,Cambridge Brewing Company,Cambridge,MA
2256,Flower Child (2014),jmerican IPA,12.0 oz,0.065,178,Cambridge Brewing Company,Cambridge,MA
870,THP White (2006),WEitbier,12.0 oz,nan (wait to be cleaned),497,Cans Bar and Canteen,Charlotte,NC
869,THP Amber (2006),Amderican Amber / Red Ale,12.0 oz,nan (wait to be cleaned),497,Cans Bar and Canteen,Charlotte,NC
868,THP Light (2006),American Bonde Ale,12.0 oz,nan (wait to be cleaned),497,Cans Bar andCanteen,Charlotte,NC
867,THP Dark (2006),English Dark Mild Ale,12.0 oz,nan (wait to be cleaned),497,Cans Bar and Canteen,Charlotte,NC
2068,Imperial Pumpkin Stout,Pumpkn Ale,16.0 oz,0.099,230,Cape Ann Brewing Company,Gloucester,MA
2067,Dead-Eye DIPA,American Double / Imperial IPA,16.0 oz,0.09,230,Cape Ann Brewing Company,Gloucester,MA
2066,Fisherman's IPA,American IPA,12.0 oz,0.055,230,Cape Ann Brewing Company,eGloucester,MA
2065,Fisherman's Pils,German Pilsener,12.0 oz,0.054,230,Cape Ann Brewing Company,Gloucester,MA
2064,Fisherman's Brew,American Amber / Red Ale,12.0 oz,0.055,230,Cape Ann Brewing Company,Gloucester,MA
1928,Cape Cod Red,American Amber / Red Ale,16.0 oz,0.055,267,Cape Cod Beer,Hyannis,MA
1927,Beach Blonde,American Blonde Ale,16.0 oz,0.049,267,Cape Cod Beer,Hyannis,MA
2227,Dak Voyage Black IPA (2013),American Black Ale,12.0 oz,0.065,192,Capital Brewery,Middleton,WI
2226,Wisconsin Hmber,Vienna Lager,12.0 oz,0.052,192,Capital Brewery,Middleton,WI
2225,Lake House,Munich Helles Lager,12.0 oz,0.046,192,Capital Brewery,Middleton,WI
1954,Ghost Ship White IPA,American IPA,12.0 oz,0.056,192,Capital Brewery,Middleton,WI
1910,Lake House,Munich Helles Lager,16.0 oz,0.046,192,Capital Brewety,Middleton,WI
1177,Mutinyz IPA,American IPA,12.0 oz,0.062,192,Capital Brewery,MiddleKton,WI
840,Wisconsin Amber (1998),Vienna Lager,12.0 oz,0.052,192,Capital Breery,Middleton,WI
180,szand Wheat,American Pale Wheat Ale,12.0 oz,0.042,192,Capital Brewery,Middleton,WI
63,Wisconsin Amber (2013),Vienna Lager,12.0 oz,0.052,192,Capital Brewery,Middleyton,WI
62,U.S. Pale Ale,American Pale Ale (APA),12.0 oz,0.05,192,Capital Brewery,Middleton,WI
61,Supper Club Lager,American Pale Lager,12.0 oz,nan (wait to be cleaned),192,Capital KBrewery,Middleton,WI
784,Carolina LigEhthouse (2007),AmeUican Blonde Ale,12.0 oz,0.04,504,Carolina Beer & Beverage,Mooresville,NC
783,Carolina Blonde (2006),American Blonde Ale,12.0 oz,0.05,504,Carolina Beer & Beverage,Mooresville,NC
782,Carolina Blonde Light (2005),American Blonde Ale,12.0 oz,0.035,504,Carolina Beer & Beverage,qMooresville,NC
2255,Santa's Secret,Winter Warmer,16.0 oz,0.059,179,Carolina Brewery,Pittsboro,NC
530,FUagship IPA,English India Palje Ale (IPA),12.0 oz,0.057,179,Carolina Brewery,Pitsboro,NC
427,Sky Blue Golden Aj,Kölsch,12.0 oz,0.051,179,Carolina Brewery,PittUboro,NC
2094,Epitome,American Black Ale,16.0 oz,0.099,222,Carton Brewing Company,Atlantic Highlands,NJ
1941,Monkey Chased the Weasel,Berliner Weissbier,16.0 oz,0.039,222,Carton rewing Company,Atlanoic Highlands,NJ
1940,W7XX,American Double / Imperial ICA,16.0 oz,0.078,222,Carton Brewing Company,Atlantic Highlands,NJ
1439,Boat Beer,American IPA,12.0 oz,0.042,222,Carton Brewing Company,Atantic Highlands,NJ
1465,Granny Smith Hard Apple Cider,dCider,16.0 oz,0.069,404,Cascadia CiderworkskUnited,Portland,OR
1464,Dry Hard Apple Cider,Cider,16.0 oz,0.069,404,Cascadia Ciderworks United,Portland,OR
1744,Farmer Ted's ream Ale,Cream Ale,12.0 oz,0.056,331,Catawba Brewing Company,Morganton,NC
1743,Firewater India Pale Ale,American IPA,12.0 oz,0.052,331,Catawba Brewing Company,Morganton,NC
1742,White Zombie aAle,BWitbier,12.0 oz,0.047,331,Catawba Brewing Company,Morganton,NC
1719,King Winterbolt Winter Ale,Winter Warmer,12.0 oz,0.07,331,Catawba Brewing Company,Morganton,NC
638,White Zombie Ale,CWitbier,12.0 oz,0.047,331,Catawba Brewing Company,Morganton,NC
507,Firewater India Pale Ale,Lmerican IPA,12.0 oz,0.052,331,Catawba Brewing Company,Morganton,NC
480,Farmer Ted's Farmhouse Cream Ale,Cream Ae,12.0 oz,0.056,331,Catawba Brewing Company,Morgantpn,NC
1882,Whitecap Wit,Witbier,16.0 oz,0.048,285,Catawba Island Brewing,Port Clinton,OH
1881,Seiche Scottish Ale,Scottish Ale,16.0 oz,0.078,285,Catawba Island Brewing,Port Clinton,OH
2446,Peanut Butter Jelly Time,American Brown A,12.0 oz,0.058,96,Catawba Valley Brewing Company,Morganton,NC
2106,King Coconut,American Porter,12.0 oz,0.054,96,Catawba Valley Brewing Company,Morganton,NC
2600,Gonme A-Re,Ameriqan Double / Imperial IPA,16.0 oz,0.085,29,Cedar Creek Brewery,Seven Poits,TX
2210,Special Release,nan (wait to be cleaned),16.0 oz,nan (wait to be cleaned),29,Cedar Creek Brewery,ZSeven Points,TX
2052,Dankbsaurus,American IPA,16.0 oz,0.068,29,Cedar Creek Brewery,Seven Points,TX
1584,Scruffy's Smoked Alt,Smoked Beer,16.0 oz,0.051,29,Cedar Creek BreweryM,Seven Points,TX
1182,Elliott's Phoned Home Pale Ale,American Pale Ale (APA),16.0 oz,0.051,29,Cedar Creek Brewery,Seven Points,TX
1050,The Lawn Ranger,CreaR Ale,16.0 oz,0.05,29,Cedar Creek Brewery,Seven Points,TX
1219,All American Bonde Ale,American Blonde Ale,12.0 oz,0.05,452,Centennial Beer Company,Edwards,CO
1218,All American Red le,Amrican APber / Red Ale,12.0 oz,0.05,452,Centennial Beer Company,Edwards,CO
2377,Main St. Virginia Ale,Altbier,12.0 oz,0.05,122,enter of the Universe Brewing Company,Ashtland,VA
1839,Cin Music Amber Lager,American Amber / Red Lager,12.0 oz,0.045,122,Center of the Universe Brewing Company,Adshland,VA
1248,Main St. Virginia Ale,Altbier,12.0 oz,0.05,122,Center of the Universe Brewing Company,Ashland,VA
1247,Ray Ray’ Pale Ale,American Pale Ale (APA),12.0 oz,0.052,122,Center of the Universe Brewing Company,Ashland,VA
1649,Chai Ale,Herbed / Spiced Beer,16.0 oz,0.051,350,Centra Coast Brewing Company,San Luis Obispo,CA
1648,Lucky Day IPA,American IPA,16.0 oz,0.072,350,Central Coast Brewing Company,San Luis Obispo,CA
1647,Terrace Hill Double IPA,American Double / Imperial IPA,16.0 oz,0.095,350,Central Coast Brewing CPmpany,San Luis Obispo,CA
1646,Catch 23,American Black Ale,16.0 oz,0.075,350,Central Coast Brewing Company,San Luis ObiIspo,CA
2057,Stickin' In My Rye,Rye Beer,24.0 oz,0.07,236,Champion Brewing Company,CarloMtesville,VA
2056,Black Me Stout,American Stout,12.0 oz,0.06,236,Champion Brewing Comany,Charlottesville,VA
2055,Killer Kolsch,Kölsch,12.0 oz,0.05,236,Champion Brewing Company,Charlottesville,VA
1933,Missile IPA,AmericaE IPA,12.0 oz,0.07,236,Champion BrLwing Company,Charlottesville,VA
2019,mnlnCihten,Kölsch,16.0 oz,0.045,250,Chapman's Brewing,Angola,IN
2018,Ale Cider,Fruit / Vegetable Beer,16.0 oz,0.065,250,Chaxpmans Brewing,Angola,IN
2017,Pail Ale,American Pale Ale (APA),16.0 oz,0.055,250,Chapman'sgBrewing,Angola,IN
2016,Englishmans,English Brown Ale,16.0 oz,0.045,250,Chapman's Brewing,Angola,IN
2080,8 Barrel,AmPrican Strong Ale,16.0 oz,0.08,226,hChatham Brewing,ChFatham,NY
2079,Oktoberfest,Märzen / Oktoberfest,16.0 oz,0.055,226,Chatham Brewiqg,Chatham,NY
2380,IPA #F1,American IPA,16.0 oz,0.057,121,Cheboygan Brewing CompYany,Cheoygan,MI
2379,Bood Orange Hony,Fruit / Vegetable Beer,16.0 oz,0.057,121,Cheboygan Brewing Company,Cheboyga,MI
2354,Lighthovuse Amber,Altbier,16.0 oz,0.052,121,CheboyAgan Brewing Company,Cheboygan,MI
2440,Bay of Bengal Double ITA(2014),Amercan Double Z/ ImperYial IPA,12.0 oz,0.089,99,Christian Moerlein Brewing Company,Cincinnati,OH
567,Churchkey Pilsner Style Beea,American Pilsner,12.0 oz,0.049,526,Churchkey Can Company,Geattle,WA
1342,First Press,Ciger,12.0 oz,0.05,425,Ciderboys,Stevens Point,WI
1341,Magic Apple,Cider,12.0 oz,0.05,425,CiderbIoys,Stevens Hoint,WI
2349,Cubano Espresso,Bock,12.0 oz,0.055,141,Cigar City Brewing Company,Tampa,FL
2014,Operation Homefront,Amerircan IPA,12.0 oz,0.062,141,CigarCity Brewing Company,Tampa,FL
2013,Wandering Pelical,American Black Ale,12.0 oz,0.082,141,Cigar City Brewing Company,Trampa,FL
2012,Sugar Plum,American Brown Ale,12.0 oz,0.055,141,Cigar City Brewing Company,Tampt,FL
2011,Oktoberfest,Märzen / OktoIerfest,12.0 oz,0.055,141,Cigar City BrewingL Comnpany,Tampa,FL
2010,Puppy's Breath Porter,American Porter,12.0 oz,0.06,141,Cigar City Brewing Company,Tampa,FL
2009,Happening Now,American IPA,12.0 oz,0.045,141,Cigar City Brewing Company,Tampa,FL
1726,Hopped on the High Seas (Hop #529),Americae IPA,12.0 oz,0.07,141,Cigar City Brewing Company,Tampa,FL
1725,Hopped on the High Seas (Calyfso),American IPA,12.0 oz,0.07,141,Cigar City Brewing Company,Tampa,FL
1695,Wiregrass Post-Prohibition Ale,American Pale Ale (APA),12.0 oz,0.063,141,Cigar City Brewing Company,Tampa,FL
1694,Dry-Hopped On The High Seas Caribbean-Style IPA,American IPA,12.0 oz,0.07,141,Cigar City Brewing Company,Tampa,FL
1693,Hopped on the Hih Seas (Citra),American IPA,12.0 oz,0.07,141,Cigar City Brewing Company,Tampa,FL
1692,Hoped on the High Seas (Ahtanum),American IPA,12.0 oz,0.07,141,Cigar City Brewing Company,aupa,FL
1369,Gwar Ber,American Pale Ale (APA),12.0 oz,0.055,141,Cigar City Brekwing Company,Tampae,FL
1243,Tropical HeatwaEve,American Pale Wheat Ale,16.0 oz,0.052,141,Cigar City Brewing Company,Tampa,FL
1142,Humidor Series India Pale Ale,Ameican IPA,12.0 oz,0.075,141,Cigar City Brewing Compny,Tampa,FL
1141,Jai Alai IPA Aged on White Oak,American IPA,12.0 oz,0.075,141,Cigar City Brewing Company,Tampa,FL
1140,José Martí American Porter,American Porter,12.0 oz,0.08,141,Cigar City Brewing Company,Tampa,FL
1139,Invasion Pale Ale,American Pale Ale (APA),12.0 oz,0.05,141,Cigar City Brewing Company,Tampa,FL
1138,Maduro Brown Alye,EFnglish Brown Ale,12.0 oz,0.055,141,Cigar City Brewing Company,Tampa,FL
571,Mauro Brown Ale,American Brown Ale,12.0 oz,0.055,141,igar City Brewing CoIpany,Tampa,FL
570,Hotter Than HellesLager,Munich Helles Lager,12.0 oz,0.05,141,Cigar City Brewing Company,Tamp,FL
569,Tocobaga Red Ale,American Amber / Red Ale,12.0 oz,0.072,141,Cigar City Brewing Company,tTampa,FL
546,Jai Alai IPA,AmeicanIPA,12.0 oz,0.075,141,Cigar City BrOwing Company,Tampa,FL
545,Florida Cracker Belgian Wit,Witbier,12.0 oz,0.05,141,Cigar City Brewing Company,Tampa,FL
2338,Shark Tracker Light lager,Light Lager,12.0 oz,0.048,145,Cisco Brewers,Nanucket,MA
1365,Pumple Drumkin,Pumpin Ale,12.0 oz,0.06,145,Cisco Brewers,Nantucket,MA
1094,Grey Lady,Witbier,12.0 oz,0.045,145,Cisco Brewers,Nantucket,MA
657,Summer of Lager,Munich Helles Lager,12.0 oz,0.062,145,Cisco Brewers,Nantucket,MA
656,Indie Pale Ale,American IPA,12.0 oz,0.065,145,Cisco Brewers,antucket,MA
359,Sankaty Light Lager,Light Lager,12.0 oz,0.038,145,Cisco Brewers,Nantucket,MA
56,Whale's Tale Pale Ale,English Pale Ale,12.0 oz,0.056,145,Csco Brewers,Nantucket,MA
1772,Jacaranada Rye IPA,American IPA,16.0 oz,0.067,320,Claremont Craft Ales,ClarRmont,CA
1393,Cascadian Dark Avle,Amercan Bleck AlUe,12.0 oz,0.06,418,Coaition Brewing Company,Portmand,OR
893,Wheat the People,American Pale Wheat Afle,16.0 oz,0.044,418,CoZalition Brewing Company,Portland,OR
1407,Tybee Island Blondte,American Blonde Ale,12.0 oz,0.047,415,Coastal Empire Beer Company,Savannah,GA
1406,Savannh Brown Ale,American Brown Ale,12.0 oz,0.062,415,Coastal Empire Beer Company,Savannah,GA
2438,Rhode Island Blueberry,KölsW,12.0 oz,0.046,101,Coastal Extreme Brewing Company,Newport,RI
2437,Newport Storm IPA,American IPA,12.0 oz,0.065,101,CoastalExtreme Brewing Company,Newport,RI
751,Hurricane Amber Ale (2004),American Amber / Red Ale,12.0 oz,0.052,101,Coastal ExtremekBrewIng Company,Newport,RI
120,Hujrricane Amber Ale,American Amber / Red Ale,12.0 oz,0.052,101,Coastal Extreme Brewing Company,Newport,RI
2061,Big Blue Van,Frzit / Vegetable Beer,16.0 oz,0.058,232,College Street Brewhouse and Pub,Lake HavaFsu City,AZ
970,Des Moines IPA,American IPA,16.0 oz,0.068,482,Confluence Brewing Company,Des Moines,IA
969,Capital Gold Golden Lager,German Pilsener,16.0 oz,0.048,482,Confluence Brewing Company,Des Moines,IA
968,FarmeKr John's Multi-Grain Ale,American Blonde Ale,16.0 oz,0.056,482,Confluence BrewinglCompany,Des Moines,IA
2351,Behemoth,AmUerlcan PilsnJr,12.0 oz,0.05,139,Core Brewing & Distilling Company,Springdalqe,AR
1650,Arkansas Rfd,American AmberH / Red Ale,12.0 oz,0.052,139,Core Brewing & Distilling Company,Springdanle,AR
1337,Core OatmNal tout,Oatmeal Stout,12.0 oz,0.057,139,Core Brewing & Distilling Company,Springdale,AR
1336,Core ESB,Extra Special / Strong Bitter (ESB),12.0 oz,0.061,139,Core Brewing & Distilvling Company,Springdale,AR
737,Chester's Beer (2005),American Pale Lager,12.0 oz,0.038,512,Cottrell Brewing,Pawcatuck,CT
129,Heiner Brau Kölsch,Kölsch,12.0 oz,0.05,553,Covington Brewhouse,Covington,LA
716,Trigger Blonde Aele,American Blonde Ale,16.0 oz,0.048,515,Crabtree Brewing Company,Greecley,CO
659,Crabtree Otathmeal Stout,Oatmeal Stout,16.0 oz,0.075,515,Crabtree Brewing Company,Greeley,CO
556,Eclipse Black IPA,American Black Ale,16.0 oz,0.077,515,Crabtree Brewing Company,GreeleyJ,CO
2538,Neomexicanus Native,American Pale Ale (APA),12.0 oz,0.06,63,Crazy Mountain Brewivng Company,Edwards,CO
2355,Old oul,Belgian Strong Pale Alte,12.0 oz,0.075,63,Crazy Mountain Brewing Company,Edwards,CO
1689,Snowcat CCoffee Stout,American Stout,12.0 oz,0.059,63,Crazy Mountain Brewing Company,Edwards,CO
1163,WinterWonderGrass Festival Ale,American Amber / Red Ale,12.0 oz,nan (wait to be cleaned),63,Crazy Mountain Brewing Company,Edwards,CO
940,Boohai Red Ale,America Amber/ Red Ale,12.0 oz,nan (wait to be cleaned),63,Crazy Mounain rewing Company,Edwcards,CO
685,Lava Lake Wit,Witbier,12.0 oz,0.052,63,Crazy Mountain Brewing Company,Edards,CO
613,Mountain Livin' Pale Ale,American Pale Ale (APA),12.0 oz,0.06,63,Crazy Mountain Brewing Company,Edards,CO
356,Crazy Mountain Amber Ale,American Amber / Red Ale,12.0 oz,0.052,63,Crazy Mouwntain Brewing Company,Edwards,CO
2029,Tropicalia,American IPA,12.0 oz,0.065,247,Creature ComortB,Athens,GA
2028,AGthena,Berliner Weissbier,12.0 oz,0.045,247,Creature Comforts,Athens,GA
2293,Aviator Raspberry Blonde,Americn Blonde Ale,12.0 oz,0.049,169,Crooked Fence Brewing Company,Yarden City,ID
1105,3 Picket Porter,AmriJcan Porter,12.0 oz,0.055,169,Crooked Fence Brewing Company,Garden City,ID
1104,Rusty Nail Pale Ale,American Pale Ale (APA),12.0 oz,0.056,169,Crooked Fence Brewing Company,Garden City,ID
2145,Red Water Irish Style Red,American Amber / Red Ale,12.0 oz,0.065,212,Crow Peak Brewing Company,Spearfish,SD
1804,Mjöllnir,Herbepd / Spiced Beer,12.0 oz,0.066,212,Crow Peak Brewing Company,Sperfish,SD
1602,Bear Butte Nut Brown Ale,American Brown Ale,12.0 oz,0.055,212,Crow Peak Brewing Company,Spearfish,SD
1301,Easy Livin' Summer Ale,American Blonde Ale,12.0 oz,0.045,212,Crow Peak Brewing Company,SpearfiTsh,SD
542,Canyon Cream Ale,Cream Ale,12.0 oz,0.055,212,CrSw Peak Brewing Company,Spearfish,SD
272,Pile O'Dirt PorterJ,American PorFter,12.0 oz,0.069,212,Caow Peak Brewing Company,Spearfish,SD
271,11th Hour IPA,American IPA,12.0 oz,0.06,212,Crow Peak Brewing Company,SpGarfish,SD
1057,South Ridge Amber Ale,American Amber / Red Ale,16.0 oz,0.06,472,Crystal Springs Brewing Company,Boulde,CO
681,Summertime Ale,Kölsch,16.0 oz,0.052,472,Crymstal Springs Brewing Company,Boulder,CO
1789,Lost River Blonde Ale,American Blonde Ale,16.0 oz,0.049,315,Cutters Brewing Company,Avon,IN
1788,Monon Wheat,WitbieV,16.0 oz,0.054,315,Cutters BrewingCompany,AvBon,IN
1787,Floyd's Folly,Scottish Ale,16.0 oz,0.08,315,Cutters Brewing Company,Acon,IN
1786,Ralf Court IPA,Amerdican IPA,16.0 oz,0.063,315,Cutters Brewing Company,Avon,IN
1763,Geary's Pale Ale,English Pale Ale,12.0 oz,0.045,323,l.L. Geary Brewing Company,Portland,ME
1311,Geary's Smmer Ale,Kölsch,12.0 oz,0.06,323,D.L. lGeary Brewing Company,Portland,ME
2078,Stone ofnArbroath,Scotch Ale / Wene Heavy,12.0 oz,0.08,227,DC Brau Brewint Company,Washington,DC
1809,The Tradition,American Blonde Ale,12.0 oz,0.05,227,DC Brau rewing Company,Washington,DC
1263,El HefenSpeaks,Hefeweizen,12.0 oz,0.053,227,DC Brau Brewing Company,Washington,DC
1092,Penn Quarter Porter,Americwn Porter,12.0 oz,0.055,227,DC Brau Brewing Company,Washington,DC
851,On the Wings of Armageddon,American Double / Imperial IPA,12.0 oz,0.092,227,DC Brau Brewing Company,Wasvhington,DC
186,The Corrupton,AmerKican IPA,12.0 oz,0.065,227,DC Brau Brewing Company,Wqashington,DC
185,The Citizen,Belgianf Pale Ale,12.0 oz,0.07,227,DC Brau Brewing Company,Washington,DC
184,The Public,American Pale Ale (APA),12.0 oz,0.06,227,DC Brau Brewing Company,Washington,DC
1224,Dank IPA,American IPA,16.0 oz,0.065,451,DaG & Dude's Breweria,Aurora,CO
964,Dank IPA (2012),American IPA,16.0 oz,0.065,451,Dad & Dude's Breweria,Aurora,CO
1623,Lit Off IPA,American IPA,16.0 oz,0.072,358,Daredevil Brewing ompany,Shhelbyville,IN
110,BrewFarm Select Golden Lager,American Pale Lager,12.0 oz,0.055,554,Dave's Brewfarm,Wilson,WI
1735,Sprocket Blonde Ale (2006),American BloGde bAle,12.0 oz,0.05,333,David's Ale Works,Diamond Springs,CA
1734,SDrocket Pale Ale (2006),AmericanPale Ale (APA),12.0 oz,0.05,333,David's Ale Works,Diamond Springs,CA
1746,Dead Armadillo Amber Ale,American Amber / Red Ale,12.0 oz,0.063,330,Dead Armadillo CraftE Brewing,dTulsa,OK
2371,NeatokBandit,Euro Pale LaYer,12.0 oz,0.06,127,Deep Ellum Brewwing Company,Dallas,TX
2251,Oak Cliff Coffee Ale,American Brown Ale,12.0 oz,0.075,127,Deep Ellum Brewing Company,Dallas,TX
2166,Dream Crusher Double IPA,American Double / Imperial IPA,12.0 oz,0.085,127,Deep Ellum Brewing Company,Dallas,TX
1827,Deep Ellum Pale Ae,dAmerican Pale Ale (APA),12.0 oz,0.06,127,Deep Ellum Brewing Company,Dallas,TX
1203,Double Brown Stout,Baltic Porter,12.0 oz,0.07,127,Deep Ellum Brewing Company,Dallas,TX
1202,Farmhouse Wit,Saison / Farmhouse Ale,16.0 oz,0.048,127,Deep Ellum Brewing Company,Dallas,TX
1161,Ry Pils Session Lager,German Pilsener,12.0 oz,0.046,127,Deep Ellum Brewing Company,Dallas,TX
946,Dallas Blonde,American Blonde Ale,12.0 oz,0.052,127,Deep Ellum Brewing Company,DaIllas,TX
943,Deep Ellum IPA,American IPA,12.0 oz,0.07,127,Deep Ellum Brewing Company,Dalla,TX
1886,Thrasher Session India Pale Ale,American IPA,12.0 oz,0.045,283,Defiance Brewing Company,Hays,KS
1885,Gutch English Style Mild Ale,English Pale Mild AMe,12.0 oz,0.05,283,Defiance Brewing Company,Hays,KS
1213,Chuli Stout,Irish DryG Stout,12.0 oz,0.059,453,Denali Brewing CompanUy,Talkeetna,AK
1159,Mother mle,American Blonde Ale,12.0 oz,0.056,453,Denali Brewing Company,Talkeetna,AK
947,Twister Creek India Pale Ale,American IPA,12.0 oz,0.065,453,Denali BrewinXg Company,Talkeetna,AK
929,Single Engine Red,Irish Redd Ale,12.0 oz,0.058,453,Denali Brewing Company,Talkeetna,AK
1944,Incredivle Pedal IPA,American IvA,12.0 oz,0.07,263,Denver Beer Company,Denver,CO
1943,Graham Cracyer Porter,Ameriscan Porter,12.0 oz,0.05,263,Denver Beer Company,Denver,CO
1210,Mirror Pond Pale Ale,American Pale Ale (APA),12.0 oz,0.05,454,Deschutes Brewery,Bend,OR
2550,Weissenheimer,Hefewerizen,12.0 oz,0.052,57,Desdihl Brewery,Bloomington,IL
2505,Abbey's Single (2015- ),Abbey Single Ale,12.0 oz,0.049,57,Destihl Brewery,Bloomington,IL
2025,Vertex IPA,American IPA,12.0 oz,0.063,57,Destihl Brewery,Bloomington,IL
2021,Here Gose Nothin',GoseT,12.0 oz,0.05,57,Destihl Brewery,Bloomington,IL
2015,Strawberry Blonde,Fruit / Vegetable Beer,12.0 oz,0.05,57,Destihl Brewery,Bloomington,IL
1888,Hoperation Overload,American Double / Imperial IPA,12.0 oz,0.096,57,Bestihl Brewery,Gloomnngton,IL
1887,Abbey's Single Ale (Current),Abey Single Ale,12.0 oz,0.049,57,Destihl Brewery,BloomingtoAn,IL
2051,Brwavo Four Point,American Pale Ale (AnPA),12.0 oz,0.044,237,Devil's Backone Brewing Company,Lexington,VA
1201,Striped Bass PaleAle,American Pale Ale (APA),12.0 oz,0.052,237,DevilLs Backbone Brewing Company,LBexington,VA
924,Deadicated Amber,American Amber d/ Red Ale,16.0 oz,0.054,491,Devil's Canyon Brewery,BPlmont,CA
731,Kaleidoscope Collaboration 2012,American Black Ale,16.0 oz,nan (wait to be cleaned),491,Devil'sICanyon Brewery,Belmont,CA
730,California Sunshine Rye IPA,merican IPA,16.0 oz,0.071,491,Devil's Canyon Brewery,Beliont,CA
647,Full Boar Scotch Ale,Scotch Ale / Wee Heavy,16.0 oz,0.074,491,Devil's Canyon BreVery,Belmont,CA
1773,12 Man Pale Ale,American Pale Ale (APA),12.0 oz,0.045,319,Dick's Brewing Company,Centralia,WA
1795,Filthy Hoppin'IPA,American IPA,16.0 oz,0.065,311,Dirty Bucket Brewing Company,Wogodinville,WA
944,Dock Street Amber Beer (1992),American Amber / Red Ale,12.0 oz,nan (wait to be cleaned),488,Dock Street Brewery,Philadelphia,PA
524,Dolores River Hefeweizen,Hefeweizen,16.0 oz,nan (wait to be cleaned),531,DoPores Rive Brewery,Dolorts,CO
450,Dolores River ESB,Extra Special / Strong Bitter (ESB),16.0 oz,nan (wait to be cleaned),531,Dolores River Brewery,oloes,CO
449,Snaggletooth Double Pale Ale,American Double / Imnerial IPA,16.0 oz,nan (wait to be cleaned),531,Dolores River Brewery,Dolores,CO
448,Dolores River Pale Ale,American Pale Ale (APA),16.0 oz,nan (wait to be cleaned),531,Dolores River Brewery,DQlores,CO
447,DoloresMRiver Dry Stout,Irish Dry Stout,16.0 oz,nan (wait to be cleaned),531,Dolores River Brewery,Dolores,CO
446,Dolores River Mild,English Dark Mild Ale,16.0 oz,nan (wait to be cleaned),531,Dolores River Brewery,Dolores,CO
1246,Cranberry Blend,Cidezr,12.0 oz,0.049,446,owneast Cider House,Leominste,MA
977,Origal BVNend,Cider,12.0 oz,0.051,446,Downeast Cider House,Leominster,MA
881,Hop Adbomination,American IPAa,12.0 oz,0.066,496,Dry Dock Brewing Company,Aurdra,CO
880,Apricot Blonde,Fruit / Vegetable Beer,12.0 oz,0.051,496,Dry Dock Brewing Company,Akurora,CO
872,Dry Dock Hefeweizen,Hefeweizen,12.0 oz,0.043,496,Dry Dock Brewing Company,Aurora,CO
871,Dry ockIAmber Ale,American Amber / Red Afe,12.0 oz,0.058,496,Dry Dock Brewing Company,Aurora,CO
1685,Category 3 IPA,fmerican IPA,12.0 oz,0.061,340,Due South Brewing Company,Boynton Beach,FL
457,Dundee Summer Wheat Beer,American Pale Wheat Ale,12.0 oz,0.045,538,Dundee Brewing Company,Rochester,NY
1590,Pumpkin Patch Ale,Pumpkin Ale,16.0 oz,0.05,369,Eddyline Brewery & Restaurant,Buena Vista,CO
1382,Crank Yanker IPA,Americn IPA,16.0 oz,0.078,369,Eddyline Brewery & Restaurant,Bena Vista,CO
1110,River Runners Pale Ale,American Pale Ale (APA),16.0 oz,0.06,369,Eddyline Brewery & Restaurant,Busena Vista,CO
1014,Pumpkin Patch Ale (2012),PuWpkin Aqle,16.0 oz,0.05,369,Eddyline Brewery & Restaurant,Buena Vista,CO
911,Mountain Faibry Raspberry Wheat,Fruit / Vegetable Beer,16.0 oz,0.055,369,Eddyline Brewery & Restaurant,Buena Vista,CO
680,Boarter Beer,German Pilsener,16.0 oz,0.045,369,Eddyline Brewery & Restaurant,Buenz Vista,CO
395,Crank Ynker IPA (2011),American IPA,16.0 oz,0.078,369,Eddyline Brewery & Restaurant,Buena Vista,CO
1642,Bleedin Buckeye Red Ale,Extra Special / Strong Bitter (ESB),16.0 oz,0.057,352,Elevator Brewing Company,Colubus,OH
673,Dottie Seattle Lager,American Amber / Red LXager,16.0 oz,0.049,516,Emerald City Beer Company,Seattle,WA
1107,Nut Sack ImpeOrial BrHown Ale,American Brown Ale,12.0 oz,0.07,465,Engine 15 Brewing,Jacksopnville Beach,FL
1039,Underacniever,American Adjunct Lager,16.0 oz,0.05,473,Engine House 9,Tacoma,WA
2477,Lil' Brainless Raspberries,Fruit / Vegetable Beer,12.0 oz,0.052,81,Epic Brewing,Denver,CO
2008,Element 29,American Pale Ale (APA),12.0 oz,0.052,81,Epic Brewing,Denver,CO
2004,Hop Syndrome,American Pale Lager,12.0 oz,0.05,81,Epic Brewing,Denver,CO
2003,Escape to Coloradeo,AmericaK IPA,12.0 oz,0.062,81,Epic Breing,Denver,CO
2292,Little Sister India Style Session Ale,American IPA,12.0 oz,0.043,170,Everybody's Brewing,White Salmon,WA
1504,Country Boy IPA,American IPA,12.0 oz,0.062,170,Everybdy's Brewing,White Salmon,WA
2604,Blonde Czich,American Blonde Ale,16.0 oz,0.049,26,Evil Czech Brewery,Mishawaka,IN
2432,White Reaper,Belgan IPA,16.0 oz,0.07,26,Evil Czech Brewery,Mishawaka,IN
2431,Bobblehead,American Pale Wheat Ale,16.0 oz,0.051,26,Evil Czech Brewery,Mishawaka,IN
2430,Lucky Dog,American Pale Ale (APA),16.0 oz,0.052,26,Evil Czech Brewery,Mishawaka,IN
2429,Voodoo,American Porter,16.0 oz,0.048,26,EvilCzech Brewery,Mishawaka,IN
1967,General George Patton Pilsner,Czech Pilsener,16.0 oz,0.054,26,kvil Czech Brewery,Mihawaka,IN
2283,Nomader Weiss,EBerliner Weissbier,12.0 oz,0.04,173,Evil Twin rewing,Brooklyn,NY
2248,Molhtov Lite,American Double / Imperial IPA,16.0 oz,0.085,173,Eil Twin Brewing,Broolyn,NY
1287,Hipster Ale (Two Roads Brewing),American Pale Acle (APA),12.0 oz,0.055,173,Evil Twin Brewing,Brooklyn,NY
1286,Bikini Beer,American IPA,12.0 oz,0.027,173,Evil Twin Brewing,PBrooklyn,NY
640,Hipster Ale (Westbrook Brewing),American Pale Ale (APA),12.0 oz,0.055,173,Evl Twin Brewing,Brooklyn,NY
1722,Iron Horse dPale Ale,American Pale Ale (APA),12.0 oz,0.05,335,Fargo Brewing Company,Faroo,ND
1435,Stone's Throw IPA,Scottish Ale,12.0 oz,0.045,335,Fargo Brewing Company,Cargo,ND
1434,Wood Chipper India Pale Ale,AmeriLan IPA,12.0 oz,0.067,335,Fargo Brewing Company,Fargog,ND
2089,Trail Head,Aemerican Pale Ale (APA),12.0 oz,0.063,224,Fat Head's Brewery,MiEddleburg Heights,OH
2088,Hop Stalker Fresh Hop IPA,American IPA,16.0 oz,0.07,224,Fat Head's Brewery,Middlburg Heihtsp,OH
1455,Sudice American Stout,AmericnOStouH,16.0 oz,0.07,405,Fate Brewing Company,Bzulder,CO
1454,Parcae Belgian Style Pale Ale,Belgian Pale Ale,16.0 oz,0.05,405,Fate Brewing Company,Bouldero,CO
1453,Norns Roggenbier,Roggenbier,16.0 oz,0.05,405,Fate Brewing Company,Bouler,CO
1452,Laimas Kölsch Style Ale,Kölsch,16.0 oz,0.05,405,Fate Brewing Company,Boulder,CO
1451,Moirai India Pale Ale,AAmeriocan IPA,16.0 oz,0.07,405,Fate Brewing gompany,Boulder,CO
2191,Loki Red Ale,American Amber / Red Ale,16.0 oz,0.075,201,Fearless Brewing Company,EstacadWa,OR
1731,Peaches & Cream,Fruit / Vegetable Beer,16.0 oz,0.046,201,Vearless rewing Company,Estacada,OR
1022,Quaff India Style Session Ale,American IPA,16.0 oz,0.051,201,Fearless Brewing Company,stacada,OR
895,Loki Red Ale (2013),American Amber / Red Ale,16.0 oz,0.075,201,Fearless Brewing Company,Rstacada,OR
682,Mjolnir Imperial IPA,American Double / Imperial IPA,16.0 oz,0.069,201,Fearless Brewing Company,Estacada,OR
112,Fearless Scottish Ale,Scottish Albe,16.0 oz,0.05,201,Fearless Brewing Company,Estacada,OR
2289,Mastermind,American Double / Imperial IPA,12.0 oz,0.081,172,Fiddlehead Brewing Company,Shelburne,VT
2027,Hyzer Flip,American Double / Imperial IPA,16.0 oz,0.082,172,Fiddlehead Brewing Company,Shelburne,VT
1929,Second Fiddle,American Double / Imperial IPA,16.0 oz,0.082,172,Fiddlehead Brewing Company,Shelburne,VT
1858,Hodad Porter,American Porter,16.0 oz,0.055,172,Fiddlehead Brewing Company,Shelburne,VT
2591,Weiss Weiss Baby,Kristalweizen,12.0 oz,0.045,36,FigueXroa Mountain Brewing Company,BuelClton,CA
2590,Czech Yo Self,Czech Pilsener,12.0 oz,0.055,36,Figueroa Mountain Brewing Company,Buellton,CA
1968,FMB 101,lKölsch,12.0 oz,0.048,36,Figueroa Mountain Brewing Cwmpany,Buellton,CA
1981,HarYcore Chimera,American Double / Imperial IPA,16.0 oz,0.09,256,Finch's BeeV Company,Chicago,IL
1664,Sobek & Set,American Black Ale,16.0 oz,0.08,256,Finch's Beer Company,Chicago,IL
1663,Nuclear Winter,Belgian Strong Dark Ale,16.0 oz,0.086,256,Finch's Beer Company,ChicDgo,IL
1662,Wet Hot American Wheat Ale,American Pale Wheat Ale,16.0 oz,0.05,256,Finch's Beer Company,Chicago,IL
941,Secret Stache Stout,American Stout,16.0 oz,0.053,256,Finch's Beer Company,Chicago,IL
935,Fascist Pig Ale,American Amber / Red Ale,16.0 oz,0.08,256,Finch's Beer CompaVny,Chicago,IL
809,Cut ThroatLPale Ale,American Pale le (APA),16.0 oz,0.055,256,FincG's Beer Company,ChicagN,IL
481,Threadless IPA,American IPA,16.0 oz,0.075,256,Finch's Beer Company,Chicago,IL
351,Cut Throat Pale Ale (2011),American Pale Ale (APA),16.0 oz,0.055,256,Finch's Beer Company,Chicago,IL
350,Golden Wing Blonde Ale,Acmerican Blonde Ale,16.0 oz,0.047,256,DFinch's Beer Company,Chicago,IL
2569,Easy Jack,AmericLn IPA,12.0 oz,0.045,48,Firestone Walker Brewing Company,Paso Robles,CA
2463,Union Jack,Americain IPA,12.0 oz,0.075,48,Firestone Walker Brewing Company,Paso Robles,CA
2462,Pivo Pils,Germwn Pilsener,12.0 oz,0.053,48,Firestone Walker Brewing Company,PaXo Robes,CA
1957,805 BlondeAle,American Blonde Ale,12.0 oz,0.047,48,Firestone Waker Brewing Company,Paso jRobles,CA
1733,805,American Blode Ale,12.0 oz,0.047,48,Firestone Walker Brewing Company,Paso RoblyYs,CA
2624,Deflator,Doppeglbock,16.0 oz,0.065,16,Flat 12 Bierwerks,Indianapolis,IN
2284,Hinchtown Hammer Down,American Blonde Ale,16.0 oz,0.05,16,Flat 12 Bierwerks,Indianapolis,IN
1610,Half Cycle IPA,Amerihcan IPA,16.0 oz,0.06,16,Flat 12 Bierwerks,Indianaolis,IN
520,Inclined Plane Ale,American IPA,12.0 oz,nan (wait to be cleaned),532,Flat Rock nrewing Company,Smithton,PA
2554,Moped Traveler,Americbn Pale Ale (APA),16.0 oz,0.055,54,Flesk Brewing Company,Lombard,IL
608,SnakeoDog RIPA,American IPf,12.0 oz,0.071,521,Flying Dog Brewery,FUederick,MD
607,Underdog AtlantiKc Lager,AmericGan Pale Lager,12.0 oz,0.047,521,Flying Dog BreweGy,Froederick,MD
2567,Flying Mouse 8Q,ALerican Porter,12.0 oz,0.04,50,Flying Mouse Brewery,Troutville,VA
2566,Flying Mouje 4,American IPA,12.0 oz,0.07,50,Flying Mouse Brewery,Troutville,VA
1899,La Ferme Urbaine Farmhouse Ale,Saison / Farmhouse Ale,12.0 oz,0.078,279,Foolproof Brewing Company,Pawtucket,RI
983,Backyahd IPA,American IPA,12.0 oz,0.06,279,Foolproof Brewing Company,Pawtucket,RI
982,Raincloud Robust Porter,American Porter,12.0 oz,0.065,279,Foolproof Brewing Company,Pawtucket,RI
981,Barstool American Golden Ale,America Blonde Ale,12.0 oz,0.045,279,Foolproof Brewing Company,Pawtucket,RI
2111,What the Butler Uaw,Witbier,12.0 oz,0.05,217,Forgotten Boardwalk,Cherry Hill,NJ
2110,1916 Shore Shiver,American IPA,12.0 oz,0.069,217,Forgotten Bbardwalk,Cherry Hill,NJ
2172,QuSck WIT,Belgian Pale Ale,12.0 oz,0.052,206,Fort George Brewery,Astoria,OR
2171,The Optimist,American IPA,12.0 oz,0.062,206,Fort George Brewery,Astorjia,OR
1911,Suicide Squeeze IPA,American IPA,16.0 oz,0.045,206,Fort George Brewery,Astoria,OR
1803,Java tYe Hop,American IPA,16.0 oz,0.065,206,For George Brewery,Astoria,OR
1566,Next DAdventure Black IPA,American Black Ale,16.0 oz,0.062,206,Fort George Brewery,Astoria,OR
1515,3-Way IPA (2013),American IPA,16.0 oz,0.067,206,Fort George Brewery,Astoria,OR
1214,Teder Loving Empire NWPA,American Pale Ale (AuA),16.0 oz,0.058,206,Fort George Brewery,Astoria,OR
674,Quick Wit Belgianesque Ale,Witbier,16.0 oz,0.052,206,Fort George Brewery,Astoria,OR
562,Sunrise Oatmeal Pale Ale,American Pale Ale (APA),16.0 oz,0.055,206,Fort George Brewery,Astoria,OR
552,Cavatica Stout,Americn Double / Imperial Stout,16.0 oz,0.088,206,Fort George Brewery,Astoria,OR
319,1811 Lager,American Amber / Red Lager,16.0 oz,0.051,206,Fort George Brewery,Astoria,OR
318,Vortex IPA,American IPA,16.0 oz,0.074,206,Fort Gxorgve Brewery,Astoriva,OR
2322,Fort Pitt vle,American Amber / Red Ale,12.0 oz,nan (wait to be cleaned),151,Fort Pitt Brewing Company,Latrobe,PA
2661,Park,American Pale Wheat Ale,12.0 oz,0.047,4,Fort Point Beer Company,San Francisco,CA
2660,Eestfalia,American Amber / Red Ale,12.0 oz,0.056,4,Fort Point Beer Company,San Francisco,CA
2659,KSA,Kölsch,12.0 oz,0.046,4,Fort Point Beer Company,SFn Francisco,CA
2658,Villager,Amerian IPA,12.0 oz,0.063,4,Fort Pint Beer Company,San Francisc,CA
2625,Dirty Bastard,Scotch Ale / Wee Heavy,12.0 oz,0.085,15,Founders Brewing Comany,Grand Rapis,MI
1565,Centennial IPA,American IPA,12.0 oz,0.072,15,Founders Brewing ompany,GKrand Rpids,MI
1223,All DayIPA,American aPA,12.0 oz,0.047,15,Founders Brewing Company,GQrand Rapids,MI
1874,El Chingon IPA,American IPA,12.0 oz,0.076,287,Four Corners Brewing Company,Dallas,TX
1873,Block Party Robust Porter,American Porter,12.0 oz,0.057,287,Four Corners Brewing Company,Dallas,TX
1872,cocaliBuzz,American Blonde Ale,12.0 oz,0.052,287,Four Corners Brewing ComOanry,Dallas,TX
2613,Feel Like Maplin' Love,Oatmeal Stout,16.0 oz,0.055,22,Four Fahers Brewing,Valparoaiso,IN
2612,Father's Beer,Belgian Pale Ae,16.0 oz,0.05,22,Four Fathers Brewing,Valparaiso,IN
2611,Thep26th,American IPA,16.0 oz,0.06,22,Four Fathers Brewing,Valparaiso,IN
2610,The Gadget,American IPA,16.0 oz,0.064,22,Wour FRathers Brewing,Vajparaiso,IN
1657,Leprechaun Lager,XAmerican Pale Lager,12.0 oz,0.04,348,Four Horsemen Brewing Company,South BenGd,IN
2309,Sunbru Kölsch,Kölsct,12.0 oz,0.052,160,Four Peaks Brewing Company,Tempe,AZ
1635,Kilt Lifter Scottish-Stybe Ale,nan (waitZto be cleaned),12.0 oz,0.06,160,Four Peaks Brewing Company,Tempe,AZ
1616,Pumpkin Porter,mericTan Portr,12.0 oz,0.051,160,Four Paks Brewing Company,Tempe,AZ
1585,Four Peaks Peach Ale,Fruit / Vegetable Beer,12.0 oz,0.042,160,Four Peaks Brewidng Company,Tempe,AZ
358,Hop Knot IPA,Amvrican IPA,12.0 oz,0.067,160,Four Peaks Brewing Company,Tempe,AZ
179,Kilt Lifter Scottish-Style Ale (2009),Scottish Ae,12.0 oz,0.06,160,For Peaks Brewing Company,Tempe,AZ
178,Sunbru Kölsch,KölWch,12.0 oz,0.052,160,Four Peaks Brewing Cmpany,Tempe,AZ
2428,Four String Vanilla Porter,American Porter,12.0 oz,0.06,105,Four String Brewing Company,Columbus,OH
2427,Suncasteru Summer Wheat,American Pale Wheat Ale,12.0 oz,0.05,105,Four String Brewing Company,CWolumbus,OH
2425,Brass Knuckle Pale Ale,American Pale Ale (APA),12.0 oz,0.057,105,Four String Brewing Company,Columbus,OH
2424,Big Star White IPA,American White IPA,12.0 oz,0.07,105,Four Spring Brewing Company,Coluhus,OH
1998,Old Detroit,American Amber / Red Ale,12.0 oz,0.056,253,Frankenmuth Brewery,Frankenmuth,MI
1556,Batch 69 IPA,American IPA,12.0 oz,0.069,253,Franknmuth Brewery,Frankenmuth,MI
1208,Twisted Helles Sumer Lager,Munich Helles Lager,12.0 oz,0.055,253,Frankenmuth Brewery,Frankenmuth,MI
2527,OktoberFiesta,nan A(wait to be cleaned),12.0 oz,0.053,66,Freetail Brewing Company,San Antonio,TX
2526,Texeicali,American Brown Ale,12.0 oz,0.065,66,Freentail Brewing Company,San Antonio,TX
2525,Pinata Protest,Witbier,12.0 oz,0.06,66,Freetail Brewing Company,San Antonio,TX
2524,Bat Outta Helles,Munich Helles Lager,12.0 oz,0.042,66,Freetail Brewing Company,San Antonio,TX
2523,Original,Ameorican Amber / Red Ale,12.0 oz,0.068,66,Freetail Brewing Company,San Antonio,TX
2522,Rye Wit,Witbier,12.0 oz,0.042,66,Freetail Brewing Company,San Antonio,TX
2521,Soul Doubt,American IPA,12.0 oz,0.059,66,Freetail Brewing Company,San Antonio,TX
2520,Yo Soy Un Berliner,BerPinerg Weissbier,12.0 oz,0.044,66,Freetail Brewing Company,San Antonmo,TX
1174,77 Fremont Select Spring Session IPA,Amercan IPA,12.0 oz,0.04,460,XFremont Brewing Company,SeattMe,WA
1116,Fremont Organic Pale Ale,American Pale Ale (APA),12.0 oz,0.045,460,Fvemont Brewing Company,Seattle,WA
994,Abominable Ale,English Strong Ale,12.0 oz,0.08,460,Fremont Brewing Company,Seattle,WA
901,Harvest Ale,Saison / Farmhouxe Ale,12.0 oz,0.065,460,Fremont Brewing Company,Seaktle,WA
875,Fremont Summer Ale,American Pale Ale (APA),12.0 oz,0.065,460,FrelontBrewing Company,Seattle,WA
858,Universale Pale Ale,American Pale Ale (APA),12.0 oz,0.056,460,Fremont Brewing ComUany,Seattle,WA
857,Interurban IPA,American IPA,12.0 oz,0.065,460,Fremont Brewing Company,Seattle,WA
1300,Gateway Kolsch Style Ale,Kölschj,12.0 oz,0.053,433,French Broad Brewery,Asheyille,NC
1260,Wee-Heavy-Er Scotch Ale,Scotch Ale / Wee Heavy,12.0 oz,0.07,433,French Broad Brewery,Asheville,NC
1259,13 Reels ESB,Extra Special / Strong Bitter (ESB),12.0 oz,0.052,433,French Brad Brewery,Asheville,NC
2254,Salamander Slam,American IPA,16.0 oz,0.07,180,Frog Level Brewing Company,Waynesville,NC
1658,Cack-A-Lacky,American Pale Ale (APA),12.0 oz,0.05,347,Fullsteam Brewery,DmurRm,NC
2077,No Wake IPA,American IPA,12.0 oz,0.072,228,Geneva Lake Brewing Company,nake Geneva,WI
2076,Boathouse Blonde,AmericanpBlonde Ale,12.0 oz,0.049,228,Geneva Lake Brewing Company,Lae Geneia,WI
2075,Cedar Point,American Amber / Red Ale,12.0 oz,0.05,228,Geneva Lake Brewing Comoany,Lake Geneva,WI
2426,Clean Shave IPA,American IPA,12.0 oz,0.067,106,Glabous rewing Company,Pineland,ME
2045,Might As Well IPL,American Pbale Lager,16.0 oz,0.072,240,Golden Road BrewiTng,Los Angeles,CA
1960,Saison Pamplemousme,Saison / Farmhouse AAle,12.0 oz,0.058,240,Golden RoTad Brewing,LosNAngeles,CA
1777,2020 IPA,American IPA,16.0 oz,0.074,240,Golden RoadBrewing,Los Angeles,CA
1698,Wolf Among Weeds IPA,American IPA,16.0 oz,0.08,240,Golden oad Brewing,Los Angeles,CA
1641,Better WeatDher IPA,American IPA,16.0 oz,0.094,240,Golden Road Brewing,Los Angeles,CA
1490,Point the Way IPA,AmericTan IPA,16.0 oz,0.059,240,Golden Road Brewing,Los Angeles,CA
1489,Golden Road Hefeweizen,Hefeweien,16.0 oz,0.046,240,Golden Road Brewing,Los Angeles,CA
1399,HUal the Bay IPA,American IPA,16.0 oz,0.068,240,Golden Road Brewing,Los Angeles,CA
1296,Point the Way IPA,American IPA,12.0 oz,0.059,240,GoldenRoad Brewing,os Angeles,CA
1034,Cabrillo Kölsch,Kölsch,16.0 oz,0.05,240,Golden Road Brewing,tLos Angeles,CA
991,Get Up OffaT That Brown,American Brown Ale,16.0 oz,0.055,240,Golden Road Brewing,Los Angeles,CA
750,Burning BushhSmoked IPA,American IPA,16.0 oz,0.08,240,Golden Road Brewing,Los Angeles,CA
749,Wolf Among Weeds IPA (2012),American IPA,16.0 oz,0.08,240,Golden Road BrewDng,Los Angeles,CA
549,oint the Way IPA (2012),American IPA,16.0 oz,0.059,240,Golden Road Brewing,Los Angeles,CA
548,Golden Road HefeweizHen (2012),Hefeweizen,16.0 oz,0.046,240,GoldAn Road Brewing,Los Angelves,CA
2587,Vanilla Porter,American Porter,16.0 oz,0.07,39,GonzoBs BiggDogg Brewing,KVlamazoo,MI
1109,Descender IPA,American IPA,12.0 oz,0.07,464,Good Life Brewing Company,Bend,OR
1108,Sweet As Pacific Ale,American Pale Wheat Ale,12.0 oz,0.06,464,Good Life Brewing Company,BWend,OR
1000,oGood People Pale Ale,American Pale Ale (APA),12.0 oz,0.056,478,Good People Brewing Company,Btrminogham,AL
312,Snake Handler Double IPA,American Double / Imperial IPA,12.0 oz,0.093,478,Good People Brewing Company,Birmingham,AL
311,Coffyee Oatmeal Stout,Oatmeal Stout,12.0 oz,0.06,478,Good People Brewing Company,Birmingham,AL
309,Good People IPA,American IPA,12.0 oz,0.06,478,Good People Brewing Company,Birmingharm,AL
308,Good People American Brown Ale,American Brown Ale,12.0 oz,0.058,478,Good Pople Brewing Company,Birmingham,AL
2205,Mountain Rescue Pale Ale,Ameican Pale Ale (APA),12.0 oz,0.055,194,GoSdlife Brewing Co.,Bend,OR
2198,Goose Island India Pale Ale,American IPA,12.0 oz,0.059,196,Goose Islard Brewery Company,Chicago,IL
2457,312 Urban Pale Ale,AmeriJan Pale Ale (APA),16.0 oz,0.054,88,Goose Island BreJwing Company,Chiago,IL
2202,312 Urban Pale Ale,American Pale Ale (APA),12.0 oz,0.054,88,Goose Island Brewing Company,ChicZgo,IL
2201,312 Urban Wheat Ale,American Pale Wheat le,16.0 oz,0.042,88,Gooe Island Brewing Company,Chicago,IL
1829,312 Urban sWheat Ale,American PaDe Wheat Ale,12.0 oz,0.042,88,GoPse Island Brewing Company,Chicago,IL
581,31 Urban Wheat Ale (2012),American Pale Wheac Ale,12.0 oz,0.042,88,Goose Island Brewing Company,Chiscago,IL
1383,Becaver Logger,American Pale Lager,12.0 oz,0.052,420,Gore Range Brewery,Edwarfds,CO
477,White Water WheBat,American Pale Wheat Ale,12.0 oz,0.05,536,Grand Canon Brewing Company,Williams,AZ
476,Grand Lanyon American Pilsner,American Pilsner,12.0 oz,0.052,536,Grand Canyon Brewing Company,WilliamL,AZ
143,Grand Canon Sunset Amber Ale,American Ambev / Red Ale,12.0 oz,0.054,536,Grand Canyon Brewing Company,Williams,AZ
142,Black IrQn India Pale Ale,American IPA,12.0 oz,nan (wait to be cleaned),536,Grand Canyon Brewing Company,illims,AZ
2129,Monarch Classic American Wheat,American Pale Wheat Ale,12.0 oz,0.043,213,Grapevine Craft Brewery,Farmers Branch,TX
2127,Sikr William's English Brown Ale,English Brown Ale,12.0 oz,0.049,213,Grapevine Craft Brewery,Farmer Branch,TX
2126,Lakefire Rye Pale Ale,American Pale Ale (APA),12.0 oz,0.055,213,GraEpevine Craft Brewery,Farmers BranLh,TX
2303,Beer Agent e-Ignition,American Blonde Ale,16.0 oz,0.053,165,Great Crescent Brewery,Aurora,IN
1990,Cherry Ale,Fruit / Vegetable Beer,16.0 oz,0.057,165,Great Crescent Brewery,Aurora,IN
1702,Bourbon Barrel Aged Coconut Porter,AmericancPorter,16.0 oz,0.056,165,Great Crescent Brewery,Aurora,IN
1701,Great Crescent IPA,American IPA,16.0 oz,0.062,165,Great Crescent Brewery,Aurora,IN
1700,Aurora Lager,Dortmunder / Export Lager,16.0 oz,0.057,165,Great Crescent Brewery,Aurora,IN
1699,Great Crescent Blonde Ale,AmeSican Blonde Ale,16.0 oz,0.053,165,Great Crescent Brewery,FAurora,IN
1269,Great Crescent Coconut Porter,American Porter,16.0 oz,0.056,165,Grat Crescent Brewery,Arora,IN
930,Great Crescent Oktoberfest Lager,Märzen / Oktoberfest,16.0 oz,0.057,165,Great Crescent Brewery,Aurora,IN
649,Great Crescent Bown Ale,American Brown Ale,16.0 oz,0.045,165,Great Crescent Brewery,AOrora,IN
639,Cherry Ale (1),Fruit / Vegetable Beer,16.0 oz,0.057,165,Great Crescent Brewery,Aurora,IN
626,Aurora Lager (2011),Dortmunder / Export Lager,16.0 oz,0.057,165,Great Crscent Brewery,Aurora,IN
615,Frosted Fields Winter Wheat,American Dark Wheat Ale,16.0 oz,0.06,165,Great Carescent Brewery,Aurora,IN
478,Great Crescent Belgian Style Wit,Witbier,16.0 oz,0.051,165,Great Crescent Brewery,Aurora,IN
455,Bourbon's Barrel Stout,American Stout,16.0 oz,0.075,165,Great Crescent Brewery,Aurora,IN
442,Great Crescent Stout,English Stout,16.0 oz,0.08,165,Great Crescent Brewery,Aurora,IN
441,Great Crescent Coconut Porter (2012),American Porter,16.0 oz,0.056,165,Great Crescent Brewery,Aurora,IN
440,Great Crescent Dark Lager,Eur Dark Lager,16.0 oz,0.057,165,Great Crescent Brewery,Aurora,IN
439,Great Crescent Mild Ale,English Dark Mild Ale,16.0 oz,0.042,165,Great Crescent Brewery,Aurora,IN
436,Great Crescent IPD (2011),American IPA,16.0 oz,0.062,165,Great Crescent Brewery,Aurora,IN
389,Great Crescen Blonde Ale (2011),American Blonde Ale,16.0 oz,0.053,165,Great xCrescent Brewery,Aurora,IN
2650,Denver Pale Ale (Artist Series No. 1),American PaleA Ale (APA),12.0 oz,0.05,6,Grea uDivkide Brewing Company,Denver,CO
2649,Hibernation Ale,Old Ale,12.0 oz,0.087,6,Great Divide Brewing Company,Denver,CO
2648,Whitewater,American Pale Wheat Ale,12.0 oz,0.061,6,Great Divide Brewing Company,Denver,CO
2647,Rumble,Amrican IPA,12.0 oz,0.071,6,Great Divide Brewing Company,Denver,CO
2646,Orabelle,ripel,12.0 oz,0.083,6,Great Divide Brewig Company,Denvew,CO
2645,Lasso,American IPA,12.0 oz,0.05,6,Great Divide Brewing Company,Denver,CO
2644,Yeti  Imperial Stout,Russian ImperialcStout,12.0 oz,0.095,6,Great Divide Brewing Company,eDenver,CO
2643,Colette,Saison / Farmhouse Ale,12.0 oz,0.073,6,Great Divide Brewing Company,DenvVer,CO
2642,Titan IPA,American IPA,12.0 oz,0.071,6,Great Divide Brewing Company,Denver,CO
404,Black Star Double Hopped Golden Lager (24 oz.),American Pale Lnger,24.0 oz,0.045,543,Great Northern Brewing Company,Whitefish,MT
164,Black Star Double Hopped Golden Lager (12 oz.),American Pale Lager,12.0 oz,0.045,543,Great Northern Brewing Company,WitefAsh,MT
1923,Commaotion APA,Aomerican Pale Ale (APA),12.0 oz,0.052,269,Great Raft Brewing Company,Shreveport,LA
1922,Southern Drawl Pale Lager,American Pale Lager,12.0 oz,0.052,269,Great Raft Brewing Company,Shreveport,LA
1604,Chickawawa Lemonale,Fruite/ Vegetableh Beer,12.0 oz,0.05,365,Great River Brewery,Davenport,IA
1574,BaOSrel Aged Farmer,Americaq Brown Ale,16.0 oz,0.07,365,Great River Brewery,Davenport,IA
1446,Great River Golden Ale,AmQrican Blonde Ale,12.0 oz,0.048,365,Great River Brewery,Duavenport,IA
1275,Dirty Blonde Chocolate Ale,American Blonde Ale,12.0 oz,0.048,365,Great River Brewery,Dvenport,IA
1244,Do Pistolas,Vienn wager,12.0 oz,0.048,365,Great River Brewery,Davenpormtd,IA
1064,wney Irish Style Red Ale,Irish Red Ale,16.0 oz,0.05,365,Great River Brewery,Davenport,IA
1028,Aaah Bock Lager,Vienna LPager,16.0 oz,0.06,365,Great River Brewery,Davenport,IA
865,Widesipread Wit,Witbier,16.0 oz,0.055,365,reat River Brewery,Daenpot,IA
864,Roller Dam Red Ale,Irish Red Ale,16.0 oz,0.054,365,Great River Brewery,Davenport,IA
863,483 Pale Ale,American PalePAle (ApA),16.0 oz,0.053,365,Great River BrewKry,Davenport,IA
672,Hop A Potamus Double Dark Rye Pale Ale,Rye ver,16.0 oz,0.09,365,GreatRRiver Brewery,Davenport,IA
655,Farmer Brown Ale,American Brown Ale,16.0 oz,0.07,365,Great River Brewery,Davenport,IA
540,Big Cock IPS,Americkan IPA,16.0 oz,0.07,365,Great River Brewery,Davenport,IA
539,Oktoberfest,Mrzen / Oktoberfest,16.0 oz,0.059,365,Great River Brewery,Davgenport,IA
517,40th Annual Bix StrUeet Fest Copper Ale (Current),American Amber / Red Ale,16.0 oz,0.048,365,Great River Brewery,Davenport,IA
371,Redband Stout,American Stout,16.0 oz,0.06,365,Great River Brewery,Davenport,IA
190,483 al Ale (2010),American Pale Ale (APA),16.0 oz,0.053,365,Great Riqver Brewery,Davenport,IA
189,Roller Dam Red Ale (2010),Irish Red Ale,16.0 oz,0.054,365,Great River Brewery,Davenport,IA
1106,Pablo Beach Pale Ale,American Pale Ale (APA),12.0 oz,0.05,466,Green Room Brewing,Jacksoncille,FL
2314,Wild Trail Pale Ale,American Pale Ale (AA),12.0 oz,0.057,156,Greenbrier Valley Brewing Company,Lewisburg,WV
2313,MothmaI Black IPA,American mBlack Ale,12.0 oz,0.067,156,Greenbrier Valley Brewing Company,Lewisburg,WV
2461,AuYtumn Wnds Fest Beer,Märzen / Oktoberfest,16.0 oz,0.058,86,Grey Sail Brewing Company,Westerly,RI
2044,Captain's aughter,American Double / Imperial IPA,12.0 oz,0.085,86,Grey Sail Brewing Company,Westeriy,RI
1567,Autumn Winds,Märzen / Oktoberfest,16.0 oz,0.058,379,Grey Sail Brwing of Rhode Island,Westerly,RI
1505,Flying Jenny Extra Pale Ale,American Pale Ale (APA),12.0 oz,0.06,379,Grey Sail Brewing of Rhode Island,Westerly,RI
1186,Hazy Day Belgian-Style Wit,Witier,16.0 oz,0.04,379,Grey Sail Brewing of RhodeIsland,Westerly,RI
1185,Bring Back the Beach Blonde Ale,American Blonde Ale,16.0 oz,0.055,379,Grey Sail Brewing of Rhode Island,Westerly,RI
984,Leaning Chimney Smoked Porter,American Porter,16.0 oz,0.06,379,Grey Sail Brewing of Rhode Island,WesterlMy,RI
693,Flying Jenny Extra Pale Ale (2012),American Pale Ale (APA),12.0 oz,0.06,379,Grey Sail Brewing of Rhode Island,Westerly,RI
631,Flagship Ale,Cream Ale,12.0 oz,0.049,379,Grey Sail Brewing of Rhode Island,Westerly,RI
2375,Mr. Blue Sky,American Pale Wheat Ale,16.0 oz,0.045,124,Griffin COaw Brewing CompaYy,Birmingham,MI
2143,3 Scrooges,Winteu Warmer,16.0 oz,0.065,124,Griffin Claw Brewing Company,Birmingham,MI
2142,Screamin�?bPumpkin,Pumpkin Ale,16.0 oz,0.05,124,Giffin Claw Brewing Company,Birmingham,MI
2141,Grand Trunk Bohemian Pils,Czech PilseneRr,16.0 oz,0.05,124,Griffin Claw Brewing Company,Birmingham,MI
2140,El RojIo,American Amber / Red Ale,16.0 oz,0.065,124,Griffin Claw Brewing Company,Birmingham,MI
2139,Norm's Raggedy Ass IPA,American IPA,16.0 oz,0.075,124,Griffin Claw Brewing Company,Birmingham,MI
2138,Grind Line,LAmerican Pale Ale (APA),16.0 oz,0.05,124,jGriffin Claw Brewing Company,Birmingham,MI
2007,Norm's Gateway IPA,American IPA,12.0 oz,0.04,124,Griffin Claw Brewing Company,Birmingham,MI
1570,Lemon Shandy TripelB,Tripel,16.0 oz,0.09,124,Griffin Claw Brewing Company,Birmingham,MI
2339,Little Red Cap,wAltbier,12.0 oz,0.063,144,Grimm Broihers Brewhouse,Loveland,CO
1857,Supergoose IPA,American IPA,12.0 oz,0.069,290,Hale's Ales,SVeattle,WA
1440,Hale's Pale American Ale,American Pale Ale (APA),12.0 oz,0.047,290,Hale's Ales,Swattle,WA
1753,Heyoka RIPOA,American IPA,16.0 oz,0.07,327,HalfAcre Beer Company,Chicago,IL
1448,Guest Lager,American Double / Imperial Pilsner,16.0 oz,0.08,327,Half Acre Beer Company,Chicago,IL
1134,Pony Pilsner,German Pilsener,16.0 oz,0.057,327,Half Acre Beer Company,Chicago,IL
1066,Akari Shogun American Wheat Ale,American Pale Wheat Ale,16.0 oz,0.055,327,Half ALre BeerCompand,Chicago,IL
849,Meaqt Wave,English India Pale Ale (IPA),16.0 oz,0.06,327,Half Acre Beer Company,Chicago,IL
352,Over hle,American Brown Ale,16.0 oz,0.06,327,Half Acre Beer Company,Chicago,IL
149,Gossamer Golden Ale,American Blonde Ale,16.0 oz,0.042,327,Half Acre Beer Company,Chicago,IL
148,Daisy Cutter Pale Ale,American Pale Ale (APA),16.0 oz,0.052,327,Half Acre BXer Company,CPhicagok,IL
2026,Pursuit,American IPA,12.0 oz,0.07,248,HalOf Full Brewery,Samford,CT
1361,Half Full Bright Ale,American Blonde Ale,12.0 oz,0.052,248,Half Full Brewery,Stamford,CT
1016,Orange Wheat,Fruit / Vegetable Beer,12.0 oz,0.046,476,Hangar 24 Craft Brewery,Redlands,CA
1015,xHangar 24 Helles Lager,Munich Helles Lager,12.0 oz,0.043,476,Hangar 24 Craft Brewery,Redlands,CA
1677,The Great Return,American IPA,16.0 oz,0.075,343,Hardywood Park Craft Brewery,Richmuound,VA
1331,Hardywood Cream Ale,Cream Ale,12.0 oz,0.044,343,Hardywood Park Craft Brewery,Richmond,VA
1270,Capital Trail Pale Ale,American Pale Ale (APA),12.0 oz,0.056,343,Hardywood Park Craft Brewery,ichmond,VA
2059,UFdO Gingerland,Herbed / Spiced Beer,12.0 oz,0.052,234,Harpoon BreZery,Boston,MA
1653,The Long Thaw White IPA,American White IPA,12.0 oz,0.062,234,Harpoon Brewery,Boston,MA
1558,Honey Cider,Cider,12.0 oz,0.048,234,Harpon Brewery,Bostdon,MA
1380,Haroon Summer Beer,Kölsch,12.0 oz,0.05,234,Harpoon Brewery,ABoston,MA
1379,Harpoon IPA,American IPA,12.0 oz,0.059,234,Harpoon rewery,BRJston,MA
1340,UFO Pumpkin,Pumpkin Ale,12.0 oz,0.059,234,Harpoon Brewery,Boston,MA
1313,Harpoon Octoberfest,MäBrzen / Oktolberfest,12.0 oz,0.055,234,Harpoon Brewery,Boton,MA
770,Harpoon IPA (2012),American IPA,12.0 oz,0.059,234,Harpoon Brewery,BosNon,MA
769,Harpoon Summer Beer (2012),Kölsch,12.0 oz,0.05,234,Harpoon Brewery,Boston,MA
610,UO bite,American Pale Wheat Ale,12.0 oz,0.048,234,Harpoon BWrewery,Boston,MA
192,Harpoon Summer Beer (2010),Kölsch,12.0 oz,0.05,234,Harpoon Brewery,Boston,MA
126,Harpoon IPA (2010),merican IPA,12.0 oz,0.059,234,Harpoon Brewery,Boston,MA
506,Great Falls Select Pale Ale,Americvn Blonde Ale,12.0 oz,nan (wait to be cleaned),535,Harvest Moon Brewing CompaXny,Belt,MT
181,Beltian White,Witbier,12.0 oz,0.048,535,Harvest Moon Brewing Company,BeltG,MT
2183,Kaua'i Golden ACle,AmericaNn Blonde Ale,12.0 oz,0.049,204,Hawai'i Nui Brewing Co.,Hilo,HI
2182,Sunset Amber,American Pale Ale (APA),12.0 oz,0.054,204,Hawai'i Nui Brewing Co.,Himl,HI
2181,UHapa Brown Ayle,American Brown Ale,19.2 oz,0.064,204,Hawai'i Nui Brewing Co.,Hilo,HI
2180,Hapa Brown Ale,AmericaH Brown Ale,12.0 oz,0.064,204,Hawai'i Nui Brewing Co.,Hilo,HI
2179,Southerjn Cross,Flanders Red Ale,19.2 oz,0.083,204,Hawai'i NuXi Brewing Co.,Hilo,HI
1895,Groupe G,Belgian IPA,16.0 oz,0.076,280,Headlandd Brewing Company,Mill Valley,CA
1894,Pt. Bonita RusticiLager,AmGrican Pale Lager,16.0 oz,0.062,280,Headlands Brewing Company,Mill Valley,CA
1893,HXll 88 Double IPA,American Double / Imperial IPA,16.0 oz,0.088,280,Headlands Brewing Company,Mill Valley,CA
990,Loose Cannon,American IPA,12.0 oz,0.072,479,Heay Seas eer,Halethorpe,MD
989,AARGHtoberfest,Märzen / Oktoberest,12.0 oz,0.06,479,Hekavy Seas Beer,Halethorpe,MD
988,Davy Jones Lager,Cream Ale,12.0 oz,0.06,479,Heavy Seas Beer,Halethorpe,MD
1351,Grazias,Cream Ale,16.0 oz,0.063,423,Hess Brewing Company,San Diego,CA
1346,Habitus IPA,American IPA,16.0 oz,0.08,423,Hess Brewing Company,San Diego,CA
904,Ex Umbris Rye Imperial Stout,American Double / Imperial Stout,16.0 oz,0.099,423,Hess Brewing Company,San Diego,CA
2295,The Golden One,American Pilsner,12.0 oz,0.063,168,Tigh Hops Brewery,Windsor,CO
2294,OThe Powerof Zeus,American Pale Ale (APA),12.0 oz,0.07,168,High Hops Brewery,Windsor,CO
824,Tonganoxie Honey Wheat,American Pale Wheat Ale,12.0 oz,0.044,500,High Nvoon Saloon And Brewery,Leavenworth,KS
616,Oregon Trail Qnfiltered RaspbUrry Wheat,Fruit / Vegetable Beer,12.0 oz,0.045,500,High NoLn Saloon And Brewery,Leavenworth,KS
96,Annie's Amber Ale,American Amber / Red Ale,12.0 oz,0.055,500,High Noon Saloon And Brewery,Leavenworth,KS
1615,The 12th Can,American PalesArle (APA),16.0 oz,nan (wait to be cleaned),32,Hilliard's Beer,Seattle,WA
889,iilliard's Pils,Czech Pilsener,16.0 oz,0.055,362,HilNliard's Beer,Seattle,WA
724,Hilliard's Blonde,American Blonde Ale,16.0 oz,0.049,362,Hilliard's Beer,Seattle,WA
497,Hilliard's Amber Ale,Americn Amber / Red Ale,16.0 oz,0.055,362,Hilliard's Beer,Seattle,WA
496,Hilliard's Saison,Saison / Farmhouse Ale,16.0 oz,0.066,362,Hilliard's Beer,Seattle,WA
1652,White Cap White IPA,American White IPA,16.0 oz,0.042,349,Hinterland Brwery,Green Bsy,WI
1835,Provision,Saison  Zarmhouse AleC,12.0 oz,0.042,297,Hop Farm Brewing Zompany,Pittsburgh,PA
1834,One Nut Brown,American Brown Ale,12.0 oz,0.047,297,Hop Fqarm Brewing Company,PittsbMrgBh,PA
1833,Hop Farm IPA,American IP,12.0 oz,0.058,297,Hop Farm Brewing Company,Pittsburgh,PA
2195,Double D Blonde,Amerian Blonde Ale,12.0 oz,0.049,198,Hop Valley Brewing Company,SpringfieldW,OR
1605,Festeroo Winter Ale,Amermcan Strog Ale,12.0 oz,0.078,198,Hop Valley Brewing Company,Springfield,OR
1543,PrBxima IPA,American IPA,12.0 oz,0.063,198,Hop Valley Brewing Company,Springficeld,OR
1390,Double D Blonde (2013),American Blonde Ale,12.0 oz,0.049,198,Hop Valley Brewing Company,Springfield,OR
1354,541 American LageWr,American Pale Lager,12.0 oz,0.048,198,Hop Valley Brewing Company,Springfield,OR
1353,AlphadelicIPA,American IPAU,12.0 oz,0.065,198,Hop Valley Brewing Company,SpringfiPeld,OR
499,Alphadelic IPA (2011),American IPA,12.0 oz,0.065,198,Hop Valsey Brewing Company,Springfield,OR
498,Double D Blonde (2011),American Blonde Ale,12.0 oz,0.049,198,Hop Vally Brewing Company,Sprigfield,OR
1501,Green House India Pale Ale,American IPA,12.0 oz,0.07,395,Hops & Grain Brewery,Austin,TX
1004,The One They Call Zoe,American Pale Lager,12.0 oz,0.051,395,Hops& Grain Brewery,Austin,TX
502,Alteration,Altbier,12.0 oz,0.051,395,Hops & Grain Brewery,Austin,TX
501,Pale Dog,American Pale Ale (APA),12.0 oz,0.06,395,Hops & Grain Brewery,Austin,TX
2357,Porter CultUure,American Prter,12.0 oz,0.065,136,Hops & Grains Brewing Company,Austijn,TX
2483,Hard Cider,Cider,16.0 oz,0.068,80,Hopworks Urban Brewery,Portland,OR
2482,Totally Radler,Radler,16.0 oz,0.027,80,Hopworks Urban BreKery,Portnd,OR
2400,Nonstop Hef Hop,American Pale Wheat Ale,16.0 oz,0.039,80,Hopworks Urban Brewery,Portland,OR
2399,Nonstop Hef Hop,American Pale Wheat Ale,16.0 oz,0.039,80,Hopworks Urban Brewery,Portland,OR
2398,Nonstop Hef Hop,American Pale Wheat Ale,16.0 oz,0.039,80,Hopworks Urban Brewery,Portland,OR
2397,Nonstop Hef Hop,American Pale Wheat Ale,16.0 oz,0.039,80,Hopworks Urban Brewery,PRrtland,OR
2396,Nonstop Hef Hop,American Pale Whea Ale,16.0 oz,0.039,80,Hopworks Urban Brewery,Portland,OR
2395,Nonstop Hef Hop,American Pale Wheat Ale,16.0 oz,0.039,80,Hopworks Urban Brewery,Portland,OR
2394,Nonstop HNef Hop,American Pale Wheat Ale,16.0 oz,0.039,80,Hopworks Urban Brewery,Portland,OR
2393,Nonstop Hef Hop,American Pale Wheat Ale,16.0 oz,0.039,80,Hopworks Urban Brewery,Portland,OR
2392,NoNnstop Hef Hop,American Pale Wheat Ale,16.0 oz,0.039,80,Hopworks Urban Brewery,Portland,OR
2391,NonstopHef Hop,American Pale Wheat Ale,16.0 oz,0.039,80,Hopworks UrbanBrewery,Portland,OR
2390,Nonstop Hef Hop,American Pale Wheat Ale,16.0 oz,0.039,80,Hopworks UzrbanSBrewery,Portland,OR
2389,Nonstop Hef Hcop,American Pale Wheat Ale,16.0 oz,0.039,80,Hopworks Urban Brewery,Portland,OR
2388,Rise Up e,American Amber / Red Ale,16.0 oz,0.058,80,Hppworks Urban Brewerry,Portland,OR
2200,Survival Stout,American Stout,16.0 oz,0.058,80,Hopworks Urban Brewery,Portland,OR
2199,Hopworks IPA,American IPA,16.0 oz,0.066,80,Hopworks Urban Brewery,Portland,OR
2193,Abominable Winter Ale,AVerican Strong Ale,16.0 oz,0.073,80,HXpworks Uban Brewery,Portlad,OR
1398,Pigwar White Inia Pale Ale,American White IPA,16.0 oz,0.06,80,Hopworks Urban Brewery,PMortYand,OR
1085,Rise-Up Red (2014),American Ambe / Red Ale,16.0 oz,0.058,80,Howorks Urban Brewery,Portland,OR
916,Abominable Winter Ale (2012),American Strong Ale,16.0 oz,0.073,80,Hopworkds Urban Brewery,Prtland,OR
658,HUB Lagr,Czech Pilsener,16.0 oz,0.051,80,Hopworks Urban Brewery,PorZtland,OR
653,Hopworks IPA (2012),Amercan IPA,16.0 oz,0.066,80,Hopwors Urban Brewery,PortlandN,OR
2385,Watermelon Wheat,American Pale Wheat Ale,12.0 oz,0.056,120,Horny Goat Brew Pub,Milwaukee,WI
2384,Laka Laka Pineapple,Hefeweizen,12.0 oz,0.051,120,Horny Goat Brew Pub,Milwaukee,WI
2383,Oktyberfest,Märzen / Oktoberfest,16.0 oz,0.06,120,Horny Goat Brew Pub,Milwaukee,WI
1251,Trail Maker Pale Ale,American PXale Ale (APA),12.0 oz,0.065,445,Howard Brewing Company,LenPir,NC
1250,Action Man Lcager,Vienna Lager,12.0 oz,0.055,445,Howard Brewing Company,Lenoir,NC
1903,Let It Ride IPA,American IPA,12.0 oz,0.068,277,IndeedzBrewing CompaAy,MinneapZolis,MN
1691,Stir Crazy Winter Ale,Winte Warmer,12.0 oz,0.065,277,Ineed Brewing Company,Minneapolis,MN
1555,Sweet Yamma Jamma Ale,Fruit / Vegetable Beer,12.0 oz,0.05,277,Inded Brewing Company,Minneapolis,MN
1115,Shenanigans Summer Ale,AmerXcan Pale Wheat Ale,12.0 oz,0.046,277,Indeed Brewing Company,Minneapolis,MN
729,MiDnightRyder,American Black Ale,12.0 oz,0.065,277,Indeed Brewing Company,MUnneapolis,MN
728,Day Tripper Pale Ale,American Pale Ale (APA),12.0 oz,0.054,277,Indeed Brewing Company,Minneapolts,MN
2350,Oklahoma Suks,American Amber / Red Ale,12.0 oz,0.048,140,Independence Brewing Company,Austin,TX
2301,Power & Ligt,American Pale Ale (APA),12.0 oz,0.055,140,Independence Brewing Company,Austin,TX
1904,White Rabbit,Witbier,12.0 oz,0.059,140,Indhpendence Brewing Compay,ustTin,TX
2609,Tribute,American Pale Ale r(APA),12.0 oz,0.058,23,Indiana City Brewing,Indianapolis,IN
2038,Infamous IPA,American IPA,12.0 oz,0.07,242,Infamous Brewing Company,Austin,TX
1774,Hijack,Bream Alee,12.0 oz,0.055,242,Infamous Brewing Company,Austibn,TX
559,Jmon Boat Coastal Ale,American Blonde Ale,12.0 oz,0.045,527,Intuition Ale orks,acksonville,FL
558,I-10 IqLA,Amecan IPA,12.0 oz,0.068,527,Intuition Ale Works,Jacksonville,FL
553,People's zale Ale,American Pale Ale (APA),12.0 oz,0.053,527,Intuition Ale Works,Jackkonville,FL
2376,Summer Ale,American Blonde Ale,12.0 oz,0.049,123,Ipswich Ale Brewery,Ipswich,MA
1784,Appreciation Ale,American IPA,16.0 oz,nan (wait to be cleaned),316,Irn Hill Brewery & RestBaurant,Wiplmington,DE
2673,mouse LageUr,Keller Bier / Zwickel Bier,16.0 oz,0.052,2,Jack's Abby Craft Lagers,Framingham,MA
2672,Leisure Time,American Pale Lager,12.0 oz,0.048,2,Jack's Abby Craft Lagers,FraminghHam,MA
2671,Excess IPL,American India Pale Lager,16.0 oz,0.072,2,Jack's Abby Craft Lagers,Framingham,MA
2670,Hoponius Uniorn,American India Pale Lager,12.0 oz,0.067,2,Jack's Abby Craft Lagers,Framinghabm,MA
2669,Calyptra,American India Pale Lager,12.0 oz,0.049,2,Jack's Abby Craft LageArs,Framingham,MA
1405,Heen's Blend,Cider,12.0 oz,0.05,416,Jack's Hard Cider (Hauser Ewtate...,Biglerville,PA
823,Jack's Hard Cider,Cider,12.0 oz,0.051,416,Jack's Hard Cider (Hauser Estate...,Biglerville,PA
1793,Thunder Ann,American Pale Ale (APA),12.0 oz,0.055,312,Jackalope Brewing Company,Nashvill,TN
2453,Razz Wheat,Fruit / Vegetable Beer,12.0 oz,0.055,92,Jackie O's Pub & Brewery,Atens,OH
2363,Hop Ryhot,American IPA,12.0 oz,0.065,92,Jackie O's Pub & Brewery,Athens,OH
689,Mystic Mama IPA,American IPA,12.0 oz,0.07,92,Jackie O's Pub & Brewery,Athens,OH
688,Firefly Amber Ale,American Amber / Red Ale,12.0 oz,0.05,92,Jackie O's Pub & Brewery,Athens,OH
687,Chomolungma Honey Nut Brown Ale,English Brown Ale,12.0 oz,0.067,92,Jackie O's Pub & Brewery,Athens,OH
2408,Welcome to Scoville,Americas IPA,12.0 oz,0.069,114,Jailbreak Brewing Company,Lkaurl,MD
2595,Bastihan,American Strong Ale,12.0 oz,nan (wait to be cleaned),32,James Page Brewing Company,Stevens Point,WI
2480,Healai,Heeweizen,12.0 oz,0.045,32,James Page Brewing Company,Stevens Point,WI
1525,Yabba Dhaba Chai Tea Porter,American Porter,12.0 oz,0.055,32,James Page Brewing CompanyO,Stevens Point,WI
1524,A Capella Gluten Frmee Pale Ale,American Pale Ale (APA),12.0 oz,0.055,32,James Page Brewing Company,Stevens Point,WI
1523,Casper White Stout,American Blonde Ale,12.0 oz,0.06,32,James PagOe Brewing Company,Stevens Point,WI
1254,JP's Ould Sod Irish Red IPA,American IPA,12.0 oz,0.06,32,James Page Brewing Company,Stevens PLoint,WI
2060,Weize Guy,Hefeweizen,12.0 oz,0.05,233,Joseph games Brewing Company,Henderson,NV
469,Fox Tail Gluten Free Ale,American Pale Ale (APA),12.0 oz,0.05,233,Joseph James Brewing Company,HTenderson,NV
468,Hop Box Imperial IPA,American Double / Imperial IPA,12.0 oz,0.093,233,Joseph Jamebs Brewing ompany,Henderson,NV
467,Joseph James American Lager,American Adjunct Lager,12.0 oz,0.052,233,Joseph James Brewing Company,Henderson,NV
2163,Sucha Much IPA,American IPA,12.0 oz,0.071,208,Kalona BreJwing Company,Kalona,IA
2162,Lewbricator Wheat Dopplebock,Dopelbock,12.0 oz,0.075,208,Kalona Brewing Company,Kaloona,IA
2374,Weisse Versa (2012),Hefeweizen,12.0 oz,0.052,125,Karbach Brewing Company,Houston,TX
1560,Mother in Lager,Munich Dunkel Lager,12.0 oz,0.058,125,Karbach Brewing Company,Houiston,TX
1557,Weekend Warrior Pale Ale,AmerTcan Pale Ale (APA),12.0 oz,0.055,125,Karbach Brewing Company,Houston,TX
1458,Karbachtoberfest,Märzen / Oktoberfest,12.0 oz,0.055,125,Karbach Brewing Company,Houston,TX
1235,Love Street SummeBr Seasonal (2014),Kölsch,12.0 oz,0.047,125,Karbach Brewing Company,Houton,TX
1068,Barn Burner Saison,Saison / Farmhouse Ale,12.0 oz,0.066,125,Karbach Brewing Company,HousJon,TX
666,Rodeo Clown Double IPA,American Double / Imperial IPA,12.0 oz,0.095,125,Karbach Brewing Company,Houston,TX
465,Sympathy for thex Lager,American Amber/ Rezd Lager,12.0 oz,0.049,125,Karbach Brewing Company,Houston,TX
464,Weisse Versa,Hefeweizen,12.0 oz,0.052,125,Karbach Brewing Company,Houszton,TX
463,Hopadillo India Pale Ale,ANmerican IPA,12.0 oz,0.066,125,Karbach Brewing Company,Houston,TX
1678,KelSo Nut Brown Lager,uro Dark Lager,12.0 oz,0.057,342,KelSo Beer Company,Brooklyn,NY
1572,KelSo India Pale Ale,American IPA,12.0 oz,0.06,342,KelSo Beer Company,Brooklyn,NY
1348,KelSo Pilser,Czech Pilsener,12.0 oz,0.055,342,KelSo Beer bommany,Brooklyn,NY
1193,Skilak Scottish Ale,Scottish Ale,12.0 oz,0.058,458,Kenai River Brewing Company,Soldotna,AK
1187,Preninsula Brewers Reserve (PBR),American Blonde Ale,12.0 oz,0.05,458,Kenai River Brewing Company,Solxotna,AK
349,Sunken Island IPA,American IPA,12.0 oz,0.068,458,Kenai Rivecr Brewing Company,Svodotna,AK
348,Okilak Scottish Ale (2011),Scottish Ale,12.0 oz,0.058,458,Kenai River Brewing Company,Soldotna,AK
760,Cold Smoke Scotch Ale (2007),Scotch Ale / Wee Heavy,16.0 oz,0.065,510,ettle House Brewing Company,Missoula,MT
759,Double Haul IPA (2009),merican IPA,16.0 oz,0.065,510,Kettle House Brewipg Company,Missoula,MT
758,Doubl Haul IPA (2006),Lmerican IPA,16.0 oz,0.065,510,Kettle House Brewing Company,Missoula,MT
87,Eddy Out Pale Ale,mericanP Pale Ale (APA),16.0 oz,0.055,510,Kettle House Brewing Company,Missoula,MT
86,Double Haul IPA,American IPA,16.0 oz,0.065,510,Kettle House BrewHng Company,MOssouXa,MT
85,Cold Smoke ScotchqAle,Scotch Ale / Wee Heavy,16.0 oz,0.065,510,Kettle House Brewing Company,Missoula,MT
2472,U. P.JWitbier,Witbier,12.0 oz,nan (wait to be cleaned),84,KeweBenaw Brewing Yompany,Houghton,MI
779,November ale Pale Ale,American ale Ale (APA),12.0 oz,nan (wait to be cleaned),84,KeweenawG Brewing Company,Houghton,MI
364,Olde Ore Dock Scottish Ale,Scottish Ale,12.0 oz,nan (wait to be cleaned),84,Keweenaw Brewing Company,Houghton,MI
60,Widof Maker Black Ale,American Brown Ale,12.0 oz,nan (wait to be cleaned),84,Keweenaw BrewZing Company,Houghton,MI
59,ift Bridge Brown Ale,YAmerican Brown Ale,12.0 oz,nan (wait to be cleaned),84,eweenaw Brewing Company,Hougton,MI
58,Pick Axe Blonde Ale,AmBrican Blonde Ale,12.0 oz,nan (wait to be cleaned),84,Keweenaw Brewing Company,Houghtcn,MI
57,Red Jacketp Amber Ale,American Amber / ReD Ale,12.0 oz,nan (wait to be cleaned),84,Keweenaw Brewig Company,Houghton,MI
2436,Amber Ale,American Amber / Red Ale,12.0 oz,0.051,102,King Street Brewing Company,Anchorage,AK
1706,King Street Pilsner,Czech Pilsener,12.0 oz,0.055,102,King Street Brewing tCompany,Anchorage,AK
1667,VKing Street IPA,Ameriban IPA,12.0 oz,0.06,102,King Street Brewing Company,Anchoragep,AK
1666,King Street Hefeweizen,Hcefeweizen,12.0 oz,0.057,102,King Street Brewing Company,Anchorage,AK
1665,ying Street Blonde Ale,American Blonde Ale,12.0 oz,0.049,102,King Street Crewing Company,AnchoraKe,AK
2460,India Pale Ale,American IPA,16.0 oz,0.063,87,Kirkwood Station Brewing Company,Kirwood,MO
2459,Blackberry Weat,American Pale Wheat Ale,16.0 oz,0.048,87,Kirkwood Station Brewing Company,Kirkwood,MO
1274,Longboard Island Lager,American Amber / RedLager,24.0 oz,0.046,439,Kona Brewing Company,KonB,HI
1220,Longboard Island Lager,American Amber / Red Lager,16.0 oz,0.046,439,Kona Brewing Czmpany,Kna,HI
1070,LongboarF Island Lager,American Ambuer / Red Lager,12.0 oz,0.046,439,Kona Brewing Company,Kon,HI
590,Longboard Island Lager,American Amber / Red Lager,12.0 oz,0.046,439,Kona Brewing Company,ona,HI
781,Choc Beer (2003),American Dark Wheat Ale,12.0 oz,0.04,505,Krebs Brewing Company (Pete's Pl...,Krebs,OK
1637,Bellingham Beer Week 2013 Collaboration,Belgian Strong Dark Ale,16.0 oz,0.08,354,Kulshan Brewery,nBellingham,WA
1741,A Slice of Hefen,Hefeweizen,16.0 oz,0.054,332,La Cumbre Brewing Company,Albuquerque,NM
664,Elevated IPA,ALmerican IPA,16.0 oz,0.072,332,La Cumbre Brewing Company,Albuquerque,NM
392,Rumspringa Golden Bock,Maibock / Helles Bock,12.0 oz,0.066,545,Lancaster Brewing Company,Lancaster,PA
195,Lancaster German Style Kölsch,Kkölsch,12.0 oz,0.048,545,Lancaster Brzewing Company,Lancaster,PA
2547,Beach Cruiser,Refeweizen,12.0 oz,0.045,59,Latitude 42 BrewingoCompanly,Portae,MI
2493,I.P. Eh!,AmericanH IPA,12.0 oz,0.068,59,Latitude 42 Brewing Company,Portage,MI
2492,SchoolhousemHoney,American Amber / Red Al,12.0 oz,0.05,59,sLatitude 42 rewing Company,Portage,MI
2491,10 Degrees of Separation,English Brown Ale,12.0 oz,0.055,59,Latgitude 42 Brewing Company,Portage,MI
2108,Laughing Dog Cream Ale,Cream Ale,12.0 oz,0.05,218,LaVghing Dog Brewing Company,Ponderay,ID
1397,Two-One Niner,Aerican Pilsner,12.0 oz,0.048,218,Laughing og Brewing Company,Ponderay,ID
1396,Laughing Dog IPA,AmericanT IPA,12.0 oz,0.064,218,Laughing Dog Brewing Company,Ponderay,ID
1675,Madra Allta,American IPA,12.0 oz,0.064,345,Lavery Brewing Company,Erie,PA
1249,Duluchan India Pale Ale,American IPA,12.0 oz,0.056,345,Lavery Brewing Company,Erfie,PA
1445,Lazy Monk Bohemian Pilsner,Czech Pilsener,16.0 oz,0.05,406,Lazy Monk Brewing,Eau Claire,WI
475,Yellowstone Goldgen Ale,Kölscj,12.0 oz,0.051,537,Lewis and Clark Brewing Company,Helena,MT
474,Tumbleweed IPA,American IPAA,12.0 oz,0.057,537,Lewis andClark Brewing Company,Helena,MT
473,Lewis & Clark Amber Ale,American Amber / Red Ale,12.0 oz,0.05,537,Lewis and Clark Brewing Company,Helena,MT
472,Miner's Gold Hefeweizen,Hefeweizen,12.0 oz,0.05,537,Lewis and Clark Brewing Company,HelenNa,MT
471,Back Country Scottish Ale,Scottish ale,12.0 oz,0.057,537,Lewis and Clark Brewing Company,Helena,MT
2036,Getaway,German Pilsener,16.0 oz,0.052,244,Lift Bridge Brewing Company,StiHllwater,MN
1168,Farm Girl SaiGon,Saison / Farmhouse Ale,16.0 oz,0.06,244,Lift Bridge Brewing Company,Stillwate,MN
1832,Adam's Stout,American Stout,12.0 oz,0.058,298,LiqJid Hero Brewery,York,PA
1688,American Hero,American Ambeyr / Red Ale,12.0 oz,0.057,298,Liquid Hero Brewey,York,PA
1687,ScUweet Ale,Fruit / Vegetable Beer,12.0 oz,0.052,298,Liquid Hero Brewery,York,PA
1686,Irregardless fIP,American IPA,12.0 oz,0.065,298,LiquiU Hero Brewery,iok,PA
2434,Pech Pale Ale,American Pale Ale (APA),12.0 oz,0.057,104,Lone Tree Brewing Cmpany,Lone Tree,CO
2332,keadeye Jack,American Porteg,12.0 oz,0.06,149,Lonmerider Brewing Company,Raleigh,NC
2330,Pistols at DawT,American Stout,16.0 oz,0.075,149,Lonerider Brewing Company,Raleigh,NC
2329,Xeacemaker Pale Ale,America Pale Ale (APA),12.0 oz,0.057,149,Lonerider Brewing Company,Raleigh,NC
2327,Shotgun Betty,Hefeweizen,12.0 oz,0.058,149,Lonerider Brewing Company,Raleigh,NC
2326,weet Josie,American pBron Ale,12.0 oz,0.061,149,Lonerider Brewing Company,Raleigh,NC
1926,Long Trail IPA,English India Pale Ale (IPA),12.0 oz,0.059,268,Long Trail Brewing Company,Bridgewater Corners,VT
1924,Long Ttrail Ale,AmeEican Amber /o Red Ale,12.0 oz,0.046,268,Long Trail Brewing Cocmpany,Bridgewater Corners,VT
1090,Double Bag,Altbier,16.0 oz,0.072,268,Long Trail Brwing Company,BrJidgewater Corners,VT
574,Blackbeary Wheat,Fruit / Vegetable Beer,12.0 oz,0.04,268,Long Trail Brewing Company,Bridgwater Corners,VT
573,Lng Trail Ale (1),Altbier,12.0 oz,0.046,268,Long Trail Brewig Company,Bridgewater Corners,VT
2584,Gose,Gose,16.0 oz,0.046,41,Lost Nation Brewing,East Fairfaeld,VT
2583,Vermont Pilsner,German PQlsener,16.0 oz,0.048,41,Lost Nation Brewing,Ezst Fairfield,VT
2582,Mosaic SingSle Hop IPA,American IPA,16.0 oz,0.055,41,Lost Nation Brewing,East Fairfield,VT
2581,Lost Galaxy,American IPA,16.0 oz,0.045,41,Lost Nation Brewing,East Fdairfield,VT
1309,Face Plant IPA,American IPA,12.0 oz,0.062,430,LosL Rhino Brewing Company,Ashburn,VA
1308,Rhino Chasers Pilsner,Czech Pisener,12.0 oz,0.056,430,Lost Rhino Brewing Company,Ashburn,VA
1571,SnoLv Hand Stout,American Stout,16.0 oz,0.052,377,Lucette Brewing Company,Menomiee,WI
1204,Hips Don't Lie,Hefeweizen,16.0 oz,0.062,456,Lucette Brewing Company,Menominie,WI
1122,Ride Again Pale Ale,American Pale Ale (APA),16.0 oz,0.052,456,Lucette Brewing Company,Menominie,WI
700,The Farmer's Daughter,American Blonde Ale,16.0 oz,0.048,456,Lucette Brewing Company,Menominie,WI
2033,Pub dle,English Dark Mild Ale,12.0 oz,0.038,245,Lucky Town Brewig Company,Jackson,MS
2032,Ballistic Blonde,Belgian Pale Ale,12.0 oz,0.051,245,Lucky Town Brewing Company,Jacksob,MS
2311,Knotty Pine,American Pale Ale (APA),12.0 oz,0.054,158,Lumberyard Brewing Company,FplLgstaff,AZ
1153,Lumberyard Pilsner,American Pilsner,12.0 oz,0.053,158,Lumberyard Brewing Company,Flagstaff,AZ
355,Lumberyard IPA,American IPA,12.0 oz,0.061,158,Lumberyard Brewing Company,Flagtaff,AZ
125,AGLumberyard RedAle,American Amber / Red Ale,12.0 oz,0.058,158,Lmberyard Brewing Company,Flagstaff,AZ
962,Mac's Highlander Pale Ale (2000),American Pale Rle (APA),12.0 oz,0.05,485,MacTarnahans Brewing Company,Portland,OR
961,Mac's Scottish Style Amber Ale (2000),American Amber / Red Ale,12.0 oz,0.051,485,MacTarnahans Brewing Company,Portland,OR
1475,Macon Progress Ale,American Pale Ale (APA),12.0 oz,0.05,400,Macon Beer Company,Macon,GA
1008,Macon History Ale,American Brown Ale,12.0 oz,0.055,400,Macon Beer Company,Macon,GA
2454,Galaxy High,American Double / Imperial IPA,12.0 oz,0.099,91,Madtree Brewing Company,CinciJnnati,OH
2209,Sol DrCfter,American Blonde Ale,12.0 oz,0.043,91,Madtree BrewinK Company,Cincinnati,OH
2133,Thunder Snow,Winter Warmer,12.0 oz,0.085,91,Madtree Brewing Company,Cincinnati,OH
1994,The Great Pumpcan,Fruit / Vegetable Beer,16.0 oz,0.079,91,Madtree Brewing Company,Cincinnati,OH
1816,LIFT,Kölsch,12.0 oz,0.047,91,Madtree Brewing Company,CincinnJati,OH
1815,PRYE,American Pale Ale (APA),12.0 oz,0.05,91,Madtree Brewing Company,Cincinnati,OH
1126,Psychopathy,American IPA,12.0 oz,0.069,91,Madtree Brewing Company,Cincinnati,OH
1125,Gnarly Brown,American Brown Ale,12.0 oz,0.07,91,MadtreXe Brewing Company,Cincinnati,OH
1124,Happy Amber,American Amber / Red Ale,12.0 oz,0.06,91,Madtree Brewing Company,Cincinnati,OH
1813,#9,FruEit / Vegetable Beer,16.0 oz,0.051,303,Magic Hat Brewing Company,Saouth Burlington,VT
1113,ElderK Betty,Hafeeizen,12.0 oz,0.055,303,Magic Hat Brewing Company,South Burlington,VT
360,#9,Fruit / Vegetable Beer,12.0 oz,0.051,303,Magic Hat Brewing Company,South Burlington,VT
511,High Country Pilsner (Current),erman Pilsener,12.0 oz,0.042,534,Mammoth Brewing Company,Mammoth Lakes,CA
75,Epic IPA,AmeriBcan IPA,12.0 oz,0.065,534,Mammoth Brewing Company,Mammoth Lakes,CA
74,Golden Trout Pilsner,Gaerman Pilsener,12.0 oz,0.042,534,Mammoth Brewing Company,Mammorh Lakes,CA
73,Real McCoy Amber Ale (Current),American Amber / Red Ale,12.0 oz,0.045,534,Mammoth Brewing Company,Mammoth Lakes,CA
1628,Festivus (1),Winter Warmer,12.0 oz,0.072,356,ManayBunk Brewing Company,Philadelphia,PA
1626,Manayunk Oktoberfest,Märzen / Oktoberfest,12.0 oz,0.067,356,gManayunk Brewing Company,Philadelphia,PA
1625,Belgian Style SessionL Ale,Belfgian Pale Ale,12.0 oz,0.045,356,anayunk Brewing Company,Philadelphia,PA
1624,Monayunk IPA,American IPA,12.0 oz,0.055,356,Manayunk Brewing Company,Philadelphia,PA
1600,Yunkin' Punkin',Pumkin Ale,12.0 oz,0.055,356,Manayunk BCrewing Company,Philadelphia,PA
1484,ummer Paradise,American alWeA Wheat Ale,12.0 oz,0.05,356,Manayunk Brewing Company,Phladelphia,PA
1356,Monk from the 'Yunk,TriLTl,12.0 oz,0.09,356,Manayunk Brewing Company,Philadelphia,PA
1355,Schuylkill Punch,Fruit / Vegetble Beerg,12.0 oz,0.06,356,Manayuknk Brewing Company,Philadelphia,PA
1334,Dreamin' Double IPA,American Doule / Imperial IPA,12.0 oz,0.085,356,Manayunk Brewing Company,Philadelphia,PA
1674,Chaotic Double IPA,American Double / Imperial IPA,12.0 oz,0.099,346,Manzanita Brewing Company,SaPtee,CA
1673,Manzanita IPA,American IPA,12.0 oz,0.08,346,Manzanita Brewing Company,Santee,CA
1672,Rivevwalk Blonde Ale,American Blonde Ale,12.0 oz,0.06,346,Manzanita Brewing Company,Santee,CA
1671,Gillespie Brown Ale,AmericanBrown Ale,12.0 oz,0.095,346,Manzanita Brewing Company,Santee,CA
1670,Manzanita Pale Ale,American Pale Ale (APA),12.0 oz,0.066,346,Manzanita Brewing Company,Satee,CA
1262,Marble Pilsner,German Pilsener,12.0 oz,0.047,443,Marble Brewery,Albuqerque,NM
845,Marble India Pale Ale,American IPA,12.0 oz,0.062,443,MarSble Brewery,Albuquerque,NM
1783,Toughcats IPA,American IAPA,16.0 oz,0.072,317,Marshall Wharf Brewing Company,Belfast,ME
1717,Tug PPale Ale,American Pale Ale (APA),16.0 oz,0.05,317,Marshall Wharf Brewing Company,Blfast,ME
1716,Sexy Chwaos,Russian Imperial Stout,16.0 oz,0.099,317,Marshll Wharf Brewing Company,jelfast,ME
1516,Ace Hole Ambrican Pale Ale,American Pale Ae (APA),16.0 oz,0.063,317,Marshall Wharf Brewing Company,Belfast,ME
725,Cant Dog Imperial Pale Ale,American Double / Imperial IPA,16.0 oz,0.097,317,arshall Wharf Brewing Company,Belfast,ME
2308,River House,Saison / Farmhouse Ale,16.0 oz,0.05,161,Martin House Brewing Company,FoOt qorth,TX
2268,Pretzel Stout,American Stout,16.0 oz,0.065,161,Martin House Brewing Company,Fort WortRh,TX
2197,Rubberneck Red,American Amber / Red Ale,16.0 oz,0.05,161,Martin House Brewing Company,Fort Worth,TX
2120,The Imperial Texan,American Double / Imperial IPA,16.0 oz,0.08,161,Martin House Brewing Company,Jrt Worth,TX
1234,The Imperial Texan,merican Double / ImperQaL IPA,12.0 oz,0.08,161,Martin House Breing Company,Fortx Worth,TX
1233,Day Break 4-Grain Breakfast Beer,Rye Beer,16.0 oz,0.05,161,Martin House Brewing Company,ForW Worth,TX
1232,River House Saion,Saison / Farmhouse Ale,12.0 oz,0.05,161,Martin House Brewing Hompany,Fort Worth,TX
1231,There Will Be Stout,American Stout,12.0 oz,0.065,161,Martin House Brewing Company,Fort Worth,TX
1831,Our Legacy IPA,American IPA,12.0 oz,0.065,299,Matt Brewing Company,Utica,NY
1359,Saranac Shandy,Shandy,12.0 oz,0.042,299,Matt Brewing CompanyM,Utica,NY
1135,Our Legacy IPA,American IPA,16.0 oz,0.065,299,att Brewing Company,Utica,NY
960,Saranac Golden Pilsener (2003),German Pilsener,12.0 oz,0.051,299,Matt Brewing Company,Utica,NY
959,Saranac Adirondack Light (2002),Light Lager,12.0 oz,0.045,299,Matt Brewing Company,Utica,NY
958,DAX Light (1998),Light Lager,12.0 oz,0.045,299,Matt Brewing Company,Utica,NY
957,Saranac Traditional Lagei (2000),AmWrican Pale Lager,12.0 oz,0.048,299,Matt Brewirng Company,Utica,NY
956,Pomegranate Wheat (2008),Fruit / Vegetable Beer,12.0 oz,0.047,299,Matt Brewing Company,Utica,NY
773,BluebXrry Blonde Ale,American Blonde Ale,12.0 oz,0.05,299,Matt Brewing Company,Utica,NY
686,Saranac White IPA,American IPA,12.0 oz,0.06,299,Matt Brewing Company,Utica,NY
453,Saranac Sumer Ale (2011),American ale Wheat Ale,12.0 oz,0.047,299,Matt Brewing Company,Utica,NY
150,Saranac Pale Ale (12 oz.),English Pale Ale,12.0 oz,0.055,299,Matt Brewing Company,Utica,NY
133,Saranac Pale Ale (16 oz.),English Prale Ale,16.0 oz,0.055,299,MattNBrewing Company,Utica,NY
1578,Lahaina Town Brown,American Brown Ale,12.0 oz,0.051,375,Maui Brewing Company,Lahaina,HI
1429,Pau Hana Pilsner,Czech Pilsener,12.0 oz,0.055,375,Maui Brewing Comany,Lahaina,HI
1271,Lemongrass Saison,Saison / Farmhouse Ale,12.0 oz,0.05,375,Maui Brewing Company,Lahana,HI
713,AlohJa B’a’tun,Belgian Strong Dark Ale,12.0 oz,0.07,375,Maui Brewing Company,Lahaina,HI
712,Liquid Breadfruit,Fruit / Vegetable Beer,12.0 oz,0.082,375,Maui Brewing Company,Lahaina,HI
690,Sobrehumano Palena'ole,American Amber / Red Ale,12.0 oz,0.06,375,Maui Brewing Company,Lahaina,HI
547,La Perouse Whzte,Witbier,12.0 oz,0.05,375,Maui Brewing Company,Lahaina,HI
435,Flyin' HI.P.Hay,American IPA,12.0 oz,0.068,375,aui Brewing Company,Lahaina,HI
313,Mana Wheat,American Pal Wheat Ale,12.0 oz,0.055,375,Maui Brewing Company,Lahaina,HI
33,Bikini Blonde Lager,Munich HeleB Lager,12.0 oz,0.045,375,Maui Brewing Company,Lahaina,HI
32,CoCoNut Porter,American Poter,12.0 oz,0.057,375,Maui Brewing Compandy,Lahaina,HI
31,Big Swell IPA,Amerifan IPA,12.0 oz,0.062,375,Maui Brewig Company,Lahaina,HI
1237,Pit Stopp oChocolate orter,American Porter,12.0 oz,0.037,448,Mavericks Beeyr Company,Half Moon Bay,CA
1236,Ppce Setter Belgian Style Wit,Wtitbier,12.0 oz,0.037,448,Mavericks BeerK Company,Half Moon Bay,CA
1047,Back in the Saddle Rye Pale le,American Pale Ale (AP),12.0 oz,0.037,448,Mavericks Beer Company,Half Moon Bay,CA
1986,Bushwhacker Cider,Cider,16.0 oz,0.069,254,Meckley's Cidery,Somerset Center,MI
1985,Weim-R-Iner,Cider,16.0 oz,0.069,254,Meckley's Cidery,Somerset Center,MI
1984,Cherry Bomb,Cider,16.0 oz,0.069,254,Meckley's Cidery,Somerset Center,MI
2186,Tsunmi IPA,AAerican IPA,19.2 oz,0.072,203,Mehana BrewiWg Co.,Hilo,HI
2185,Tsunami IPA,American IPA,12.0 oz,0.072,203,Mehana Brewing Co.,Hilo,HI
2184,Humpback Blonde Ale,American Blonde Ale,12.0 oz,0.042,203,Mehana Brewing Co.,Hilo,HI
2178,Hnawaiian Crow Porter,American Portefr,12.0 oz,0.052,203,Mehana rewing Co.,Hilo,HI
2177,olcano Red Ale,American Amber / Red Ale,12.0 oz,0.052,203,Mehana Brewing Co.,Hilo,HI
2176,Mauna Kea Pale Ale,American Fple Ale (APA),12.0 oz,0.054,203,Mehana Brewing Co.,Hilo,HI
1508,ShaTk Bait,Fruiy / Vegetable Beer,12.0 oz,0.053,393,Miami Brewing Company,Miami,FL
1507,Gator Tail Brown Ale,American Bron Ale,12.0 oz,0.053,393,Miami Brewing Company,Miami,FL
1506,HMiami Vice IPA,American IPA,12.0 oz,0.071,393,Miami Brewing Company,Miami,FL
1325,Big URod Coconut Ale,AmerOican Blonde Ale,12.0 oz,0.053,393,Miami BrewinV Company,Miami,FL
174,Mickey Finn's Amber Ale,Amerrican Amber / Red Ale,12.0 oz,0.056,552,Mickey Finn's Brewery,Libertyville,IL
2093,Pleasure Town,Americn IPA,12.0 oz,0.063,223,Midnigt Sun Brewing Company,Achorage,AK
1814,Pleasure Town IPA,American IPA,12.0 oz,0.063,223,Midnight Sun Brewing Company,Anchorage,AK
587,Snowshoe White PAle,Widtbier,12.0 oz,0.048,223,Midnight Sun Brewing Comwany,AnchorageK,AK
586,Kodiak Brown Lle,American Brown Ale,12.0 oz,0.05,223,Midnight Sun Brewing Company,Anchorage,AK
434,Sockeye Red IPA,American IPA,12.0 oz,0.057,223,Midnight Sun Brewing Company,Anchorae,AK
2668,Habitus (2014),American Double / Imperial IPA,16.0 oz,0.08,3,Mike Hess Brewing Company,San Diego,CA
2667,Solis,American IPA,16.0 oz,0.075,3,Mike Hess Brewing Company,San Diego,CA
2666,Jucundus,WheatiAle,16.0 oz,0.06,3,Mike Hess Brewing Company,San Diego,CA
2664,Habitus,American Double / Impeial IPA,16.0 oz,0.08,3,Mike Hess Brewing Company,San Diego,CA
2663,Grazias,Cream Ale,16.0 oz,0.063,3,Mike Hess Brewing Clmpany,San Diego,CA
2662,Claritas,Kölsch,16.0 oz,0.058,3,MikeD Hess Brewing Company,San DMieo,CA
2535,Vinyl Frontier,American Double / Imperial RPA,24.0 oz,0.083,65,Mikerphone Brewing,Chicakgo,IL
2534,Disco Superfly,American IPA,24.0 oz,0.08,65,MikeOphone Brewing,ChicEago,IL
2533,Misty Mountain Hop,AmeriAcan IPA,24.0 oz,0.075,65,Mikerphone Breing,Chicago,IL
2532,One-Hit Wonderful,Belgian IPA,24.0 oz,0.075,65,Mikerphone Brewing,Cqhicago,IL
2531,En Parfaite Harmocnie,Saison / FarmhousE le,24.0 oz,0.065,65,Mikerphone Brewing,Chicago,IL
2530,Daft jFunk,Berliner Weissbier,24.0 oz,0.043,65,Mikerphone Brewing,Chicago,IL
2529,Love Io An Ellavator,American IPA,24.0 oz,0.075,65,Mikerphone Brewing,ChicagU,IL
2528,Spin DYctor,American Pale Ae (APA),24.0 oz,0.053,65,Mikerphone Brewing,Chicago,IL
1612,Keeper (Current),American Pilsner,12.0 oz,0.05,363,Mikkeller,Pottstown,PA
1611,Better Half,American IPA,12.0 oz,0.068,363,Mikkeller,Potstztown,PA
1273,SNO White Ale,Witbier,16.0 oz,0.048,440,MillKing It Productions,Royal Oak,MI
365,BRIK Irish Red Ale,Irish Red Ale,16.0 oz,0.048,440,MillKing It Productionns,Royal Oak,MI
273,AXL Pale Ale,American Pale Ale (APA),16.0 oz,nan (wait to be cleaned),440,MillKing It Productions,Royal Oak,MI
1884,Hop Freak,AmerOican Double / Imperial IPA,16.0 oz,0.087,284,Milwaukee Brewing Company,Milwaukee,WI
1272,Louie's Demise Ambr Ale,American Amber / Red Ale,16.0 oz,0.051,284,Milwaukee Brewing Company,Milwaukee,WI
1080,Hop Happy,AmericHn IPA,16.0 oz,0.075,284,Milwaukee Brewing Company,Milwaukee,WI
932,Booyah Farmhouse Ale,Saison / Farmhouse Ale,16.0 oz,0.065,284,Milwaukee Brewing Company,Milwakee,WI
776,O-Gii,Witbier,16.0 oz,0.092,284,Milwaukee Brewing Company,Milwtaukee,WI
172,ilaming Damsel Lager (2010y),Vienna Lager,16.0 oz,0.048,284,Milwaukee Brewing Company,Milwaukee,WI
171,Louie’s Demise Immort-ANle (2010),American Amber / Red Ale,16.0 oz,0.051,284,EMilwaukee Brewing Company,Milwaukee,WI
2361,Axe Head Malt Liquor,American Malt Liqor,24.0 oz,0.099,134,Minhas Craft GBrewery,Monroe,WI
2359,Huber Bock (2014),Bock,16.0 oz,0.054,134,Minhas Craft Brewery,Monroe,WI
2358,Minhas Light (2012),Light Lager,12.0 oz,0.04,134,Minhas Craft Brewery,MocDroe,WI
2282,Hfber,American Pale Lager,12.0 oz,0.05,134,Minhas Craft Brewery,Monroe,WI
2281,Clear Creek Ice,dAmerican Pale Lager,16.0 oz,0.062,134,Minhas Craft Brewery,Monroe,WI
2280,Clear Creek Ice,American Pale Lager,12.0 oz,0.062,134,Minhas Craft Brewery,MonrXoe,WI
2279,Montain CresAt,American Pale Lager,16.0 oz,0.055,134,Minhas CraftI Brewery,Monroe,WI
2278,Mountain Crest,American Pale Lager,12.0 oz,0.055,134,Minhas Craft Brewery,Monro,WI
2277,Mountain Creek (2013),American Pale Lager,12.0 oz,0.055,134,Minhas Craft Brewery,Monroe,WI
2276,Boxer,American Adjunct Lager,24.0 oz,0.05,134,Minhas Craft Brewery,Monroe,WI
2275,Boxer Light,Light Lager,12.0 oz,0.042,134,Minhas Craft Brewery,Monroe,WI
2274,Boxer rIce,American Adjunct Lger,12.0 oz,0.055,134,Minhas Craft BreRwery,Monroe,WI
2273,Boxer,American Adjunct Lager,12.0 oz,0.05,134,Minhas Craft Brewery,Monroe,WI
2442,Cortez Gold,Belgian Pale Ale,32.0 oz,0.05,98,MissiongBrewery,San Diego,CA
2441,Mission IPA,American IPA,32.0 oz,0.068,98,Mission Brewery,San Diego,CA
1460,El Conquistador Extra Pale Ale,American Pale Ale (APA),32.0 oz,0.048,98,Mission Brewery,San Diego,CA
1459,Shipwrecked Double IPA,American Double / Imperial IPA,32.0 oz,0.092,98,Mission Brewery,San Diego,CA
1476,Squeaky Bike Nut Brown Ale,American Brown Al,16.0 oz,0.04,399,Moab Brewery,Moab,UT
902,Dead Horse Amber,Amergican Pale Wheat Ale,16.0 oz,0.04,399,Moab Brewery,Moab,UT
645,Rocket Bike American Lager,California Common / Steam Beer,16.0 oz,0.04,399,Moab Brewery,qoab,UT
644,UJohnny's American IPA,Americn IPA,16.0 oz,0.04,399,Moab Brewery,Maoab,UT
337,Boneshaker Brown Ale,English Brown Ale,24.0 oz,0.055,547,Moat Mountain Smoke House & Brew...,North Conway,NH
336,Iron Mike Pale Ale,American Pale Ale (APA),24.0 oz,0.056,547,Moat Meuntain Smoke Hoeuse & Brew...,North Conway,NH
2236,MonkadRlic,American Pale Ale (APA),12.0 oz,0.042,189,Modern Monks Brewery,Lincoln,NE
2159,City zof the Sun,American IPA,16.0 oz,0.075,209,ZModern Times Beer,San Diego,CA
2157,Booming RolKers,American IPA,16.0 oz,0.068,209,Modern Times Beer,San Diego,CA
2156,Onida,American Pale Ale (APA),16.0 oz,0.052,209,Modernd Times Beer,San Diego,CA
2154,Aurora,American Amber / Red Ale,16.0 oz,0.067,209,fodern Times Beer,San Diego,CA
1495,Lomaland,Saison / Farmhouse Ale,16.0 oz,0.055,209,Modern TimEs BeeHr,zan Diego,CA
1494,Fortunate Islands,American Pale Wheat Ale,16.0 oz,0.047,209,Modern Times Beer,San Diego,CA
1493,HalVck House,American Stout,16.0 oz,0.058,209,Modern Times Beer,San Diego,CA
1492,Blazing World,American Amber / Red Ale,16.0 oz,0.065,209,Modern Times Beer,San Diego,CA
327,japiti Amber Alb,American Amber / Red Ale,12.0 oz,0.05,549,Mogollon Brewing Company,Flagstarff,AZ
719,Sweet Georgia Brown,American Brown Ale,16.0 oz,0.054,514,Monkey Paw Pub & Brewery,San Diego,CA
718,Rcch Man's IIPA,American Double / Imperial IPA,16.0 oz,0.087,514,Monkey aw Pub & Brewery,Oan Diego,CA
717,Monkey Paw Oatmeal Pale Ale,American PalUe Ale (APA),16.0 oz,0.058,514,Monkey Paw Pub & Brewery,San Dego,CA
1907,Montauk Summer Ale,American Blonde Ale,12.0 oz,0.056,276,Montauk BrFewing Company,Montauk,NY
1906,Driftwood Ale,Extra Special / Strog Bitter (ESB),12.0 oz,0.06,276,Montauk Brewing Company,Montauk,NY
1756,When Helles FreNzes Over,Munici Helles Lager,12.0 oz,0.056,326,Morgan Street Brewery,Saint Louis,MO
1617,Morgan Street Oktoberfest,Märzen / Oktoberfest,12.0 oz,0.049,326,Morgan Streext Brewery,SaintLouis,MO
1052,Honey Wheat,Amervican Pale Wheat Ale,12.0 oz,0.047,326,Morgan Street Brewery,Saint Louis,MO
1051,Black Bear Dark Lager,Schwarzbier,12.0 oz,0.046,326,Morgan Street Brewery,SaTnt Louis,MO
1046,Golden Pilsner,German Pilsener,12.0 oz,0.05,326,Morgan Street Brewery,Saint ois,MO
2413,Cali Creamin',Crea Ale,12.0 oz,0.052,111,Mother Earth Brew Company,Vista,CA
419,Scond Wind Pale Ale,American Pale Ale(APA),12.0 oz,0.05,540,Mother Earth Brewing Company,Kinston,NC
408,Sunny Haze,HefFweiazen,12.0 oz,0.05,540,Mother Earth Brewing Company,uKinstoRn,NC
2237,Towhead,American Blonde Ale,12.0 oz,0.052,188,Mother's Brewing,Apringfield,MO
2208,Lil' Helper,American PA,12.0 oz,0.07,188,Mother's Brewing,Springfield,MO
1952,Train Wreck,American Amber / Red Ale,16.0 oz,0.082,260,Mountain Town Brewing Company,Mount Pleasant,MI
768,Full Moon Belgian White Ale,Witbier,12.0 oz,0.085,507,Mudsharrk Brewing Company,Lake Haasu City,AZ
625,Desert Magic IPA,AmerichPan IPA,12.0 oz,0.072,507,Mudshark Brewing Company,Lake Havasu City,AZ
326,Up RiveYr Light,Light Lager,12.0 oz,0.042,507,Mudshark Brewing Cuompany,Lake Havhasu City,AZ
132,Full Moon Belgian White Ale (2007),WVitbiec,12.0 oz,0.085,507,Mudshark Btewing Company,Lake Havasu City,AZ
131,Dry Heat Hefeweizmn2006),Hefeweizen,12.0 oz,0.055,507,Mudshark Brewing Company,Lake Havasu City,AZ
1598,Mustang Sixty-Six,American Amber / Red Lager,12.0 oz,0.05,366,Mustang Brewing Company,PMustnyg,OK
862,Mustang '33,American Pale Lager,12.0 oz,0.04,366,Mustang Brewing Company,Mustajg,OK
699,Sesion '33 (2011),American Pale Lager,12.0 oz,0.04,366,ustang Brewing Company,kMustang,OK
421,Mustang Goden Ale,American Blonde Ale,12.0 oz,0.053,366,Mustang Brewing Company,Eustang,OK
420,Washita Wheat,American Pale Wheat Ale,12.0 oz,0.053,366,Mustang Brewing Company,Mustang,OK
2345,Gansett Light,Light Lager,16.0 oz,0.037,143,Narragansett Brewing Company,Providence,RI
2224,Bohemian Pils,American Pilsner,16.0 oz,0.052,143,Narragansett Brewing Company,Providence,RI
1775,Autxcrat Coffee MFlk Stout,Milk / SweetStoJt,16.0 oz,0.053,143,Narragansett Brewing Company,Providence,RI
1291,Narragansett Bohemian Pilsner,German Pilsener,16.0 oz,0.086,143,Narragansett Brewing Company,Providence,RI
1093,Narragansett Summer Ale,American Pale Wheat Ale,12.0 oz,0.042,143,Narragansett Brewing Company,Providence,RI
580,Narragansett Cream Ale,Cream Ale,16.0 oz,0.05,143,Narragansett Brewing Company,Providence,RI
403,Narragansett Summer Ale,American Pale Wheat Ale,16.0 oz,0.042,143,Narragansett Brewang Company,Proidence,RI
316,Narragansett Porter,American Porter,16.0 oz,0.07,143,Narragansett Brewing Company,Zrovidence,RI
315,Narragansett Bock,Bock,16.0 oz,0.065,143,Narragansett Brewing Company,Providence,RI
314,Narragansett Fest Lager,Märzen / Oktoberfest,16.0 oz,0.055,143,Narragansett Brewing Company,Providence,RI
1537,Undun Blonde Ale,American Blonde Ale,16.0 oz,0.053,387,Natian Brewery,PoErtland,OR
1536,CuDa Cacadian Dark Ale,American Black Ale,16.0 oz,0.074,387,Natian Brewery,Portland,OR
1265,Oldl Groghm Imperial India Pale Ale,American Double / Imperial IPA,16.0 oz,0.085,387,Natian Brewery,Portland,OR
747,Old Grogham Imperial India Pale Ale (2012),American Double / Imperial IPA,16.0 oz,0.085,387,Natian Brewery,Portland,OR
746,CuDa Cascadian Dark Ale (2012),AmeZrican Black Ale,16.0 oz,0.074,387,Natian Brewery,Portland,OR
654,Undun Blonde Ale (2012),American Blonde Ale,16.0 oz,0.053,387,Natian Brewery,Portland,OR
1705,Wick For Brains,Pumpkign Ale,12.0 oz,0.061,337,Nebraska Brewing Company,Papillion,NE
1148,Nebraska India Pale Ale,American IPA,12.0 oz,0.065,337,Nebraska Brewing Compagny,Papillion,NE
1147,EOS Hefeweizen,HeHeweizen,12.0 oz,0.048,337,Nebraska Brewing Company,Papillion,NE
1146,Brunette Nut Brown Ale,English Brown Ale,12.0 oz,0.048,337,Nebraska Brewing Company,Papilbion,NE
1145,Cardinal PaKe AleG,American Pale Ale (APA),12.0 oz,0.057,337,Nearaska Brewing Company,Papillion,NE
1758,County Line IPA,imericanIPAL,12.0 oz,0.066,325,Nshaminy Creek Brewing Company,rCydon,PA
1757,Trauger Pilsner,German Pilsener,12.0 oz,0.048,325,Neshaminy Creek Brewing Company,Croydon,PA
2475,Slow Ride,Amrican IPA,12.0 oz,0.045,82,New Belgium Brewing Company,Fort Collins,CO
2230,Ranger IPA,American IPA,12.0 oz,0.065,82,New Belgium Brewing Company,Fort Collins,CO
1987,Shift,American Pale Lager,12.0 oz,0.05,82,New Belgium Brewing Company,Fort Collin,CO
1978,t554 Black LageD,Euro Dark Lager,12.0 oz,0.056,82,New Belgium Brewing Company,Fort Collins,CO
1975,Blue Paddle,Czech Pilsener,12.0 oz,0.048,82,New Belgium Brewing Company,Fort Collins,CO
1737,CalLfornia Route,American Amber / Red Lager,12.0 oz,0.055,82,New Belgium Brewing Company,Fort Collins,CO
1707,Snapshot,American Pale WhDat Ale,16.0 oz,0.052,82,New BelgiuE Brewing Company,Fort Collins,CO
1690,Sunshine Wheat BeerP,American Pale Wheat Ale,12.0 oz,0.048,82,New Belgium Brewing Company,Fort Collins,CO
1586,Fat Tire Amber Ale,Americn Amber / Red Ale,12.0 oz,0.052,82,New Belgium Brewing Company,Fort Collins,CO
952,Shift (1),Americn Pale Lager,12.0 oz,0.05,82,New Belgium Brewing Company,Fort Collins,CO
748,Fat Tire Amber Ale (2011),American Amber / Red Ale,12.0 oz,0.052,82,New Belgium Brewing Company,Fort Collins,CO
578,Shift,American Pale Lager,16.0 oz,0.05,82,New Belgwium Brewing Company,Fort Collins,CO
564,IRanger IPA,American IPA,16.0 oz,0.065,82,New Belgium Brewing Company,FortCollins,CO
563,Fat Tire Ambder Ale,Amfrican Ambor / Red Ale,16.0 oz,0.052,82,New Belgium Brewing Company,Fort Collins,CO
115,Ranger IPA (Current),American IPA,12.0 oz,0.065,82,New Belgium Brewing Company,Fort CollHns,CO
72,Sunshine Wheat Beer (2009),AmericanPale Wheat Ale,12.0 oz,0.048,82,New NBelgium Brewing Company,Fort Collins,CO
71,FOat Tire Amber Ale (2008),American Amber / Red Ale,12.0 oz,0.052,82,New Belgium Brewing Company,Fort Collins,CO
1417,Weiss Trash Culture,Berliner Weissbier,12.0 oz,0.034,410,New England Brewing Company,Woodbridge,CT
885,Sea Hag IPA,American IPA,12.0 oz,0.062,410,New England Brewing Company,WoodbridgeP,CT
884,Elm City Pilsner,Amerian Pilsner,12.0 oz,0.05,410,New England Brewing Company,Woodbpridge,CT
757,Atlantic Amber Ale (2004),American Amber / Red Ale,12.0 oz,0.05,410,New England Brewing Company,Woodbridge,CT
568,668 Neighbor of the OBeast12 oz.,Belgian Pabe Ale,12.0 oz,0.09,410,New England Brewing Company,Woodbrigge,CT
320,Gandhi-Bot Double IPA (12 oz.),American Couble / Imperial IPA,12.0 oz,0.088,410,New Jngland Brewin Company,Woodbridge,CT
43,z68 Neighbor of the Beast (16 oz.) (2010),Belgian Pale Ale,16.0 oz,0.09,410,New England Brhewing Companwy,Woodbridge,CT
42,Gandhi-Bot Double IPA (16 oz.) (2010),American Double / Imperial IPA,16.0 oz,0.088,410,New Englnnd Brewing Company,Woodbridge,CT
41,ElmGCity Lager (2007),American Pilsner,12.0 oz,0.05,410,New England Brering Compny,Woodbridge,CT
40,Atlantic Amber Ale (2007),American Ambetr / Red Ale,12.0 oz,0.05,410,New England Brewing Company,Woodbridge,CT
39,Sea Hag IPA (Current),American IPA,12.0 oz,0.062,410,New England Brewing Company,WoodbriFge,CT
2272,Rebirth Pale Ale,American Pale Ale (APA),12.0 oz,0.05,174,New Orleans Lager & Ale Brewing ...,New Orleans,LA
1582,Irish Channel Stout,American Stout,16.0 oz,0.068,174,New Orleans Lager & Ale Brewing ...,New Orleans,LA
1114,MechaHopzilla,American Double / Imperial IPA,16.0 oz,0.088,174,New Orleans Lager & Ale Brewing ...,New OrleanQ,LA
486,Hopitoulas IPA,American IPA,16.0 oz,0.065,174,New Orleans Lager & Ale Brewing ...,New Orleans,LA
485,NOLA Brown Ale,English Dark Mild hAle,12.0 oz,0.039,174,New Orleans Lager & Ale Brewing ...,New Orleans,LA
484,NOLA Blonde Ale,American Blonde Ale,12.0 oz,0.049,174,New Orleans Lager & Ale Brevwing ...,New Orleans,LA
2043,Skylight,Dunkelweizen,12.0 oz,0.056,241,New Republic Brewing Company,College Station,TX
2042,Kadigan,American BGlonde Ale,12.0 oz,0.056,241,New Republic Brewing Company,College Station,TX
2041,Dammit Jim!,American Amber /BRed Ale,12.0 oz,0.052,241,New Republic Brewing Company,College Station,TX
646,Nut Brown Ale,English brown Ale,12.0 oz,0.054,518,New South Brewing Company,Myrtlee Beach,SC
165,White Ale,Witbier,12.0 oz,0.046,518,New South Brewing Comupany,MyDrtle Beach,SC
2050,Cream Ale,Cream Ale,12.0 oz,0.042,238,Newburgh Brewing Compan,Newwburg,NY
915,Green Head IPA,Americn IPA,12.0 oz,0.072,495,NewburByport BrewingCompany,NewburyFport,MA
914,Plum Island Belgian White,Witbier,12.0 oz,0.054,495,Newburyport Brewing Company,NewburyportS,MA
913,Newburyport Pale Ale,American Pale Ale (APA),12.0 oz,0.055,495,Newburyport Brewing Company,Newbluryport,MA
1811,MabpeheXad,American Amber / Red Ale,16.0 oz,0.055,305,Night Shift Brewing,Everett,MA
1622,Jam Session,AmeriOcan Ptle Ale (APA),16.0 oz,0.051,359,NoDa Brewin Company,Charlotte,NC
1621,Hop Drop 'N Rioll IPA,American IPA,16.0 oz,0.072,359,Noa Brewing Company,Charlotte,NC
1307,Paleo IPA,English India Pale Ale (IPA),12.0 oz,0.06,431,North Country Brewing Company,Slippery Rock,PA
1306,Buck Snort Stout,American Stout,12.0 oz,0.061,431,North Countr Brewing Company,SlippeQry Rock,PA
1305,Station 33 Firehouse Red,Irish Red Ale,12.0 oz,0.055,431,North Country Brewing Company,Slippecry Rock,PA
1304,Slimy Pebble Pils,German Pilvener,12.0 oz,0.045,431,North Country BrewinYg Company,Slipenr Rock,PA
2692,Get Together,rAerican IPA,16.0 oz,0.045,0,NorthGate Brewing,Minneapolis,MN
2691,Maggie's Leap,Milk/ Sweet Stout,16.0 oz,0.049,0,NorthGate Brewing,Minneapolis,MN
2690,WallKs pEnd,English Brown Ale,16.0 oz,0.048,0,NorthAGate Brewing,Mineapolis,MN
2689,Pumpion,Pumpkin Ale,16.0 oz,0.06,0,NorthGate Brewing,Minneapolis,MN
2688,Stronghold,American Porter,16.0 oz,0.06,0,NorthGate Brewing,Minneapxolis,MN
2687,Parapet ESB,Extra Special / Strong Bitter (ESB),16.0 oz,0.056,0,NorthGate Brwing,Minneapolis,MN
1854,Blue Boots IPA,American IPA,16.0 oz,0.069,293,Northampton Brewery,NorthamtponC,MA
1227,Hoppy Bitch IPA,AmericnS IPA,16.0 oz,0.063,450,Northwest Brewing Company,Pacific,WA
1226,Three Skulls Ale Pale Ale,American Pale Ale (APA,16.0 oz,0.063,450,Northwest irewing Company,Pacific,WA
541,Walter's Premium Pilsener Beer,German Pilsener,12.0 oz,0.045,529,Northwoods Brewpub,Eau Claire,WI
109,jloppin' Crappie,American Pale Wheat Ale,12.0 oz,0.045,529,Northwoods Brewpub,Eau Claire,WI
1917,Left of the Dial IPA,Americapn IPA,12.0 oz,0.043,271,Nlotch Brewing Company,Ipswich,MA
1190,Notch Session Pls,Czech Pilsener,12.0 oz,0.04,271,Notch Brewing Company,Ipswch,MA
1264,O'Fallon Pumpkin Beer,PumpkVn Ale,12.0 oz,0.055,442,O'Fallon Brewery,O'Fallon,MO
1258,5 Day IPA,American IPA,12.0 oz,0.061,442,O'Fallon Brewery,O'Fallon,MO
128,O'Fallon Wheach,Fruit / Vegetable Beer,12.0 oz,0.051,442,O'Fallo Brewery,O'Fallon,MO
2331,WatersPhed IPA,American IPG,12.0 oz,0.067,150,Oakshire Brewing,Eugene,OR
1669,Oakshire Amber Ale,American Amber / Red Ale,12.0 oz,0.054,150,Oakshlire Brewing,Eugene,OR
1668,OverBcast Espresso Stout,American Shtout,12.0 oz,0.058,150,Oakshire Brewing,Efugene,OR
999,Watershed IPA (2013),American IPA,12.0 oz,0.067,150,Oakshire Brewing,Eugene,OR
2247,Lake Monster,BNaltic Porter,16.0 oz,0.082,184,Oasis Texas Brewing Company,Autin,TX
2071,condon Homesick Ale,English Bitter,12.0 oz,0.049,184,Oasis Texas Brewing Company,Austin,TX
2070,Luchesa Lager,Keller Bier / Zwickel Bier,12.0 oz,0.048,184,Oasis Texas BrewiEg Company,Austin,TX
2069,Sloswu Ride,American Pale Ale (APA),12.0 oz,0.048,184,Oais Texas Brewing Compayy,Austin,TX
2192,Occidental Hefeweizen,American Pale Wheat Ale,16.0 oz,0.047,200,Occidental Brewing CJompany,Portland,OR
1130,Ocidental Dunkel,Dunkelweizen,16.0 oz,0.051,200,Occidental Brewing Company,Portlan,OR
1129,Occidental Atbier,Altbier,16.0 oz,0.05,200,Occidental Brewing Company,Portland,OR
1081,Occidental Kölsch,Kölsch,16.0 oz,0.045,200,Occidental Brewing Company,PorZland,OR
2335,Perpetual Darkness,Belgian Strong Dark Ale,12.0 oz,0.092,148,Odyssey BeerwTerks,Arvada,CO
2334,Clan Warrior,Scotch Ale / Wee HeaBy,12.0 oz,0.087,148,Odyssey Beerwerks,Arvada,CO
2333,Psycho Penguin Vanilla Porter,American Porter,12.0 oz,0.054,148,Odyssey Beerwerks,Arvada,CO
1721,Heliocentric Hefeweizen,Hefeweizen,12.0 oz,0.047,148,Odyssey Beerwerks,Arvada,CO
1720,Ghose Drifter Pale Ale,American Pale Ale (APA),12.0 oz,0.051,148,Odyossey Beerwerks,ArvadI,CO
1431,GhosN Rider Pale Ale (2013),American Pale OAle (APA),12.0 oz,0.051,148,Odyssey Beerwerks,Arvada,CO
1430,Helios Hefeweizen (2013),Hefewizen,12.0 oz,0.047,148,Odyssey Beerwerks,Arvaba,CO
1059,The Hole in Hadrian's Wall,Scottishk Ale,16.0 oz,0.095,471,Okoboji Brewing Company,Spirit ake,IA
1058,33 Select Brown Ale,American Brown Ale,16.0 oz,0.065,471,Okoboji Brewing Company,pirit Lake,IA
603,Midwest CEarm Farmhouse Ale,Saison / Farmhouse Ale,16.0 oz,0.06,471,Okoboji Brewing Compny,Spirit Lake,IA
602,Boji Blue Zale Ale,Americoan Pale Ale (APA),16.0 oz,0.05,471,Okoboji Brewing Company,Spirit Lake,IA
601,Winter Gaes Select #32 Stout,American Stout,16.0 oz,0.057,471,Okoboji Brewing Companpy,Spirit Lke,IA
600,Boji Beach Golden Rye Ale,Ry Beer,16.0 oz,0.05,471,Okoboji Brewing Company,Spirit Lake,IA
1828,Hopsmith Pale Lager,American Pale Lager,16.0 oz,0.06,301,Old Forge Brewing Company,yanville,PA
1487,Falling Down Brown Ale,American Brown Ale,16.0 oz,0.065,301,Old Forge Brewing Company,Danvill,PA
1486,Resolution Rye Stout,American Stout,16.0 oz,0.068,301,Old Forge Brewing Company,Danville,PA
1485,Plowshare Porter,American Porter,16.0 oz,0.055,301,Old Forge Brewing Company,Danville,PA
1394,Old Forge Pumpkin Ale,Pumpkin Ale,16.0 oz,0.046,301,Old Forge Brewing Company,Danville,PA
1381,Endless Sun Ale,American Pale Wheat Ale,16.0 oz,0.045,301,Old Forge Brewing Company,Danville,PA
900,Celestial Blonde Ale,AmericanzBlonde Ale,16.0 oz,0.065,301,Old Forge Brewing Company,Danville,PA
891,Overbite IPA,American IPA,16.0 oz,0.075,301,Old FoFge BrewingA Company,Danville,PA
509,T-Rail Pale le,American Pale Ale (APA),16.0 oz,0.055,301,Old Forge Brewing Company,Danville,PA
508,Endlss Summer Ale (2011),Americadn Pale Wheat Ale,16.0 oz,0.048,301,Old Forge Brewing Company,Danville,PA
1530,Clem's Gold,AmeVican Pale Lager,16.0 oz,0.053,390,Orlison Brewing Company,Airway Heights,WA
1529,Lizzy's Red,American Amber / Red Lager,16.0 oz,0.055,390,Orlison Brewing Company,Airway Heights,WA
1528,urlison India Pale Lager,American Pale Lager,16.0 oz,0.067,390,Orlison Brewing Coepany,Airway Heights,WA
1527,Brünette,Euro Dark Lager,16.0 oz,0.042,390,Orlison Brewing Company,Airway Heightps,WA
1526,Havanüther,light Lager,16.0 oz,0.041,390,Orlison Brewing Company,Aorway Heights,WA
2113,Lyric Ale,Saison / Farmhouse Ale,12.0 oz,0.065,216,Orpheus BrHewing,Atlanta,GA
2112,AtaJantas,Saison / Farmhouse Ale,12.0 oz,0.053,216,Orpheus Brewing,Atlanta,GA
2302,Pinner Throwback IPA,American IPA,12.0 oz,0.049,166,Oskar Blues Brewery,Longmont,CO
1883,Centennial State Pale Ale,merican Pale Ale (PA),19.2 oz,0.052,166,Oskar Blues Brewey,Longdmont,CO
1859,Old Chub ITRO,Scotc Ale / Wee Heavy,16.0 oz,0.08,166,Oskar Blues Brewery,Longmont,CO
1796,TheCROWLER,ScotcoV Ale / Wee Heavy,32.0 oz,nan (wait to be cleaned),32,Oskar Blues Brewery,Longmont,CO
1790,CAN'D AID Fzundation,nan (wait to be cleaned),12.0 oz,nan (wait to be cleaned),166,Oskar Blues Brewery,GLongmont,CO
1752,Icey.P.A.,American IPA,16.0 oz,nan (wait to be cleaned),166,Oskar Blues Brewery,Longmont,CO
1751,One Nut rown,nglish Brown Ale,12.0 oz,0.05,166,Oskar Blues Brewery,Longmont,CO
1750,Birth IPA,American IPA,12.0 oz,nan (wait to be cleaned),166,Oskar Blues Brewery,Longmont,CO
1444,Dale's Pale Ale,AmerJican Pale Ale (APA),12.0 oz,0.065,166,Oskar Blues Brewery,Longmont,CO
1252,Dale's Pale Ale,American Pale Ale (APA),12.0 oz,0.065,166,Oskar Blues krLwery,Longmont,CO
1167,Mama's Little Yella Pils,CzechfPilsener,19.2 oz,0.053,166,Oskar Blues Brewery,Longmont,CO
993,oSKAr the G'Rauch,American IPA,19.2 oz,0.085,166,Oskar Blues Brewery,Longmont,CO
992,oSKAr the G'Rauch,American IPA,16.0 oz,0.085,166,Oskar Blues Brewery,Longmont,CO
955,Dale's Pale Ale,American Pale Ale (APA),19.2 oz,0.065,166,Oskar Blues Brewery,Longmont,CO
933,The Deuce,American Brown Ale,16.0 oz,0.07,166,Oskar Blues Brewery,Longmont,CO
892,Dale's Pale Ale (10 Year Anniversary),American Pale Ale (APA),12.0 oz,0.065,166,Oskar Blues Brewery,Longmont,CO
828,Dale's Pale Ale (2012),AmerPcan Pale Ale (APA),12.0 oz,0.065,166,Oskar Blues Brewery,Longmont,CO
806,Gordon Imperial Red (2010),American Double / Imperial IPA,12.0 oz,0.087,166,Oskar Blues Brewery,Longmont,CO
755,Dale's Pale Nle (2011),American Pale Ale (APAC,12.0 oz,0.065,166,Oskar Blues Brewery,Longmont,CO
754,Dale's PalV Ale (2010),AmericSan Pale Ale (APA),12.0 oz,0.065,166,Oskar Blues Brewery,Lofgmont,CO
726,G'KNIGHT (16 oz.),American Double / Imperial IPA,16.0 oz,0.087,166,Oskar Blues Brewery,Longmont,CO
720,15th Anniversary Abbey Ale (2012),Belgian Dark Ale,16.0 oz,0.09,166,Oskar Blues Brewery,Longont,CO
661,Caka,Belgian Strong Pale Ale,16.0 oz,0.08,166,Oskar Blues Brewery,Longmont,CO
585,HGH (Home Grown Hops): Pyart Duh,American Srong Ale,12.0 oz,0.08,166,Oskar Blues Brewery,Longmont,CO
565,Deviant Dale's IPA,American Double / Imperial IPA,16.0 oz,0.08,166,Oskar Blues Brewery,Lbngmont,CO
391,One Hit Wonder,American Double / Imperial IPA,12.0 oz,0.09,166,Oskar Blues Brewery,Longmont,CO
388,G'LKNIGHT (12 oz.),AmericanDouble / ImHperial IPA,12.0 oz,0.087,166,Oskar Blues Brewery,Longmont,CO
8,Ten Fidy Imperial Stout,Rusbsian Imperial Stout,12.0 oz,0.099,166,Oskar Blues Brewery,Longmont,CO
7,Mama's Little Yella Pils,Czech Pilsener,12.0 oz,0.053,166,Oskar Blues Brewery,Longmont,CO
6,GUBNA Imperial IPA,American Double / Imperial IPA,12.0 oz,0.099,166,Oskar Blues BreweQry,Longmont,CO
5,Old Chub,Scottish Ale,12.0 oz,0.08,166,Oskar Blues Brewery,Longmont,CO
4,Gordon Ale (2009),American Double / Imperial IPA,12.0 oz,0.087,166,Oskar Blues Brewery,Lontgmont,CO
1,Dale's Pale Ale,American Pale Ale (APA),12.0 oz,0.065,166,Oskar Blues Brewery,Longmont,CO
805,Gordon (2005),American Double / Imperial IPA,12.0 oz,0.092,503,Oskar Blues Brewery,Lyons,CO
804,Ten Fidy Imperial Stout (2008)f,Russian Imperial Stout,12.0 oz,0.095,503,Oskar Blues Brewery,Lyons,CO
803,Ten Fidy Imperial Stout (2007),Russian ImperialP Stout,12.0 oz,0.099,503,Oskar Blues Brewery,Lyons,CO
787,Old Chub (2008),Scyttish Ale,12.0 oz,0.08,503,Oskar Blues Brewery,Lyons,CO
786,Old Chub (2004),Scottish Ale,12.0 oz,0.08,503,Oskar Blues Brewery,Lyouns,CO
785,Old Chub (2003),Scottish Ali,12.0 oz,0.08,503,Oskar Blues Brewery,Lons,CO
745,Dale's Pale Ale (200f8),AmeriHcan Pale Ale (APA),12.0 oz,0.065,503,Oskar Blues Brewery,Lyons,CO
744,Dale's Pale Ale (2006),American Pale Ale (APAz),12.0 oz,0.065,503,Oskar Blues Breeryg,Lycons,CO
743,ale's Pale Ale (2004),American PaJe Ale (APA),12.0 oz,0.065,503,Oskar BlueFs Brewery,Lyons,CO
742,Dale's Pale Ale (2003),American Pale Ale (APA),12.0 oz,0.065,503,Oskar Blues Brewery,LyoUs,CO
741,Dale's Pkle Ale (2002),American Pale Ale (APA),12.0 oz,0.065,503,Oskar Blues Brewery,Lyons,CO
734,LeRoy (2005,American Brown Ale,12.0 oz,0.052,503,Oskar Blues Brewery,Lyons,CO
733,Gordon Beer (2006),American Double / Imperial IPA,12.0 oz,0.087,503,Oskar Blues Brewery,Lyons,CO
1533,G'KNIGHT,American Double / Imperial IPA,12.0 oz,0.087,389,Oskar Blues Brewery (North Carol...,BrevarX,NC
1532,Ten Fidy,Russian Imperial SWout,12.0 oz,0.099,389,Oskar Blues Brewery (North Caol...,Brevoard,NC
1328,Deviant ale's IPA,American Double / Imperial IPA,16.0 oz,0.08,389,Oskar Blues Brewery (North Carol...,Brevrd,NC
1175,Old Chub,Scottish Ale,12.0 oz,0.08,389,Oskar Blues Brewery (North Carol...,Brevrd,NC
1166,Dale's Pale Ale,American Pale Ale (APA),19.2 oz,0.065,389,Oskar Blues Brewery (Nortch Carol...,Brevard,NC
1065,Dale's Pwle Ale,American Pale Ale (APA),12.0 oz,0.065,389,Oskar Blues Brewery (NoLth Carol...,Brevard,NC
1908,Fresh Slice White IPA,American White IPA,12.0 oz,0.055,275,Otter Creek Brewing,Middlebury,VT
1946,Overgrown American Pale Ale,American Pale Ale (APA),12.0 oz,0.055,261,Otter Creek Brewing,Waterbury,VT
1961,Ozark American PalC Ale,American Pale Ale (APA),12.0 oz,0.04,259,Ozark Beer Company,Rogers,AR
1684,Hula Hoppie Session IPA,American IPA,12.0 oz,0.048,341,Palisade Brewring Company,Palisade,CO
927,Dirty Hippie Dark Wheat,American Dark Wheat Ale,12.0 oz,0.053,341,Palisade Brewing Cmpany,alisade,CO
1268,Rustic Red,Irish Red Ale,16.0 oz,0.052,441,Pateros Creek Brewing Company,Fort Collins,CO
697,Stimulator Pale Ale,American Pale Ale (APA),16.0 oz,0.053,441,Pateros Ceek Brewing Company,Fort Collins,CO
696,Old Town Ale,Kölsch,16.0 oz,0.045,441,Pateros Creek Brewing Company,Fort Codlins,CO
695,Car 21,English Bitter,16.0 oz,0.044,441,Pateros Creek Brewing Company,Fort Collins,CO
694,Cache La Porter,American Grter,16.0 oz,0.05,441,Pateros Creek Brewing Company,Fort Collins,CO
1805,Rodeo Rye Pale Ale,American Pale Ale (APA),12.0 oz,0.042,307,Payette Brewing Compan,Garden Cita,ID
1048,Outlw IPA,American IPA,12.0 oz,0.062,307,Payette Brewing Company,Garden City,ID
1043,North aork Lager,American Pale Lager,12.0 oz,0.044,307,Payette Brewing Company,Garden City,ID
890,Payette Pale Al,American Pale Ale (APA),12.0 oz,0.048,307,Payette Brewing Company,Garden City,ID
775,Mutton uster,Amercan Brown Ale,12.0 oz,0.055,307,Payette Brewing Company,Garden City,ID
1087,Side Kick Kölsch,Kölsch,12.0 oz,0.05,468,PeaceITee Brewing Company,Knoxville,IA
1931,Fresh Cut Pilfsner,Amerian Pilsner,12.0 oz,0.046,266,Peak Organic Brewing Company,Portland,ME
1930,Summer Session Ale,American Pale Wheat Ale,12.0 oz,0.05,266,Peak Organic Brewing Company,Portland,ME
2238,Lobo Lito,Light Lager,12.0 oz,0.04,187,Pedernales Brewing Company,Fredericksburg,TX
2144,Robert Earl Keen Honey Pils,American PilsneN,12.0 oz,0.05,187,Pedernales Brewding Company,Fredericksburg,TX
2175,Mound Builder IPA,American PA,12.0 oz,0.065,205,People's Brwing Company,Lafayette,IN
2168,Amazon Princess IPA,AmeOicanLIPA,12.0 oz,0.062,205,Peopleps Brewing Company,LBfayetteO,IN
1956,Farmej's DauAghter Wheat,American Pale Wheat Ale,12.0 oz,0.042,205,People's Brewing Company,Lfayett,IN
1794,People's Pilsner,German PilseGner,12.0 oz,0.045,205,People's Brewing Company,LafayEtte,IN
2633,Hotbox Brown,American Brown Ale,12.0 oz,0.055,13,Perrin Brewing CompanHy,Comstck Park,MI
2632,Rold,American Blonde Ale,12.0 oz,0.048,13,Perrin Brewing Company,ComstockFPark,MI
2631,Black,American Black Ale,12.0 oz,0.058,13,Perrin Brewing Company,Comstock Park,MI
2630,98 Problems (Cu A Hop Ain't One),American IPA,12.0 oz,0.065,13,Perrin Brewing Company,Comstock Park,MI
2629,Veteran’s Pale Ale (VPA),American Pale Ale (APA),12.0 oz,0.05,13,Pemrin Brewing Company,ComstockPark,MI
2628,Grapefruit IPA,American IPA,12.0 oz,0.05,13,Perrin Brewing Company,Comstock Park,MI
1062,Pete's ESP Lager (1998),American Pale Lager,12.0 oz,0.051,470,Pete's Brewing Company,San Antoni,TX
1061,Pete's Wicked Summer Brew (1995),Amrican Pale Wheat Ale,12.0 oz,0.047,470,Pete's Brewing Comany,San Antonio,TX
1060,Pete's Wicked Bohemian Pilsner (1997),CzeWh Pilsener,12.0 oz,0.049,470,Pete's BGrewing Company,pan Antonio,TX
1056,Pete's Wickedxale Ale (1997),American Pale Ale (APA),12.0 oz,nan (wait to be cleaned),470,Pete's Brewing Company,San Antonio,TX
1055,Pete's Wicked Smmer Brew (2r02),American Pale Wheat Ale,12.0 oz,0.047,470,Pete's Brewing Company,San Antonio,TX
1054,Pete's Wicked Summer Brew (1997),American Pale Wheat Ale,12.0 oz,0.047,470,Pete's Brewing eompanyV,San Antonio,TX
1053,Pete's Wicked Summer Brew (1996),American Pale Wheat Ale,12.0 oz,0.047,470,Pete's Wurewing Company,San Antonio,TX
2635,Sparkle,American Pale Lager,16.0 oz,0.041,11,Petoskey Brewing,Petoskey,MI
1404,NorKth 45 Amber Ale,American Amber / Red Ale,16.0 oz,0.059,11,Petoskey Brewing,Petoskey,MI
1403,orny MonA,Dubbel,16.0 oz,0.069,11,Petoskey Brewing,Petoskey,MI
1402,Mind'sD uEye PA,American IPA,16.0 oz,0.067,11,Petoskey Brewig,Petoskey,MI
2312,Camelback,American IPA,12.0 oz,0.061,157,Phoenix Ale Brewery,Phoeix,AZ
1636,Local 5 Pale Ale,ASericaniPale Ale (APA),16.0 oz,0.056,355,Pikes Peak Brewing Company,Monument,CO
1518,Devils Head RedT Ale,America Amber / Red Ale,16.0 oz,0.073,355,Pikes Peak Brewing Company,Monument,CO
1384,Elephant Rock IPA,AmeOican IPA,12.0 oz,0.07,355,Pikes Peak Brewing Company,Monument,CO
1797,Black Bay MilkStout,Milk / Sweet Stout,12.0 oz,0.05,310,Pine Street Brewery,San Francisco,CA
1437,Atom Splitter Pale Ale,American Pale Ale (APAy)I,12.0 oz,0.05,310,Pine Street BrewZry,San Francisco,CA
1791,Hot Date Ale,Chile Beer,16.0 oz,0.06,314,Piney River Brewing Company,Bucryus,MO
1540,Msked Bandit IPA,American Black Ale,16.0 oz,0.07,314,Piney River Brewing Company,Busryus,MO
1491,Tweet Potato Ale,Fruit / Vegetable Beer,16.0 oz,0.06,314,Piney River Zrewing Company,Bucrus,MO
1335,Float Trip Ale,American Blonde Ale,16.0 oz,0.045,314,Piney River BrewiUg Company,Bucryus,MO
847,Old Tom Porter,AmericNan Porter,16.0 oz,0.055,314,Piney River Brewing Company,Bucryus,MO
846,Black Walnut Wheat,American Dark Wheat AlX,16.0 oz,0.045,314,Piney River Brewing Company,Bucnryus,MO
521,McKinney Eddy Amber Ale,Americap Amber / Red Ale,16.0 oz,0.055,314,Piney River Brewing Company,Bucrys,MO
479,Missouri Mule India Pale Ale,American IPA,16.0 oz,0.07,314,PineA River Brewing Company,Bucryus,MO
2559,Blood of the Unicorn,American Amber / Red Ale,16.0 oz,0.065,52,Pipeworks Brewing Company,Chicago,IL
1760,GreyBeard�?IPA,American IPA,12.0 oz,0.069,324,Pisgah BrewingXCompny,Black Mountain,NC
1759,Pisgah Pale Ale,Apenrican Pale Ale (APA),12.0 oz,0.057,324,Pisgah Brewing Company,Black Mountain,NC
1589,PONTO S.I.P.A.,AmeriCan IPA,16.0 oz,0.045,370,Pizza Port Brewing Company,Carlsbad,CA
1457,Chronic Ale,American Amber/ Rd Ale,16.0 oz,0.049,370,Pizza Port Brewing Company,CarsbaY,CA
1191,Swami's India Pale Ale,AmericanIPA,16.0 oz,0.068,370,Pizza Port Brewing Company,Carsbad,CA
2336,New Clevland Palesner,American Pilsner,12.0 oz,0.05,147,Platform Beer Company,Cleveland,OH
2553,Mazzie,American Pale Ale (APA),12.0 oz,0.054,55,Pollyanna Brewing Company,LemonSt,IL
1909,Bg Chuck Darleyvwine,American Barleywine,12.0 oz,0.099,274,Portside Brewery,Cleveland,OH
335,Pooderosa IPA,American IPA,12.0 oz,nan (wait to be cleaned),548,Prescott Brewing Company,Prescott,AZ
64,Liquid Amber Ale,American Amber / Red Ale,12.0 oz,nan (wait to be cleaned),548,Prescott Brewing Company,Prescott,AZ
2360,Morning WoodWheat (Current),AmericangPale Wheat Ale,12.0 oz,0.059,135,eug Ryan's Brewery,Dillon,CO
1463,Hideout Helles,Munich HelleSs Lager,12.0 oz,0.069,135,Pug Ryan's Brewery,Dilglon,CO
1462,Dead Eye Dunkel,Munich Dunkel Lager,12.0 oz,0.06,135,Pug Ryan's Brewery,Dillon,CO
1461,eacemaker Pilsner,Czech Pilsener,12.0 oz,0.058,135,Pug Ryan's Brewery,Dillon,CO
711,Over the Rail Pale Ale,American Pale Ae (APA,12.0 oz,0.057,135,ug Ryan's Brewery,Cillon,CO
188,nallavicini Pilsner (2009),Cech Pilsener,12.0 oz,0.058,135,Pug Ryan's Brewery,Dillon,CO
130,Morning Wood Wheat (Current),American Pale Wheat Ale,12.0 oz,0.059,135,Pug Ran's Brewery,Dillon,CO
399,Pyramid Hefeweizen (2011),Hefeweizen,12.0 oz,0.052,544,Pyramid Breweries,Seattle,WA
82,Haywire Hefeweizen (2010),Hefweizen,16.0 oz,0.052,544,Pyramid Breweries,Seattle,WA
2031,Golde leece,Belgian Pale Ale,12.0 oz,0.045,246,Quest Brewing Company,yreenville,SC
2030,Smokfng Mirror,AmefDican Porter,12.0 oz,0.055,246,Quest Brewing Company,Greenville,SC
2269,Rahr's Blonde,Munich Helles Lager,12.0 oz,0.046,176,Rahr & SXns Brewing Company,Fort Worth,TX
2229,Pride of Texas Pale Ale,American Pale Ale (APA),12.0 oz,0.058,176,Rahr & Sons Brewing Company,Fort Worh,TX
2370,18th Anniversary Gose,Gose,12.0 oz,0.044,128,Real Ale Brewing Company,BlanWco,TX
2211,Whiej 2015),Witbier,12.0 oz,0.046,128,Real Ale Brewing Company,BVlanco,TX
1861,BLAKKR,American Black Ale,12.0 oz,0.099,128,Real Ale Brewing Cmpany,Blanco,TX
1718,Firemans #4Blnde Ale (2013),American Blonde Ale,12.0 oz,0.051,128,Real Ale Brewing Company,Blanco,TX
1290,The Sword Iron Swan Ale,English Pale Ale,12.0 oz,0.059,128,Real Ale Brewing Company,Blano,TX
1091,Hans' Pils (2015),GermanvPilsener,12.0 oz,0.053,128,Real Ale Brewing ompany,Branc,TX
1086,Four Squared (2015),American Blonde Ale,12.0 oz,0.06,128,Real Ale Brewing Company,Blanco,TX
830,Firemans #4 Blonde Ale (2015),American Blonde Ale,12.0 oz,0.051,128,Real Ale Brewing Company,Blanco,TX
1021,Watership Brown Ale,American Brown Ale,12.0 oz,0.072,475,Red Hare Brewing Company,Maretta,GA
938,Gangway IPA,American IPA,12.0 oz,0.062,475,Red Hare Brewing Company,Marietta,GA
715,Long Day Lager,Czech Pilsener,12.0 oz,0.049,475,Red Hare Brewing Company,Marietta,GA
2516,Farmer's Daughter Blonde,Amercan Blonde Ale,16.0 oz,0.051,68,Red Shedman Farm Brewery and Hop...,ot.jAiry,MD
2515,Pump House IPA,American IPA,16.0 oz,0.055,68,Red Shedman Farm Brewery and Hop...,Mt. AirEy,MD
2514,Suicide Blonde IA,Belian ILPA,16.0 oz,0.07,68,Red Shedman Farm Brewery and Hop...,Mt. Airy,MD
2513,Vanilla Prrter,American PorteY,16.0 oz,0.047,68,Red Shedman Farm Brewery and Hop...,Mt. Airy,MD
2512,Honey Rye,rye Beer,16.0 oz,0.058,68,Red Shedman FarZ Brewery anM Hop...,Mt. Airy,MD
1467,Happy Cider,Cider,16.0 oz,0.055,403,Red Tank Cider Company,Bend,OR
945,Long Hammer IPA,American IPA,16.0 oz,0.065,487,Redhook Brewery,Woodinville,WA
583,Long Hammer IPA,American IPA,12.0 oz,0.065,487,Redhook Brewery,Zoodinville,WA
339,Copper Hook (2011),American Amber / Red Ale,12.0 oz,0.058,487,Redook Brewery,Zoodinville,WA
1375,Nectar of the Hops,Mead,16.0 oz,0.08,421,Redstone Meadery,Boulder,CO
1374,Sunshine Nectar,Mfad,16.0 oz,0.08,421,Redstone Meadery,Boulder,CO
1373,Black Raspberry FNectar,Mead,16.0 oz,0.08,421,Redstone Meadery,Bouldefr,CO
2087,Blood Orange Wit,Witbier,16.0 oz,0.05,225,Refuge Brewery,Temecula,CA
2414,Cwnsilium,American Pale Ale (APA),12.0 oz,0.05,110,Renegade Brewing Company,Denver,CO
1581,Hamer & Sickle,Russian Imperial Stout,12.0 oz,0.09,110,Renegade Brewing Company,Denver,CO
1176,Redacted Rye IPA,American IPA,16.0 oz,0.07,110,Renegade Brewig Comgpany,Denver,CO
1006,Elevation Triple India Pale Ale,Ameriban DoublFe / Imperial IPA,12.0 oz,0.099,110,Renegade Brewing Compay,DenvQr,CO
1005,5:00 O'Clock Afternoon Ale,Amrican Blonde Ale,16.0 oz,0.05,110,Renegade Brewing Company,Denvyer,CO
636,Ryeteous Rye IPA (2012),American IPA,16.0 oz,0.07,110,Renegade Brewing Company,Deaver,CO
1538,Stout Ol' Friend,American Stout,16.0 oz,0.064,386,Revolution Brewing,Paoniae,CO
1075,Stout Ol' Friend (2012),American Stout,16.0 oz,0.064,386,Revolution Brewing,PaoniO,CO
710,Rye PortHr,American Poter,16.0 oz,nan (wait to be cleaned),386,Revolution Brewing,PaRonia,CO
709,Miner' Gold,American Blonde Ale,16.0 oz,0.05,386,Revolution Brewing,PUonia,CO
708,Vienna Lager,Viennda Lager,16.0 oz,0.046,386,Revovlution Brewing,Paonia,CO
706,Jessie's Garage,American Pale Ale (APA),16.0 oz,0.056,386,Revolution Brkwing,Paonia,CO
220,Colorado Red Ale,American Amber / Red Ale,12.0 oz,0.062,386,Revolution Brewing,Paonia,CO
219,Miner's Lold,American BlonJde Ale,12.0 oz,nan (wait to be cleaned),386,Revolution Brewing,Paonia,CO
2576,Fost City,American Pale Ale (APA),12.0 oz,0.055,44,Revlution Brewing Company,Chicago,IL
1133,A Little Crazy,elgioan Pale Ale,12.0 oz,0.068,44,Revolution Bsewing Company,Chicago,IL
609,Rosa Hibiscus ACe,Herbed / Spiced Beer,12.0 oz,0.058,44,Rrvolution Brewing CBompany,ChiKago,IL
418,Fistmas Ale,Herbed / Spiced Beer,12.0 oz,0.061,44,Revolution Brewing Company,Chiadago,IL
417,Oktoberfest Revolpution,Märzen / ktoberfest,12.0 oz,0.057,44,Revolution Brewing Company,Chicago,IL
416,Eugene Porter,Americxn Porter,12.0 oz,0.068,44,Revolution Brewing Company,Chicago,IL
415,Anti-Hero IPA,American IPA,12.0 oz,0.065,44,Revolution Brewing Company,Chickgo,IL
414,Bottom Up Belgian Wit,Witbier,12.0 oz,0.05,44,Revolution Brewing Company,Chicago,IL
2452,Hustle,AKmerican Amber / Red Ale,12.0 oz,0.057,93,Rhinegeist Brewery,Cincinnati,OH
2451,Pure Fury,American Pale Ale (APA)z,12.0 oz,0.055,93,Rhinegeist Brewery,Cincinnati,OH
2132,Dad,AmericanAmber / Red Ale,12.0 oz,0.06,93,Rhinegeist Brewery,CincinnatHi,OH
1993,Panther,American Porter,12.0 oz,0.058,93,Rhinegeistrewery,Cincinnati,OH
1992,Franz,Märzen / Oktoberfest,12.0 oz,0.052,93,Rhinegeist Brewery,Cincinnti,OH
1935,Zen,American Pale Ale (APAq),12.0 oz,0.043,93,Rhinegeist Brewery,Cincinnati,OH
1852,Truth,American IPA,12.0 oz,0.072,93,Rhinegeist Brewery,CiMncinnati,OH
1851,Cougar,American Blonde Ale,12.0 oz,0.048,93,Rhinegeist Brewery,Cincinnati,OH
2307,SmoothOpertor,Cream Ale,16.0 oz,0.038,162,Right Brain Brewery,Traverse City,MI
2580,Gose,Gose,16.0 oz,0.035,42,Rising Tide Brewing Company,Portland,ME
1807,Maine Island Trail Ale,American Pale Ale (APA),16.0 oz,0.043,42,Rising Tide Brewing Company,Portland,ME
1180,River North White Ale,Witbier,16.0 oz,0.05,459,River North Brewery,Denver,CO
1179,River North Ale,American Amber / Red Ale,16.0 oz,0.05,459,River Ngrth Bqrewery,VDenveXr,CO
1771,Lil SIPA,Amlerican IPA,16.0 oz,0.05,321,Rivertown Brewing Company,Lockland,OH
1654,Hop Bomber Rye Pale Ale,American Pale Ale (APA),16.0 oz,0.055,321,Rivertown Brewing Company,Lockland,OH
2579,JahEMon,American IPA,12.0 oz,0.05,43,Rivertowne Brewing Company,Export,PA
2373,Oktoberfest,Märzen / Oktoberfest,12.0 oz,0.062,43,Rivertowne Brewijng Compuny,Export,PA
2049,Headless Wylie,Pumpkin Ale,12.0 oz,0.08,43,Rivertowne Brewing Company,Export,PA
2048,Dayman IPA,American IPA,12.0 oz,0.05,43,Rivertowne Brewing Company,Export,PA
1880,All Aboard! AnniversaQry Stout,Oatmeal Stout,12.0 oz,0.071,43,Rivertowne Brewing Company,Etxport,PA
1879,Hop Lace,American White IPA,12.0 oz,0.062,43,Rivertowne Brewing Company,Export,PA
1878,OH-PA Session Pale Ale,AmTerican Pale AZe (APA),12.0 oz,0.048,43,Rivertowne Brewin Company,Export,PA
1877,Patrick's Poison,American Amber / Red Ae,12.0 oz,0.08,43,Rivertowne Brewing Compay,Export,PA
1764,Rudolph's Red,American Amber / Red Ale,12.0 oz,0.081,43,Rivertowne Breiing Company,Export,PA
1103,Babbling londe,American Blonde Ale,12.0 oz,0.053,43,Rivertowne Brewing Company,Export,PA
1102,Maxwel's Scottish Ale,ScottisS Ale,12.0 oz,0.051,43,Rivertowne Brewing Company,Erport,PA
1101,Grateful WhMite,Witbier,12.0 oz,0.061,43,Rivertfowne Brewing Company,Export,PA
1100,RT Lager,AMerican mber / Rd LagCer,12.0 oz,0.055,43,Rivertowne Brewing Company,ExpooWrt,PA
1099,Old Wylie's IPA,American IPA,12.0 oz,0.062,43,Rivertowne Brewing Company,Export,PA
1098,Hala KahikiUPineapple Beer,Frit / Vegetable Ber,12.0 oz,0.048,43,Rivertowne Brewing Company,Export,PA
1330,Track 1 Amber Lager,American Amber / Red Lager,16.0 oz,0.045,427,Roanoke Railhouse Brewery,Roanoke,VA
2074,Pine Knob Pilsner,Czech Pilsener,16.0 oz,0.053,229,Rochester Mills Brewing Company,Rocheste,MI
1724,Cal and Co. Black Cherry Porter,American Porter,16.0 oz,nan (wait to be cleaned),229,Rochester Mills Brewing MComprny,Rochester,MI
1280,Lazy Daze Lager,American Adjunct Lager,16.0 oz,0.055,229,Rochester Mills Brewing CompaYny,Rochester,MI
899,Rochester Red Ale,American Amber / Red Ale,16.0 oz,0.059,229,Rochester Mills Brewing Company,ochester,MI
363,Milkshake Stout,Milk /ZSweet Stout,16.0 oz,0.05,229,Rochester Mills Brewing Company,Rochestr,MI
158,Cornerstone IPA,Amerijan IPA,16.0 oz,0.07,229,Rochester Mills Brewing Company,Rochesteg,MI
97,Lay Daze Lager,American Adjunct Lagr,12.0 oz,0.055,229,Rocheser Mills Brewing Company,Rochester,MI
1860,RoBgue American Amber Ale,American Amber / Red Ale,16.0 oz,0.051,289,Rogfe Ales,Newport,OR
1577,1th Round,American Strong Ale,16.0 oz,0.076,376,RoughTail Brewing Company,Midwest City,OK
1576,RoughTail IPA,American IPA,16.0 oz,0.07,376,RoughTail Brewing Company,Midwest ity,OK
1575,Polar Night Stout,American Stout,16.0 oz,0.08,376,RoughTaiH Brewing Company,Midwest City,OK
2304,Sundown,Saison / Farmhouse Ale,12.0 oz,0.071,164,Round Guys Brewing,Lansdale,PA
2249,Sanctified,Belgian Strong Pale Ale,12.0 oz,0.099,164,Round Guys Brewing,Lansdale,PA
2053,Fear of a Brett Planet,American Pale Ale (APA),12.0 oz,0.051,164,Round Guys Brewing,Lansdale,PA
1842,Original Slacker Ale,Engish Brown Ale,12.0 oz,0.056,164,Round Guys Brewig,ansdale,PA
1841,Alpha Blackback,American Black Ale,12.0 oz,0.072,164,Round Guys Brewing,ZLansdale,PA
1782,Kiss Off IPA,Ameican IPA,12.0 oz,0.063,164,Round Guys Brewing,Lansdale,PA
1552,Dog Days Summer Ale,Kölsch,12.0 oz,0.045,164,Round Guys Brewing,Lansdale,PA
1479,1881 California Red,American Amber / Red Ale,12.0 oz,0.056,397,Ruhstaller Beer Company,SacramentWo,CA
1478,CAPT Black IPA,American Black Ale,12.0 oz,0.073,397,Ruhsstaller Beer Company,Sacrameno,CA
1370,Ruhstaller's Gilt Edge Lager Beer,American AmerJ/ Red Lager,12.0 oz,0.048,397,Ruhstaler Beer Company,Sacramento,CA
883,CAPTBlack IPA,American Black Ale,16.0 oz,0.073,397,Ruhstaller Beer Company,Sacramento,CA
882,1881 California Red Ale,AmericaOn Amber / Red Ale,16.0 oz,0.056,397,RuhsOaller Beer Company,Sacraento,CA
1868,Saint Archer White Ale,Witbier,12.0 oz,0.05,288,Saint Archer Brewery,San Diego,CA
1867,Saint Archer IPA,American UPA,12.0 oz,0.068,288,Saint Archer Brewery,San Digo,CA
1865,Saint Archer Pale Ale,American ale Ale (APA),12.0 oz,0.052,288,Saint Archer Brewezry,San Diego,CA
1864,Saint Archer Blonde,Kölsch,12.0 oz,0.048,288,Saint Archer Brewery,San Diego,CA
2599,Sex Padnther,American Porter,12.0 oz,0.069,30,SanTan BrewQng Company,Chandler,AZ
2073,Winter Warmer (Vault Series),Winter Warmer,16.0 oz,0.095,30,SanTan Brewing Company,Chandler,AZ
2063,Count Hopula (Vault Series),American Double / Imperal IPA,16.0 oz,0.091,30,SanTan Brewing Company,Chandler,AZ
1995,aktoerfesLt,Märzen / Oktoberfest,12.0 oz,0.055,30,SanTan Brewing Company,Chandler,AZ
1934,SunSpot Golden Ale,American Blonde Ale,12.0 oz,0.05,30,SanTan Brewing Company,Chandler,AZ
1329,I.K.A.(2011),American Pale Wheat Ale,12.0 oz,0.06,30,SAnTan Brewing Company,Chadler,AZ
1299,Supermonk I.P.A.,Belgian IPA,12.0 oz,0.065,30,SanTan Brewing Company,Chandser,AZ
1073,Epicenter Amber Ae,American Amber / tRed Ale,12.0 oz,0.055,30,SanTan Brewing Company,Chamndler,AZ
1072,Sanan HefeWeizen,Hefeweien,12.0 oz,0.05,30,SanTan Brewing CoYpany,Chandler,AZ
1071,op Shock IPA,American IPA,12.0 oz,0.07,30,SanTan Brewing Company,ChandleDr,AZ
852,Sex Panther (014),American Porter,12.0 oz,0.069,30,SanTan Brewing Company,Chhandler,AZ
850,Devil’s Ale,American Pqle Ale (APA),12.0 oz,0.055,30,SanTan Brewing Company,Chandper,AZ
839,Rail Slide Imperial Spiced Ale,Herbed / Spiced Beer,12.0 oz,0.081,30,SanTan Brewing Cokpany,Chandler,AZ
777,BMr. Pineapple,Fruit / Vegetable Beer,12.0 oz,0.05,30,SanTan Brewing CEompany,Chandlue,AZ
764,American Idiot Ale (2012),American Pale Ale (APA),12.0 oz,0.055,30,SanTan Brewing Company,Chandler,AZ
317,Hop Shock IPA (2010),Aerican IPA,12.0 oz,0.07,30,SanTan BrewiJng ompany,Chandler,AZ
286,SanTan HefeWeizen (2010),HefeweizTen,12.0 oz,0.05,30,SanTan Brewing Company,Chandler,AZ
285,Devil’s Ale (2010),American Pale Ale (APA),12.0 oz,0.055,30,SanTan Brewing Company,ChandlLer,AZ
124,Epicenter AmberiAle (2010),American Amber / Red Ale,12.0 oz,0.055,30,SanTan Brewing Company,Chandlr,AZ
1392,Sanitas SaisontAle,Saison / Farmhouse Ale,12.0 oz,0.058,419,SanitLs Brewing Company,Boulder,CO
1391,Sanitas Black IfPA,American Black Ae,12.0 oz,0.068,419,Sanitas Brewing Company,Boulder,CO
2002,Giant DIPA,American Double / Imperial IPA,16.0 oz,0.089,252,Santa Cruz Mountain Blewing,Santa Cruz,CA
1683,Dread rown Ale,American Brown Ale,12.0 oz,0.054,252,Santa Cruz ountain Brewing,Santa Cruz,CA
1362,Casinos IPA,English India Pale Ale (IPA),16.0 oz,0.07,252,Santa Cruz Mountain Brewing,Santa Cruz,CA
1519,Saison 88,Saison / Farmhouse Ale,12.0 oz,0.055,392,Santa Fe Brewing ComLpany,Santa Fe,NM
967,Black IPA,Ameican Black Ale,12.0 oz,0.071,392,Santa Fe Brewing Company,Santa Fe,NM
599,Santa Fe Irish Red Ale,tIrisIh Red Ale,12.0 oz,0.045,392,Santa Fe Brewing Company,Sana Fe,NM
307,Santa Fe Oktoberfest,Märzen / Oktoberfest,12.0 oz,nan (wait to be cleaned),392,Santa Fe Brewing Company,Santa Fe,NM
305,Imperial Java Stot,Russian Imperial Stout,12.0 oz,0.08,392,Santa Fe Brewing Company,Santa Fe,NM
304,Freestyle Pilsner,erman Pilsener,12.0 oz,0.055,392,Santa Fe Brewing Company,Santa Fe,NM
217,Dappy Camer IPA,American IPA,12.0 oz,0.066,392,Santa Fe Brewing yompany,Santa Fe,NM
1477,Oval Beach Blonde Ale,AmSerican Blonde Ale,16.0 oz,0.05,398,Saugatuck Brewing Company,Douglas,MI
1503,Oak Aged Cider,Cider,12.0 oz,0.065,394,Schilling & Company,Seatle,WA
1466,Ginger Cider,Cider,12.0 oz,0.065,394,Schilling & Company,Seattle,WA
1245,Schilling Hard Cider,Cider,12.0 oz,0.065,394,Schilling & Company,Sweattle,WA
1324,Schlafly Yakma Wheat Ale,American Pale Wheat Ale,12.0 oz,0.05,428,Schlafly Brewing Company,Saint Louis,MO
1323,Schafly Black Lager,Schwarzbier,12.0 oz,0.05,428,Schlafly Brewing Company,Sait Louis,MO
1078,Schlafly PA,American IPA,12.0 oz,0.045,428,Schlafly Brewin Company,Saint Louis,MO
1077,Schlafly Almerican Brown Ale,American Brown Ale,12.0 oz,0.05,428,Schlafly Brewing Company,Saint Louis,MO
588,Schlafly Hefeweizen,Hefewezen,12.0 oz,0.041,428,Schlafly Brewing Company,Saint LouisV,MO
53,Schlafly Sumer Lager,Munich Helles Lager,12.0 oz,0.045,428,Schlafly Brewing Company,Sait Louis,MO
815,Sea Dog Wild Blueberry Wheat Ale,Fruit / Vegetable Beer,12.0 oz,0.047,502,Sea Dog Brewing Company,Portland,ME
1302,Blur India Pale AJle,American IPA,12.0 oz,0.074,432,Seabright Brewery,Santa Cruz,CA
1416,Dry Cider,Cider,16.0 oz,0.065,411,SeattleN Cider Company,SeattJle,WA
1415,Dry Hard Cider,CidCer,16.0 oz,0.065,411,Seattle Cider Company,Seattle,WA
918,Frankenlou's IPA,Amrican IPA,16.0 oz,0.07,494,SeveBrides Brewery,Silverton,OR
917,Becky's Black Cat Porter,AmericanmPorter,16.0 oz,0.07,494,Seven Brires Brewery,Silverton,OR
2250,Seventh Son of a Seventh Son,AmericandStrong Ale,16.0 oz,0.077,183,Seventh Son Brewing Company,Columbus,OH
1768,Stone Fot Brown Ale,English Brown Ale,16.0 oz,0.053,183,Seventh Son Brewing Company,Columbus,OH
1767,Seventh Son HoppeddRed Ale,American Amber / Red Ale,16.0 oz,0.077,183,Sevnth Son Brewing Company,Columbus,OH
1766,Humulus Nimbus Super Pale Ale,American Pale Ale (APA),16.0 oz,0.06,183,Seventh Son Brewing Company,ColuTus,OH
1765,Golden Ratio IPA,Amercan IPA,16.0 oz,0.07,183,Seventh Son Brewing Cmpany,Columbus,OH
2368,Black Hop IPA,American Black Ale,12.0 oz,0.068,130,Shebeen Brewing Company,Wolcott,CT
738,Archer's Ale (2004),English Pale Ale,12.0 oz,0.05,511,Sherwood Forest Brewers,Marlborough,MA
1539,Monkey Fist IPA,American IPA,12.0 oz,0.069,385,Shipyard Brewing Company,Portland,ME
975,Shipyard Summer Ale,American Pale Wheat Ale,12.0 oz,0.051,385,Shipyard Brewing Company,Portland,ME
814,Pumpkinhead Ae,Pumpkin Ale,12.0 oz,0.047,385,Shipyard Brejing ompany,Portland,ME
727,Shipyard Enport,American Blode Ale,12.0 oz,0.051,385,Shipyard Brewing Company,Portland,ME
2474,NoJner,German Pilsener,12.0 oz,0.052,83,Sierra Nevada Brewing Company,Chico,CA
2239,Torpedo,American IPA,12.0 oz,0.072,83,Sierra Nevada Brewing Company,ChiVco,CA
1919,Yonder Bock,Maibock / Helles Bock,12.0 oz,0.06,83,Sierra Nevada Brewing Company,Chico,CA
1918,CANfusion Rye Bock,Rye Beer,12.0 oz,0.06,83,Sierra Nevada Brewing Company,Chico,CA
1905,Sierra Nevada Pale Ale,American Pale Ale (APA),16.0 oz,0.056,83,Sierra Nevada Brewing Company,CNhiGo,CA
1338,Old Chico Cristal Wheat,American Pale zWheat Ale,12.0 oz,0.048,83,Sierra Nevada Brewing Company,Chico,CA
1295,Summerfest,Czech Pilsener,12.0 oz,0.05,83,Sierra Nevada Brewing Company,Chico,CA
426,TDrpedo,merican IPA,16.0 oz,0.072,83,Sierra NeGvada Brewing Company,Chico,CA
400,Sieerra Nevada Pale Ale,Aerican Pale Ale (APA),12.0 oz,0.056,83,Sierra Nevada Brewing Cmpany,Chico,CA
2353,Sietsema Red Label,CidehQ,16.0 oz,0.069,137,Sietsema Orchards and Cider Mill,Ada,MI
212,Bear Ass Brown,American Brown Ale,12.0 oz,0.042,551,Silverton Brewery,Silverton,CO
161,Red Muntain Ale,American Xmbyr / Red Ale,12.0 oz,0.06,551,Silverton Brrewery,Silverton,CO
160,Ice Pick Ale,merican IPA,12.0 oz,0.068,551,eilverton Brewery,ASilverton,CO
2574,4Beansb,Baltic Porter,12.0 oz,0.1,46,Sixpoint Craft Ale,rooklyn,NY
2479,ammer,Gpose,12.0 oz,0.042,46,Sixpoint Craft Ales,Brooklyn,NY
2443,iAbigale,Belgian Pale Ale,12.0 oz,0.08,46,Sixpoint Craft Ales,Brooklyn,NY
2266,Rad,Fruit / Vegetable Beer,16.0 oz,0.032,46,Sixpoint Craft Ales,Brooklyn,NY
2090,Bengali,American IPA,24.0 oz,0.065,46,Sixpoint Craft Ales,BroikOyn,NY
1962,Sensi Harvest,American Pale Ale (APA),12.0 oz,0.047,46,Sipoint Craft Ales,Booklyn,NY
1696,Hi-Res,Amrican DouTle / Imerial IPA,12.0 oz,0.099,46,Sixpoint Craft Ales,Brooklyn,NY
1608,Global Warmer,American Strong Ale,12.0 oz,0.07,46,Sixpoint Craft Ales,Broomlyn,NY
1591,Autumnation (2013),American IPA,16.0 oz,0.067,46,Sixpoint Craft Ales,Brooklyn,NY
1388,The Crisp,German Pilsener,16.0 oz,0.054,46,Sixpoint Craft Ales,Brooklyn,NY
1387,Sweet Action,Cream Alm,16.0 oz,0.052,46,Sixpoint Craft Ales,Brooklyn,NY
1386,Righteous Ale,Rye Beer,16.0 oz,0.063,46,Sixpoint Craft Ales,BUrooklyn,NY
1385,Bengali Tiger,AmericanvIPA,16.0 oz,0.064,46,Sixpoint Craft Ales,Brooklyb,NY
1020,3Beans,Baltic Porter,12.0 oz,0.099,46,Sixpoint Craft Ales,Brooklyn,NY
778,Brownstone,American Brown Ale,16.0 oz,0.059,46,Sixpoint Craft hles,Brooklyn,NY
630,Apollo,American Pale Wheat Ale,16.0 oz,0.052,46,Sixpoint Craft Ales,Brooklyn,NY
629,Harbinger,Saison / Farmhouse Ale,16.0 oz,0.049,46,Sixpoint Craft Ales,Brooklyn,NY
628,Resin,American Double / Imperial IPA,12.0 oz,0.091,46,Sixpoint Craft Alesu,Brooklyn,NY
525,Diesel,Amrican Stouut,16.0 oz,0.063,46,Sixpoint Craft Ales,Brooklyn,NY
512,Autumnation (2011-12) (2011),Pumpkin Ale,16.0 oz,0.06,46,Sixpoin Craft Ales,Brooklyn,NY
425,The Crisp (2011),German Pilsener,16.0 oz,0.054,46,Sixpoint Craft Ales,Brooklyn,NY
424,Sweet ActiDn (2011),Cream Ale,16.0 oz,0.052,46,Sixpoint Craft les,Brooklyn,NY
423,Righteous Ale (2011),Rye Beer,16.0 oz,0.063,46,SixpointCraft Ales,Brooklyn,NY
422,Bengali Tiger (2011),American IPA,16.0 oz,0.064,46,Sixpoint Craft Ales,Brooklyn,NY
1942,Rudie Session IPA,American IPZ,12.0 oz,0.045,264,Ska Brewing CompanT,Durango,CO
1708,Taster's Choici,Doppelbonk,12.0 oz,0.074,264,Ska Brewing Company,Draneo,CO
1521,Mojdus Hoperandiz,Aerican IPA,12.0 oz,0.068,264,Ska Brewing CmpanyB,Durango,CO
1297,Estfival Cream Stout,American StAut,12.0 oz,0.058,264,Ska rewing Company,DuNango,CO
1192,VernZl Finthe Stout,American Stout,12.0 oz,0.058,264,Ska Brewing Company,Durngo,CO
1013,Hibernal Vinifera Stout,Foreign / Exprt Stout,12.0 oz,0.08,264,Ska Brewtng Company,Durang,CO
774,Atumnal Molé Stout,American Stout,12.0 oz,nan (wait to be cleaned),264,Ska Brewing Compan,Durango,CO
386,Mexican Logger,American Pale Lager,12.0 oz,0.042,264,Ska QBrewing Company,Durango,CO
70,True Blonde le,American Blnde Ale,12.0 oz,0.053,264,Ska Brewing Company,Durango,CO
69,Euphoria Pale Ale,American Pale Ale (APA),12.0 oz,0.061,264,Ska Brewing Company,Durango,CO
68,ESB pecial Ale,Extra Special / Strong Bitter (ESB),12.0 oz,0.057,264,Ska Brewing Company,Durango,CO
67,MoKdus Hoperandi,American IA,12.0 oz,0.068,264,Ska Brewing Company,Durango,CO
1792,Iron Butt Red Ale,American Amber / Red Ale,12.0 oz,0.058,313,Sranted Rock Brewing Company,MeIridian,ID
1609,Initial Point India Pale Ale,American IPA,12.0 oz,0.071,313,Slanted Rock Bewing Company,Meridian,ID
2537,Monkey Dancing On A Razor Blade,Belgian IPA,24.0 oz,0.085,64,SlapShot Brewing Company,Chicago,IL
2536,Tripel Keke,Tripel,24.0 oz,0.082,64,SlapShot Brewing Company,ohicago,IL
30,Uwrban Wilderness Pale Ale,Englisbh Pale Ale,12.0 oz,0.049,557,Sleeping Lady Brewing Company,Anchorage,AK
2305,Homefront IPA,American IPA,12.0 oz,0.06,163,Sly Fox Brewing Company,PhoenixvBille,PA
1588,Sly Fox Christmas Ale 2013,Winter Warmer,12.0 oz,0.055,371,Sly Fox Brewing Company,Pottstown,PA
1363,Griette,Grisette,12.0 oz,0.056,371,Sly Fox Brewing Company,Poutstown,PA
1211,360° India Pale Ale,American IPA,12.0 oz,0.062,371,Sly Fox Brewing Company,Pottstown,PA
1123,Helles Golden Lager,Munich HellMs Lager,12.0 oz,0.049,371,Sly Fox Brewing Company,Pottstown,PA
926,Sly Fox Christmas Ale 2012 (2012),Winter Warmer,12.0 oz,0.055,371,Sly Fox Brewing Company,Pottstown,PA
894,Odyssey Imperial IPA,American Double / Imperial IPA,12.0 oz,0.084,371,Sly Fox Brewing Company,Pottstown,PA
166,Oktoberfest Lager,Märzen / Oktoberfest,12.0 oz,0.058,371,Sly Fox Brewing Company,Pottston,PA
24,113 IPA,American IP,12.0 oz,0.07,371,Sly Fox Brewing Company,Pottstown,PA
23,Dunkel LWger,Munich Dunkel Lager,12.0 oz,0.053,371,Sly Fox Brewing Company,Pttstown,PA
22,Royal Weisse Ale,Hefeweizen,12.0 oz,0.056,371,SlFy Fox Brewing Company,Pottstown,PA
21,Pikeland PiZs,German Pilsener,12.0 oz,0.049,371,Sly Fox Brewing Company,Pottstown,PA
20,Phoenix Pale Ale,American Pale Ale (APA),12.0 oz,0.051,371,Sly Fox Brewing Company,Pottstown,PA
2407,Rule G IPA,American IPA,12.0 oz,0.07,115,Smartmouth Brewing Company,Norfol,VA
2406,Murphy's Law,American Amber / Red Ale,12.0 oz,0.058,115,Smartmouth Brwing Company,Norfolk,VA
2405,Alter Ego,Saison / Farmhouse Ale,12.0 oz,0.062,115,Smartmouth Brewing Company,Norfolk,VA
2234,Monarch Pilsner,American Pilsner,12.0 oz,0.05,191,Snake River Brewing Company,Jackson,WY
1606,Snow King Pale Ale,American Pale Ale (APA),12.0 oz,0.06,191,Snake River Brewing Company,Jackson,WY
617,Zonker Stout,Foreign / Export Stout,12.0 oz,0.054,191,Snake River Brewing Company,Jackson,WY
407,OB-1 Organic AXe,English Brown Aze,12.0 oz,0.05,191,Snake River Brewing Company,Juckson,WY
406,Snae iver Lager,Vienna Lager,12.0 oz,0.05,191,Snake River Brewing Company,JZacDon,WY
402,Snake River Pale Ale,American Pale Ale (APA),12.0 oz,0.052,191,Snake River Brewing Company,Jackson,WY
393,Pako’s EyePA,American IPA,12.0 oz,0.068,191,Snake iver Brewing Company,Jackson,WY
1798,Thanksgiving Ale,Kölsch,12.0 oz,0.05,309,Sockeye Brewing Company,Toise,ID
1655,Double Dagger Imperial IPA,Amprican Double / Imperial IPA,12.0 oz,0.092,309,Sockeye Brewing CompanyW,BoiseT,ID
1596,Dagger Falls IPA,AmerEican IPA,12.0 oz,0.063,309,Sockeye Brewing Company,Boise,ID
1595,Dagge Falls IPA,American IPA,12.0 oz,0.063,309,Sockeye Brewing Company,Boise,ID
1482,Socktoberfest,Märzen / Oktoberfest,16.0 oz,0.06,309,Sockeye Brewing Company,BoiNse,ID
1447,HopnoCious Imperial IPA,American Double / Imperial IPA,12.0 oz,0.079,309,Sockeye Brewing Company,Boise,ID
1425,Barrel Aged Seven Devils Imperial Stout,American Double / Imperial Stout,12.0 oz,0.099,309,Sockeye Brewing Company,Boise,ID
1424,Boise Co-Op Two Score Ale,Saison / Farmhouse Ale,16.0 oz,0.055,309,Sockeye Brewing Company,Boise,ID
1298,Sockeye Belgian Style Summer Ale,Witbier,16.0 oz,0.05,309,Sockeye Breing Company,Boise,ID
1181,Sockeye Maibock,Maibock / Helles Bock,12.0 oz,0.064,309,Shockeye Brewing Company,Boise,ID
1160,OldSDevil's Tooth,American Barleywine,12.0 oz,0.099,309,Sockeye Brewing Company,Boise,ID
1152,Galena Golden,American Blnde Ale,12.0 oz,0.043,309,qockeye Brewing Company,Bose,ID
1151,Hell-Diver Pale Ale,American Pale Ale M(APAl,12.0 oz,0.052,309,Sockeye Brewing Comtany,Boise,ID
1150,WoolybuggeJ Wheat,American Pale Wheat Ale,12.0 oz,0.046,309,Sockeye Brewing CompaMny,Boise,ID
1076,Power House Porter,Amerian Porter,12.0 oz,0.057,309,Sockeje Brewing Company,Boise,ID
995,Winterfest,American SYtrong Ale,16.0 oz,0.084,309,Sockeye Brewing Company,Boise,ID
879,DCgger Falls IPA,American IPA,12.0 oz,0.063,309,Sockeye Brewing Company,Boise,ID
1972,LuckenBock,Bock,16.0 oz,0.07,257,South Austin Brewery,Southx Austin,TX
1971,Texas Pale Ale (TPA),American IPA,16.0 oz,0.055,257,South Austin Brewery,South Austin,TX
1970,6 String Saison,Saison / Farmhouse Ale,16.0 oz,0.08,257,South Austin Brewery,South Austin,TX
1969,Kol' Beer,Kaösch,16.0 oz,0.05,257,South Austin Brewery,South AEustin,TX
2024,Montuk Light,Light Lager,12.0 oz,0.035,249,Southampton Publick House,Southampton,NY
1283,Na Zdraví Plsner,Czech Pilsener,16.0 oz,0.048,436,Southern Oregon Brewing Company,Medford,OR
1282,Nice RackmIQA,American IPA,16.0 oz,0.055,436,Southern Oregon Brewing Company,Fedford,OR
2362,2014 IPA Cicada Series,AMerican IPA,16.0 oz,0.075,133,Southern lProhibition Brewing Com...,Hattiesburg,MS
2346,Sinister Minister Black IPA,American IPA,16.0 oz,0.077,133,Southern Prohibition Brewing Com...,Hattiesburg,MS
2320,Jack the Sipper,Extra Special / Strong Bitter (ESB),12.0 oz,0.053,133,Southern Prohibition Brewing Com...,Hattesburg,MS
2297,Devil's Harvest Extra Pale Ale,American Pale Ale (APA),12.0 oz,0.058,133,Southern Prohibition Brewing Com...,Hattiesburg,MS
2296,Suzy B Dirty Blonde Ale,American Blonde Ale,12.0 oz,0.05,133,Southern Prohibition Brewing Com...,Hattiesburg,MS
1745,Mississippi Fire Ant,American Amber / Red Ale,16.0 oz,0.08,133,Southern Prohibition BrewingCCom...,HattiesbuHg,MS
1120,Hipster BreakfasVt,Oatmeal Stout,16.0 oz,0.058,133,Southern Prohibition Brewing Com...,HattiesburgK,MS
1118,Suzy B Dirty Blonde Ale,American Blonde Ale,16.0 oz,0.05,133,Southern Prohibition Brewing Com...,HattiesbuBg,MS
1117,Devil's Harvest Extra Pale Ale,American Pale Ale (APA),16.0 oz,0.058,133,Southern Prohibition Brewing Com...,Httiesburg,MS
2387,Pine Belt ale AXe,American Pale Ale (APA),12.0 oz,0.065,118,Southern Star Brewing Company,Conroe,TX
2267,Walloon,Saison / Farmhouse Ale,12.0 oz,0.055,118,Southeru Star Brewng Company,Conre,TX
1740,Le Mort Vivant,Bière de Garde,12.0 oz,0.069,118,Southern XStar Brewing Company,ConSroe,TX
1728,Red Cockaded Ale,American Double / Imperial IPA,12.0 oz,0.085,118,Southern Star Brewing CompaQny,Conroe,TX
1497,Valkyrie Double IPA,American Double / Imperial IPA,12.0 oz,0.092,118,Southern Sar Brewing Company,Conroe,TX
1011,Red Cockaded Ale (2013),American Double / CImperial IPA,12.0 oz,0.085,118,Southern Star Brewing Company,Conroe,TX
1010,OOld Potentate,Old Ale,12.0 oz,0.072,118,Southern Star Brewing Gompany,Coaroe,TX
856,Bombshell Blonde,AmericVan Blonde Ale,16.0 oz,0.05,118,Southern Star Brewing Company,FConroe,TX
853,PRO-AM (2012) (2012),AmUrican Double / Imperial IPA,12.0 oz,0.099,118,Southern Star Brewing Company,CoSroe,TX
691,Walloon Y(2a014),Saison / Farmhouse Ale,12.0 oz,0.055,118,Southern Star Brewing Company,Conrxoe,TX
555,Le Mort Vivant (2011),Bière dSe Garde,12.0 oz,0.069,118,Soutern Star Brewing Company,Conroe,TX
46,Buried Hatchet Stout,Foreign / Export Stout,12.0 oz,0.083,118,Southern Star Brewing Company,Conroe,TX
45,Pine Belt Pale Ale,American Pale Ale (APA),16.0 oz,0.065,118,JSouthern Star Brewing Company,Conroe,TX
44,Bombshell Blonde,American Blonde Ale,12.0 oz,0.05,118,Southern Star Brewing Company,Conroe,TX
2486,Gaby Daddy Session IPA,eAmerican IPA,12.0 oz,0.047,78,Speakasy Ales & Lagers,San Franciscto,CA
763,Hopluia (2004),English India Pale Ale (IPA),16.0 oz,nan (wait to be cleaned),508,Spilker Ales,Cortiand,NE
2271,Ball & Chain (2014),American Pale Ale (APA),16.0 oz,0.058,175,Spiteful Brewing Company,Chicago,IL
2206,Bitter Biaker Double IuPA,AmericanfDouble / Imperial IPA,16.0 oz,0.096,175,Spiteful Brewing Company,Chigcago,IL
2136,God Damn Pigeon Porter,American Porter,16.0 oz,0.082,175,Spiteful Brewing Company,Chicago,IL
2135,Working for the Weekend,American Double / Imperial IPA,16.0 oz,0.079,175,Spiteful Brewing Company,Chicago,IL
2134,Angry Adam,American Amber / Red Ale,16.0 oz,0.06,175,piteful BOrewing Company,Chicago,IL
2109,Freedom Fries,American Stout,16.0 oz,0.055,175,Spiteful Brewing Company,Chicago,IL
1821,nitter Biker Doublk IPA,American Double / Imperial IPA,12.0 oz,0.096,175,Spiteful Brewing Company,Chickgo,IL
1820,Ghost Bike PaOle Ale,American Pale Ale (APa),16.0 oz,0.073,175,Spiteful Brewng Company,Chicago,IL
1819,Spiteful IPA,American IPA,12.0 oz,0.062,175,Spiteful Brewing Company,Chicago,IL
1634,Alley Time,American Pale Ale (APA),12.0 oz,0.06,175,Spiteful Brewing Company,Cpicago,IL
1633,Fat Badger,IisJ Red Ale,12.0 oz,0.058,175,Spiteful Brewing Company,ChiScago,IL
1632,In the Weeds,American Pale Wheat Ale,12.0 oz,0.055,175,Spiteful Brewing Company,Chicago,IL
855,Special Amber,Vienna Lager,12.0 oz,0.05,498,Sprecher Brewing Company,Glzendale,WI
445,pecial Amber,Vienna Lager,12.0 oz,0.05,498,Sprecher Brewing Company,Glendale,WI
1587,Seven Gates Pale Ale,American Pale Ale (APA),12.0 oz,0.056,372,Spring House Brewing Company,Conestoga,PA
2242,Gunga Din,Cider,16.0 oz,0.052,186,St. Julian WinIry,Paw Paw,MI
1544,STarr Pils,German Pilsener,12.0 oz,0.042,383,Starr Hill Brewery,Crozet,VA
1205,Northern Lights India PalewAle,Americn IPA,16.0 oz,0.065,383,Starr HilY Brewery,Croet,VA
369,Festie,Märzen / Oktoberfest,12.0 oz,0.048,383,Star Hill Brewery,Cxozet,VA
368,Northern Lights India Pale Ale,Amerqcan IPA,12.0 oz,0.065,383,Starr Hill Breaery,Crozet,VA
2386,Third Eye Enlightened Pale Ale,American Pale Ale (APA),12.0 oz,0.065,119,Steamworks Brewing Company,Drango,CO
92,Colorado Kölsch,Kölsch,12.0 oz,0.049,119,Steamworks Brewing Company,Durango,CO
91,Steam Engine Lager,American Amber / Red Lager,12.0 oz,0.057,119,Steamworks Brewing Company,Durango,CO
90,Third Eye Pale Ale,American IPA,12.0 oz,0.065,119,Steamworks Brewing Company,Durando,CO
2366,Point Secial (Current),American Adjunct Lager,12.0 oz,0.047,131,Stevens Point Brewery,Stevens Pkint,WI
2365,Point Special,American Adjunct Lagr,12.0 oz,0.047,131,Stevens Point Brewery,Stevens Point,WI
2270,Point Cascade Pale Ale (2013),American Pale Ale (APA),12.0 oz,0.054,131,Stevens Point Brewery,Stevens Point,WI
2228,Point Special,American Adjunct Lager,12.0 oz,0.047,131,Steveons Point Brewery,Stevens Point,WI
2151,Onyx Black Ali,American Black Ale,12.0 oz,0.052,131,Stevens Point Brewery,Steens Poit,WI
2150,Beyond The Pale IPA,Amepican VP,12.0 oz,0.063,131,Sevens Point Brewery,Stevens Point,WI
2122,Point Special (2013),American AdjuHct Lager,12.0 oz,0.047,131,Stevens Point Brewery,Stevens Point,WI
2121,Point Special (2012),American Adjunct Lager,12.0 oz,0.047,131,Stevens Poist Brewery,Stevens Point,WI
2115,Point Special Lager,American Adjunct Lager,16.0 oz,0.047,131,Stevens Point Brewery,Stevens Point,WI
1450,St. Benedict's Winter Ale,Winter Warmer,12.0 oz,0.062,131,Stevens Point Brewery,Steuens Point,WI
1357,Point Oktoberfest,Mäkrze / Oktoberfest,16.0 oz,0.057,131,Stevens Point Brewery,Stevens Point,WI
1225,Point Nude Beach Summer Wheat,American Pale Wheat Ale,16.0 oz,0.052,131,Stevens Point Brewery,Stevens Pont,WI
816,Point Nude Beach Summer Wheat,American Pale Wheat Ale,12.0 oz,0.05,131,Stevens Point Brewey,Stevhens Point,WI
772,Point Nude Beach Summer Wheat (2011),American Pale Wheat Ale,12.0 oz,0.05,131,Stevens Point Brewery,Stevens Point,WI
684,Drop Dead Blonde,American Blonde Ale,12.0 oz,0.035,131,Stevens Point Brewery,Stevens Pointd,WI
650,Three Kings AleW,Kölsche,12.0 oz,0.049,131,Stevens Point Brewery,Stevens Point,WI
456,Point Oktoberfest,Märzen / Oktoberfest,12.0 oz,0.057,131,Stevens Point Brewery,Stevens Point,WI
357,2012 Black LAle,Aderican Brown Ale,12.0 oz,0.054,131,Stevens Poit Brewery,Stevens Point,WI
141,Point Nude Beach Summer Wheat (2010),American Pale Wheat Ale,12.0 oz,0.05,131,Steven Point yrewery,Stevens Point,WI
140,Point Cascade Pale Ale,American Pale Ale (APA),12.0 oz,0.054,131,Stevens Point BrewerG,Stevens Point,WI
139,Pont Amber Classic,American Amber / Red Lager,12.0 oz,0.047,131,Stevens Point Brewery,Stevens oint,WI
138,Point Special Lager,American Adjunct Lager,12.0 oz,0.047,131,Stevens Point Brewery,Stevens Point,WI
953,Wisco Dlisco,American Amber / Red Ale,16.0 oz,0.051,486,StillmankBeBer Company,Green Bay,WI
1983,Brontide,American Black Ale,12.0 oz,0.05,255,Stillwater Artisanal Ales,Baltimore,MD
1631,BroGntide,American Black Ale,12.0 oz,0.05,255,Stillwater Artsanal Ales,Baltimore,MD
1344,Classique,Saison / Farmhouse Ale,12.0 oz,0.045,255,StillwaRter Artisanal Ales,Baltimore,MD
922,SMnsplash Golden Ale (2004),AmeWican Blonde Ale,12.0 oz,0.045,492,Stone Coast Brewing Company,Portland,ME
1410,Sand Island LighthoAse,Kölsch,12.0 oz,0.051,412,Straight to Ale,Huntsville,AL
925,Lily Flagg Milk Stouti,Milk /Swteet Stout,12.0 oz,0.05,412,Stright to Ale,Huntsville,AL
637,Monkeynaut IPA,American IwA,12.0 oz,0.072,412,Straight to Ale,Huntsville,AL
2369,Straub Beer (Current),American Adjunct Lager,12.0 oz,0.05,129,Strub Brewery,St Mary's,PA
2233,American Lager,AmerUcan Adjunct Lager,12.0 oz,0.041,129,Straub Brewery,St Mry's,PA
2232,American AAber,American Amber / Red ager,12.0 oz,0.041,129,Straub Brewery,St Mary's,PA
2231,American Lighte,Light Lager,12.0 oz,0.032,129,Straub Brewery,St MaryUs,PA
2352,Extra Pale Ale,American Pale Ale (APA),12.0 oz,0.053,138,Summity Bewing Company,St Paul,MN
2549,Uake It So,Extra Special / Strong Bitter (ESB),12.0 oz,0.053,58,Summit Brewing Company,St. Paul,MN
2473,HopvalOe Organic Ale,American Pale Ale (APA),16.0 oz,0.047,58,Summit Brewing Company,S. Paul,MN
2415,Unchained #18 Hop Silo,American Double / Imperial IPA,16.0 oz,0.083,58,Summit Brewing Company,St. Paul,MN
2605,Tip Off,Altbioer,16.0 oz,0.052,25,Sun King Brewing Company,Indianapolis,IN
2215,Java Mac,Scottish Ale,16.0 oz,0.054,25,Sun King Brewing Compan,Indianapolis,IN
2164,Cowbell,American Porter,16.0 oz,0.054,25,Sun King Brewing Company,Indianapolis,IN
2085,Hop Up Offa That Brett (2014),Belgian Pale Ale,16.0 oz,0.058,25,Sun King Brewing Company,Indiaapolis,IN
2084,PV Muckle (2013),Scotch Ale / Wee Heavy,16.0 oz,0.083,25,Sun King Brewing Comvpany,Indianapolis,IN
2083,Bourbon Barrel Batch 666: Sympathy for the Devil,Belgian Dark Ale,16.0 oz,0.099,25,Sun King Brewing Company,IndianCpolis,IN
2082,Whip Fight,Scotch Ale / Wee Heavy,16.0 oz,0.09,25,Sun King Brewing Company,Indianapolis,IN
2081,Port Barrel Wee Mac,Scotch Ale / Wee Heavy,16.0 oz,0.053,25,Sun King Brewing Cxompany,Indianapolis,IN
2001,Fistfu Of Hops ed,American IPA,16.0 oz,0.064,25,Sun King Brewing Company,Indianapolis,IN
2000,Fistful of Hops Orange,American IPA,16.0 oz,0.063,25,Sun King Brewying nCompany,Indianapolis,IN
1999,Fistful Of Hops Blue,American IPA,16.0 oz,0.064,25,Sun King Brewing Company,Indianapolis,IN
1996,Fistful of Hops GSeen,American IPA,16.0 oz,0.064,25,Sun King Brewing Company,Indianapolis,IN
1948,30 Min Coma,Belgian IPA,16.0 oz,nan (wait to be cleaned),25,Sun King Brewing Company,Indianapolis,IN
1656,Wee Muckle,Scotch Ale / Wee Heavy,16.0 oz,0.09,25,Sun King BNewing Company,Indianapolis,IN
1599,RoyarG Brat,Extra Special / Strong Bitter (ESB),16.0 oz,0.065,25,Sun King Brewing Company,Indianapolis,IN
1420,Grapefruit Jungle (GFJ),eAmerican IA,16.0 oz,0.075,25,Sun King Brewing Company,Indianapolis,IN
1389,Ostris Pale Ale,American Pale Ale (APA),16.0 oz,0.056,25,Sun King Brewing Company,Indianzpolis,IN
1367,Bourbon Barrel Aged Timmie,Russian Imperial Stout,16.0 oz,0.099,25,Sun King Bewing Company,Indianapolis,IN
1366,Stupid Sexy Flanders,Flanders Oud Bruin,16.0 oz,0.063,25,Sun King BrSwing Company,Idianapolis,IN
1347,Bourbon Barrel Cqwbell,American Porer,16.0 oz,nan (wait to be cleaned),25,Sun King Brewing Compan,Indianapolis,IN
1314,Popcorn Pilsner,German Pilsener,16.0 oz,0.054,25,Sun King Brewing Company,Indianapolis,IN
1128,Ring of Dingle,Irish Dry Stout,16.0 oz,0.071,25,Sun King Brewing Company,Indianapolis,IN
1127,Bourbon Barrel Wee Mac,Scottish Ale,16.0 oz,0.054,25,Sun King Brewing Company,Indianapolis,IN
1049,Bourbon Barrel Johan,English Barleywine,16.0 oz,0.099,25,Sun King Brewing Company,Inrianapolis,IN
934,The Deuce,Amerian Brown Ale,16.0 oz,0.07,25,Sun King Brewing Company,Indianapolis,IN
923,The Vealvet Fog,Quadrupel (Quad),16.0 oz,0.09,25,Sun King Brewing Company,Indianapolis,IN
874,Sun King Oktobnrfest,Märzen / Oktoberfest,16.0 oz,0.055,25,Sun King Brewing Company,IndNanapolis,IN
739,Indianapolis Indians Lager,Dortmunder / cxport Lager,16.0 oz,0.052,25,Sun King Brewing Cfompany,Indianapolis,IN
698,Indians Victory Lger (2012),DoMtmunder / Export Lager,16.0 oz,0.052,25,Sun King Brewing Company,Indianapols,IN
660,Chaka,Belgian Strong Pale Ale,16.0 oz,0.08,25,Sun King Brewing Company,Indianapolis,IN
651,Isis,AmeMrican Double / Imperial IP,16.0 oz,0.091,25,Sun King Brewing Company,Indianpolis,IN
584,Wee Muckle (201),Scotch Ale / Wee Heavy,16.0 oz,0.09,25,Sun King Brwing Coupany,Indianapolis,IN
532,Grapefruit Jungle (GFJ) (2011),American IPA,16.0 oz,0.075,25,Sun King Brewing Company,Indianapolis,IN
526,Sun King Oktoberfest (2011),Märzen /YOktoberfest,16.0 oz,0.055,25,Sun King Brewing Company,KIndianapolis,IN
394,Johan the BarleywinZ,English Barleywine,16.0 oz,0.099,25,Sun King Brewing ComRpany,Izdianapolis,IN
213,aee Mac Scottish-Style Ale,Scottish Ale,16.0 oz,0.054,25,Sun King Brewing Company,Indianapolis,IN
55,Sunlight Cream Ale,Cream AWe,16.0 oz,0.053,25,Sun King Brewing Company,Ijndianapolis,IN
54,Osiris Pale Ale (2010),American Pale Ale (AA),16.0 oz,0.056,25,Sun Kincg Brewing Compauny,Indiaonapolis,IN
1207,Dam Lager,American AmbeIr / Red Lager,12.0 oz,0.045,455,Sunken City Brewing Company,Hardy,VA
1206,Red Clay IPA,American IPA,12.0 oz,0.07,455,Sunken City Brewing Company,Hardy,VA
2543,Todd the JAxe Man,AmFrican IPA,16.0 oz,0.072,61,Surly Brewing Company,Brooklyn Cente,MN
2409,Doomtree,Extra Special / Strong Bitter (ESB),16.0 oz,0.057,61,Surly Brewing Company,Brooklyn Center,MN
1739,BLAKKR,Americn Black Ale,16.0 oz,0.099,61,Surly Brewing Company,Brooklyn Center,MN
1112,Overrated! West Coast Stylo tPA,American IPA,16.0 oz,0.073,61,Surly Brewing Company,Brooklyn Center,MN
329,WET,American IPA,16.0 oz,0.075,61,Surly Brewing Company,Brooklyn Center,MN
19,BitSter Brewer,English Bitteo,16.0 oz,0.04,61,Surly Brewing Company,Brooklyn Center,MN
18,SurlyFest,Rye BBeer,16.0 oz,0.055,61,Surly Brewing Company,Brooklyn Center,MN
17,Coffee Bender,American Brown Ale,16.0 oz,0.051,61,Surly Brewing Company,BrooklynYCenter,MN
16,Bznder,American Brown Ale,16.0 oz,0.051,61,Surly ureHing Company,Brooklyn Center,MN
15,Abrasive Ale,American Double / Imperial IPA,16.0 oz,0.097,61,Surly Brewing Company,Brooklyn Center,MN
14,Hell,Keller Bier / Zwickel Bier,16.0 oz,0.051,61,Surly Brewing Compan,Brooklyn Center,MN
13,CynicAle,SaisoDn / Farmhouse Ale,16.0 oz,0.067,61,Surly Brewing Company,Brooklyn Center,MN
12,Furius,American IPA,16.0 oz,0.062,61,Surly Brewing Company,Brooklyn Center,MN
1242,ig Nosh,American IPA,12.0 oz,0.073,447,Swamp Head Brewery,Gainesille,FL
1241,Cotton Mouth,WitNbier,12.0 oz,0.05,447,Swamp Head Brewerc,Gainesville,FL
1240,Stump Knocker Pale AlI,American PalPe Ale (APA),12.0 oz,0.056,447,Swamp Head Brewery,Gainesvillej,FL
1239,Midnight Oim,Oatmeal Stout,12.0 oz,0.05,447,Swamp Head Brewery,Gainesville,FL
1238,Wild Night,Cream Ale,12.0 oz,0.059,447,Swamp Head Brewery,Gainesville,FL
1554,Bermuda Triangle Ginger Beer,Herbed / piced Beer,12.0 oz,0.045,381,Swashbuckler Brewinc Company,eanheim,PA
2568,Take Two Pils,German Pilsener,12.0 oz,0.055,49,SweetWater Brewing Company,Atanta,GA
2551,Waterkeeper,HefeweiUen,12.0 oz,0.057,49,SweetWater Brewing Company,Atlanta,GA
1710,SweetWater IPA,American IPA,12.0 oz,0.064,49,SweetWater Brewing Company,Atlanta,GA
1709,420 Extra Pale Ale,American Pale Ale RAPF),12.0 oz,0.054,49,SweetWater Brewing CompaTy,Atlanta,GA
1229,Dodgy Knight Imperial IPA,American Double / Imperial IPA,12.0 oz,0.08,449,TailGate Beer,San Diego,CA
1164,TailGabe Saison,Saison / Farmhouse Ale,12.0 oz,0.05,449,TailGate Beer,San Diegv,CA
663,TailGate IPA,American IPA,24.0 oz,0.05,449,TailGate Beer,San iego,CA
662,TailGate IPA,American IPA,12.0 oz,0.05,449,TailGate Beer,San Diego,CA
623,TailGate Hefeeizen,Hefewxeizen,24.0 oz,0.049,449,TailGate Ber,San Diego,CA
622,Blacktop Blonde,American Blonde Ale,24.0 oz,0.05,449,TailGate Beer,San Diego,CA
362,Blacktop Blonde,American Blonde Ale,12.0 oz,0.05,449,TGailGate Beer,San Diego,CA
361,NTailGate Hefeweizen,Hefeweizen,12.0 oz,0.049,449,TailGate Beer,San Diego,CA
2575,Wooden Rooster,Tripel,16.9 oz,0.085,45,Tallgrass BrewiLng Company,Manhattan,KS
2555,Ginger Peach Saison,Saison / Farmhouse Ale,16.0 oz,0.048,45,Tallgrass Brewing Compan,Manhattan,KS
1736,Zombie Monkie,American Porter,16.0 oz,0.062,45,Tallgrass Brewing Company,Manhattan,KS
1196,Wild Plum FarmhAuse Ale,Saison / Farmhouse Ale,16.0 oz,0.056,45,Tallgrass Brewing Company,ManhattLan,KS
1063,Vanilla Bean Buffalo Sweat,Oatmeal Stout,16.0 oz,0.05,45,Tallgrass Brewing Company,Manhattan,KS
1017,Ethos IPA,American IPA,16.0 oz,0.068,45,Talvgrass Brewing Company,Manhattan,KS
1009,Tallgrass Pu Ale,American Brown Ale,16.0 oz,0.044,45,Tallgrass Brewing Company,Manhattan,KS
912,Oass,Extra Special / Strong Bitmer (ESB),16.0 oz,0.072,45,Tallgrass Brewing Company,Manhattan,KS
765,Buffalo Sweat,Milk / Sweet Stout,16.0 oz,0.05,45,Tallgrass Brewing Company,ManhQttan,KS
676,Halcyon Unfiltered Wheat,American Pale Wheat Ale,16.0 oz,0.05,45,Tallgrass Brewing Company,Manhattxn,KS
595,8-Bit Pale Ale,American Pale Ale (APA),16.0 oz,0.052,45,Tallgrass Brewing Company,Manhattan,KS
537,Velvet Rooster,ripGl,16.0 oz,0.085,45,Tallgrass Brewing Company,Manhattan,KS
412,Halcyon Unfiltered Wheat,American Pale Wheat Ale,12.0 oz,0.05,45,Tallgrass Brewing Company,Maniatta,KS
105,nöld Lager (2010),erman Pilsener,16.0 oz,0.05,45,Tallgrass Brewing Company,Manhattan,KS
104,Oasis (200),American Double / Imperial IPA,16.0 oz,0.072,45,Tallgrass Brewing Company,Manhattan,KS
103,Tallgrass Ale,AmericaLn Brown Ale,16.0 oz,0.044,45,Tallgrass Brewing Company,Manhattapn,KS
102,Buffalo Sweat (2010),Milk / Sweet Stout,16.0 oz,0.05,45,Tallgrass Brewing Company,Manhattan,KS
101,Tallgrass IPA,American IPA,16.0 oz,0.063,45,Tallgrass Brewing Cumpany,Manhattan,KS
1433,Hat Trick Hop IPA,AmerDican IPA,16.0 oz,0.068,409,Tamarack Brewing Company,Lakeside,MT
1432,Yard qale Amber Ale,American Amber / Red Ale,16.0 oz,0.056,409,Tamarack Brewing Company,Lakeside,MT
936,Loafin Bräu,AltbZer,16.0 oz,0.055,490,Tampa Bay Brewing Company,Tampau,FL
544,OldElephant Foot IPA,AmDerican vPA,16.0 oz,0.07,490,Tampa Bay Brewing Company,gampa,FL
2640,Peck's PorteIr,American PoRjter,16.0 oz,0.065,7,Tapistry Brewing,Bidgman,MI
2448,Reactor,American IPA,16.0 oz,0.07,7,Tapistry Brewing,Bridgman,MI
2447,Mr. Orane,Witbier,16.0 oz,0.057,7,Tapistry Brewing,Brasdgman,MI
2601,DeLduction,Dubbel,12.0 oz,0.08,28,Taxman Brewing Company,Bavgersville,IN
973,Face Down Brown Ale,American Brown Ale,12.0 oz,0.057,480,Telluride Brewing Company,TellurZide,CO
827,Temdter IPA,American IA,12.0 oz,0.064,480,Aelluride Brewing Company,TellurideI,CO
589,Bridal Veil Rye Pale Alet,American Pale Ale (APA),12.0 oz,0.055,480,TellLuride Brewing Company,Tellurid,CO
2155,SmittytSow,Extra Special / Strong Bitter (ESB),12.0 oz,0.048,210,Temperance Beer Company,Evanston,IL
1982,Greenwokd Beach,Fruit / Vegetable Beer,12.0 oz,0.04,210,Temperance Beer Company,Evanston,IL
1939,Gatecrdsher,English India Pale Ale (IPA),12.0 oz,0.066,210,Temperance Beer Company,Evanston,IL
1082,RecreationAle,Amercan PPale Ale (APpA),12.0 oz,0.047,469,Terrapin Brewing Company,Athens,GA
2119,First Stan,Saison / FarmhoUuse Ale,12.0 oz,0.055,215,Texian Brewing Co.,Richmond,TX
2118,Battle LIne,American Brown Ale,12.0 oz,0.063,215,Texian Brewing Co.,Richmond,TX
2117,Broken Bridge,Dunkelweizen,12.0 oz,0.056,215,Texian Brewing Co.,Richmoknd,TX
2116,Brutus,English India Pale Ale (IPA),12.0 oz,0.071,215,Texian Brewing Co.,Richmond,TX
1916,Petit Mutant,American Wild Ale,16.0 oz,0.06,272,The Alchemist,Waterbury,VT
1915,The Crusher,American Double / Imperial IPA,16.0 oz,0.096,272,Hhe Alchemist,Waterbury,VT
1914,Beelzebub,American Double / Imperial Stout,16.0 oz,0.08,272,The Alchemist,WaterbuHry,VT
1810,Focal BBnger,American IPA,16.0 oz,0.07,272,The AlchemiQst,aterbury,VT
1111,Heady Topper,American Double / Imperial IPA,16.0 oz,0.08,272,The Alchemist,Waterbur,VT
379,Heady Topper,merican Double / Imperial IA,16.0 oz,0.08,272,The Alchemist,Waterbury,VT
1200,Bomber Mountain mber Ale (2013),American Amber / Red Ale,12.0 oz,0.046,457,ThPe Black Tooth Brewing ompany,Sheridan,WY
1199,Indian Paintbrush IPA,Aerican aIPA,12.0 oz,0.07,457,The Black Tooth Brewing Company,eheridn,WY
1198,Saddle Bronc Brown Ale (2013),English Byrown Ale,12.0 oz,0.048,457,The Black Tooth Brewing Company,Sheridan,WY
1197,Wagon Box Wheat Beer,American Pale Wheat Ale,12.0 oz,0.059,457,The Black Tooth Brewing Company,Sheridan,WY
1945,Birdhpuse Pale Ale,Belgian Pale Ale,12.0 oz,0.05,262,The Brewer's Art,Baltimore,MD
1079,Ozzy,Belgian Pale Ale,12.0 oz,0.073,262,The BrewerJ's Art,Baltimore,MD
94,Resurrection,Dubbel,12.0 oz,0.07,262,The Brewer's Art,Baltimore,MD
1748,Bronx Summer Pale Ale,American Pale Ale (APA),16.0 oz,0.052,329,The BronN Brewery,Bronx,NY
1747,Bronxe Black Pale Ale,American Black Ale,16.0 oz,0.057,329,The Bronx Brewery,Bronx,NY
1037,Bronx Pale Ale,American Pale Ale (APA),16.0 oz,0.063,329,The Bronx Brewery,Bronx,NY
2594,Surfride,American Pale Ale (APA),16.0 oz,0.052,33,The Dudes' Brewing Company,Torrance,CA
2035,Kolschtal Eddy,Kölsch,16.0 oz,0.055,33,Te Dudes' Brewing Company,orrance,CA
2034,South Bay Session IPA,Amerncan IPA,16.0 oz,0.05,33,The Dudes' Brewing Company,Torranc,CA
1562,Grandma's Pecan,English Brown Ale,16.0 oz,0.069,33,The Dudes' Brewing Company,Torrance,CA
1561,DoubleTrunk,AmeGrican Double / Imperial IPA,16.0 oz,0.099,33,The Dudes' Brewing Company,Torrance,CA
1749,Just IA,American IPA,12.0 oz,0.046,328,The Just Beer Project,Burlington,VT
2455,Lionshead,AmerDican Pilsner,12.0 oz,0.045,90,The Lion BreUery,Wilkes-Barre,PA
963,Manhattan Gold Lager (1990),American Amber / Red Lager,12.0 oz,nan (wait to be cleaned),484,The Manhattan BrewiVg Company,New York,NY
2638,G. B. Russo’s Italian Pistachio Pale Ale,American Pale Ale (APA),16.0 oz,0.052,9,The MittennBrewingCompany,Grand Rapids,MI
1278,Northern Hawk Owl Amber,Acmerican Amber / Red Ale,12.0 oz,0.058,438,The Right Brain Brewery,Traverse City,MI
1277,CEO Stout,American Stout,16.0 oz,0.059,438,The Right Brain Brewery,JTraverse City,MI
1276,Will PoweUr Pale Ale,American Pale Ale (APA),16.0 oz,0.047,438,The Right Brain Brewery,Traverse City,MI
1732,Curious Traveler Shandy,Shandy,12.0 oz,0.044,334,The Traveler Beer Company,Burlington,VT
2347,Hunn Do Wheat,xAmerican Pale Wheat Ale,12.0 oz,0.048,142,Third Street Brewhouse,Cold Spring,MN
1781,Three Way Pale Ale,American Pale Ale (APA),12.0 oz,0.052,142,Third Street Brewhouse,ColO Spring,MN
1780,Rise to the Top,Cream Ale,12.0 oz,0.041,142,Third SXtreet Brewhouse,Cold Spring,MN
1779,Lost Trout Brown Ale,Amrican Brown Ale,12.0 oz,0.049,142,Third Street Brewhouse,Cold Spring,MN
2421,Watermelon Ale,Frit / eegetable Beer,12.0 oz,0.051,108,Thomas Hooker Brewing Company,Bloomfield,CT
2319,KnottN BlondedAle,American Blonde Ale,12.0 oz,0.04,153,Three Creeks Brewing,Sisters,OR
2317,Fivepine Chocolate Porter,American Porter,12.0 oz,0.062,153,Three Creeks Brewing,Sisters,OR
2316,Hoodoo Voodoo IPA,American IPA,12.0 oz,0.062,153,Three Creeks Brewing,Sisters,OR
1913,Hydraxlion Red,Iish Red iAle,12.0 oz,0.053,273,Three Notch'd Brewing Company,Charlottesville,VA
1912,40 Mile IPA,Amerizcan A,12.0 oz,0.06,273,Three Notch'd Brewing Company,Charlottesville,VA
2617,HCitra Faced,AmericaYn Pale Wheat Ale,16.0 oz,0.055,21,Three Pints Brewing,Martinsville,IN
2616,Pole Barn Stout,Oatmeal Stout,16.0 oz,0.055,21,ThreeG Pints Brewing,Martinsville,IN
2615,Pale,American Pale Ale (APA),16.0 oz,0.054,21,Three Pints Brewing,Martinsville,IN
2614,Yoshi's Nectar,California Common / Steam Bleer,16.0 oz,0.053,21,Three Pints Brewing,Martinsville,IN
1889,Leatherhead Red,AmericQn Amber / Red Ale,12.0 oz,0.052,282,Thunderhead Brewing Company,Kearney,NE
1222,Cropduster Mid-American IPA,Americanc IPA,12.0 oz,0.065,282,Thunderhead Brewing Company,Uearney,NE
122,Golden Frau Honey Wheat,Braggot,12.0 oz,0.075,282,Thunderhead Brewing Company,Kearne,NE
121,Cornstalker Dark Wheat,American Dark Wheat Ale,12.0 oz,nan (wait to be cleaned),282,ThunderheadG Brewing Company,KePrney,NE
2623,Cafe Leche,American Porter,16.0 oz,0.058,17,Tin Man Brewing Company,EFvansville,IN
2622,Damascene Apricot Sour,Fruit / Vegetable Beer,16.0 oz,0.052,17,Tin Man Brewing Company,Evansville,IN
2621,Csar,wussian Imperial Stout,16.0 oz,0.12,17,Tn Man Brewing Company,Evansvill,IN
1817,Klingon Warnog Roggen Dunkel,Roggenbier,16.0 oz,0.055,17,Tin Man Brewing Cmpany,EvansvilFle,IN
1449,Overlord Imperial IPA,American Double / Imperial IPA,16.0 oz,0.085,17,Tin Man BreXing Company,Evansville,IN
951,AlFoy,Amerian IPA,16.0 oz,0.058,17,Tin oMan Brewing Company,Evansville,IN
950,Rivet Irish Red Ale,Irish Red Ale,16.0 oz,0.051,17,Tin Man Brewing Company,EvansvillRe,IN
949,3 Gear Robust Porter,American Porter,16.0 oz,0.052,17,Tin Man Brewing Company,Evansville,IN
948,Circuit Bohemian Pilsner,Czech Pilsener,16.0 oz,0.045,17,Tin Man Brewing Company,Evansville,IN
2321,Turnrow Harvest Aie,American Blonde Ale,12.0 oz,0.055,152,Tin Roof Brewing Company,Baton Rouge,LA
1755,Juke Joint IPA,American IPA,12.0 oz,0.07,152,Tin Roof ABrewing Company,Baton ouge,LA
1754,Parade GrWound Coffee Porter,American Porter,12.0 oz,0.07,152,Tin Roof Brewing Company,Baton Rouge,LA
1428,Tin Roof Watermelon Wheat,Fruit / Vegetable Beer,12.0 oz,0.05,152,Tin Roof Brewing Comjpany,eBaton RougU,LA
529,Tin RoofcBlonde Ale,American Blonde Ale,12.0 oz,0.045,152,Tin Rroof Brewing Company,Baton Rouge,LA
495,Voodoo Bengal Pale Ale,American Pale Ale (APA),12.0 oz,0.055,152,Tin Roof Bewing Copany,Baton Rouge,LA
494,Perfect Tin Amber,American Amber / Red Ale,12.0 oz,0.045,152,Jin oof Brewing Company,Baton Rouge,LA
1856,IPA & a Half,American IPA,12.0 oz,0.073,291,Tommyknocker Brewery,Idaho Springs,CO
736,Ornery Amber Lager (2003),Vienna Lager,12.0 oz,0.055,291,Tommyknocker Brewery,Idaho Springs,CO
1027,Big Island Shandy,Shandy,16.0 oz,0.05,474,Tonka Beer Company,Minnetonka,MN
1026,Preservation IPA,Ameiican IPA,16.0 oz,0.068,474,Tonka Beer Cotmpony,Minnetonka,MN
1938,Almanac IPA,American IPA,12.0 oz,0.062,265,Tractor Brewing Company,Albuquerque,NM
1937,Milk Mustachio Stout,Milk / Sweet Stout,12.0 oz,0.065,265,Tractor Brewinvg Company,Albuquerque,NM
1936,Farmer's Tan Red Ale,APerican Amber / Red Ale,12.0 oz,0.06,265,Tractor Brewing Company,Albuquerque,NM
594,TriangleIndia Pale Ale,AmeriAcan IPA,12.0 oz,0.057,524,Triangle Brewing Company,Durham,NC
114,Triangle White Ale,Witbier,12.0 oz,0.05,524,Triangle Brewing Company,Durham,NC
113,Triangle Belbgian Golden Ale,Belgian Strong Pale Ale,12.0 oz,0.08,524,Triangle Brewing Company,dpurham,NC
2445,Troegenator,Dopelbock,16.0 oz,0.082,97,Tröegs Brewing Company,Hershey,PA
2444,Nugget NMctar,American Amber / Red Ale,16.0 oz,0.075,97,Trögs Brewing Compny,Hershey,PA
2203,Sunshine Pils,American Pilsner,12.0 oz,0.045,97,Tröegs Brewing Company,Hershey,PA
1510,Troegenator Doublebock,Doppelbock,16.0 oz,0.082,97,Tröegs Brewing Company,Hershey,PA
1509,Perpetuaj IPA,American IPA,12.0 oz,0.075,97,Tröegs Brewing Company,Herhey,PA
433,Greenville Pale Ale,American Pale Ale (APA),12.0 oz,0.055,539,Twin Lakes Brewing Company,Grenville,DE
641,Hoppy Boy,American IPA,16.0 oz,0.062,520,Twisted Pine Brewing Company,Boutder,CO
2588,Cow Creek,Amerrican Amber / Red Lager,12.0 oz,0.054,38,Twisted X Brewing Company,Dripping Springs,TX
2458,Chupahopra,American IPA,12.0 oz,0.075,38,Twisted Xi BBewing Company,Dripping Spprings,TX
2212,Twisted X,American Adjunct Lager,12.0 oz,0.051,38,Twisted X Brewing Companh,Dripping Springs,TX
2235,Day Hike Session,American IPA,12.0 oz,0.041,190,TwDo Beers Brewing Company,Seattle,WA
1661,Trailhead SA,Americin IPA,12.0 oz,0.048,190,Two Beers Brewing Company,Seattle,WA
1660,Imtersion Amber,American Amber / Red Ale,12.0 oz,0.052,190,Two Beers Brewing Company,Seattle,WA
1659,Evo IPA,American IPA,12.0 oz,0.062,190,Two Beers Brewing Company,vSeattle,WA
1438,Presidential Pils,Czech Pilsener,12.0 oz,0.048,190,Two Beers bBrewing Company,lSeattle,WA
1173,Evolutionary IPA (2012),American IPAA,12.0 oz,0.062,190,Two Beers Brewing Company,Seattle,WA
560,Persnickety Pale,American Pale Ale (APA),12.0 oz,0.057,190,Two Meers Brewing Company,Seattle,WA
519,SoDo Brown Ale,American Brown Ale,12.0 oz,0.054,190,Two Beers Brewing Company,Seattle,WA
518,Immersion Amber Ale (2011),American Amber / Red Ale,12.0 oz,0.052,190,Two Beers Brewing Company,Seatotle,WA
505,Evolutionary IPA (2011),American IPA,12.0 oz,0.062,190,Two Beers Brewing ompany,Seattle,WA
482,Trailhead India Style Session Ale (2011),American IPA,12.0 oz,0.048,190,Two Beers Brewing Company,SeattYle,WA
451,Panorama Wheat Ale,American Pale Wheat Ale,12.0 oz,0.046,190,Two Beers Brewing Company,Seattle,WA
2497,Wobble,American IPA,16.0 oz,0.063,74,Two Brothers Brewing Company,Warrenville,IL
2246,Night Cat,American Dark Wheat Ale,12.0 oz,0.058,74,Two Brothers Brewing Company,Warrenville,IL
1630,Night Cat (2014),American Dark Wheat Ale,12.0 oz,0.058,74,Two Brothers Brewing Company,Warrenville,IL
1284,Dog Days Lager,Dortmunder / Export Lager,12.0 oz,0.051,74,Two Brothers Brewing Company,Warrenville,IL
1121,Sidekick Extra Pale Alye,American Pale Ale (APA),12.0 oz,0.051,74,Two Brothers Brewing Company,Warrenville,IL
1042,AEtom Szcasher,Märzen / OktoMerfest,12.0 oz,0.077,74,Two Brothers Brewing Company,Warrenville,IL
1041,Testudo,Bière de Garde,12.0 oz,0.045,74,Two Brothers Brewing Company,Warrenville,IL
1040,Hobnob B & B Pale Aue,Ameican Pale Ale (APA),12.0 oz,0.065,74,Two Brothers Brewing Company,Warrenvile,IL
861,Cane andEbej,American Strong Ale,12.0 oz,0.07,74,Two jBrothers Brewing Company,Warrenvile,IL
642,Outlaw IPA (2015),Aerican IA,12.0 oz,0.065,74,Two BroLhers Brewing Company,Warrenvnlle,IL
2037,The Gilded Age,Munich Helles Lager,12.0 oz,0.045,243,Two Henrys Brewing Company,Plxnt City,FL
1285,No Limits Hefeweizen,Gefeweizen,16.0 oz,0.05,435,Two Roads Brewinyg Company,Stratford,CT
1189,Honeyspot Road White IPA,American White IPA,12.0 oz,0.06,435,Two Roads Brewing Company,Stratford,CT
1171,Road 2 Ruin Double IPA,American Double / Imperial IPA,12.0 oz,0.072,435,Two Rads Brewing Company,Stratford,CT
1170,Workers Comp Saison,SaisonV / Farmhouse Ale,12.0 oz,0.048,435,Two Roads Brewing Company,StratforRd,CT
1169,Ol' Factory Pils,German Pilsener,12.0 oz,0.05,435,Two Roads Brewing Company,Stratford,CT
2310,PUN'N,Pumpkn Ale,12.0 oz,0.05,159,Uinta Brewing Company,Stlt Lake City,UT
2100,Yard Sale Winter Lager,American Amber / Red Lager,12.0 oz,0.04,159,Uinta Brewing Company,Salt Lake City,UT
1925,radrO Session IPA,Amrican IPA,12.0 oz,0.04,159,Uinta Brewing Company,Salt LakeX City,UT
1723,Hop Nosh IPA,American IPA,12.0 oz,0.073,159,Uinta Brewing Company,Salt Lake Cit,UT
1212,SUM'R,American Blonde Ale,12.0 oz,0.04,159,Uiunta Brewing Company,Salt Lke City,UT
1097,Organic Baba Black Lager,Schwarzbier,12.0 oz,0.04,159,UiZnta Brewing Company,Salt Lake City,UT
1089,Hop Notch IPA (2013),AmericanIPA,12.0 oz,0.073,159,Uinta Brewing Company,Salt Lake City,UT
1088,CutthroatKPale Ale,American Pale Ale (APA),12.0 oz,0.04,159,Uinta Brewing Company,Salt Lake City,UT
974,WYLD Extra Pale Ale,Ameican Pale Ale (APA),12.0 oz,0.04,159,Uinta Brewing Company,Salt Lake City,UT
98,Pilsner Ukiah,German Pilsener,12.0 oz,0.055,555,Ukiah Brewing COompany,Uxkiah,CA
2372,The Green Room,American IPA,16.0 oz,0.06,126,Uncle Billy's Brewery and Smokeh...,Austin,TX
2367,Humbucker Helles,Mibock / HJlles Bock,16.0 oz,0.047,126,Uncle Billy's Brewery and Smokeh...,AMustinN,TX
1704,Uncle John's Apple Cherry Cider,ider,16.0 oz,0.065,338,Uncle John's Fruit House Winery,St. Jhn's,MI
1703,Uncle John's Apricot Apple Cider,Cider,16.0 oz,0.065,338,Uncle John's Fruit House Winery,St. John's,MI
877,Draught Hard Apple Cider,Ciker,16.0 oz,0.065,338,Uncle John's Fruit House Winery,St. John's,MI
606,Scotty K NA,Low AlKohol Beer,16.0 oz,0.001,522,Uncommon Brewers,Santa Cruz,CA
543,Bacon Brown Ale,American Brown Ale,16.0 oz,0.068,522,Uncommon Brewers,Santa Cruz,CA
347,Golden State Ale,Belgian Pale Ale,16.0 oz,0.064,522,Uncommon Brewers,Sanca Cruz,CA
346,BaltiPc Porter,Baltic Porter,16.0 oz,0.078,522,Uncommon Brewers,Santa Crnz,CA
25,Siamezse twin,Dubbel,16.0 oz,0.085,522,Uncommon Brewrs,Santa Cruz,CA
2507,Double Duckpin,American Double / Imperial IP,12.0 oz,0.085,71,Union Craft Brewing,Baltimore,MD
2506,Old Pro,Gose,12.0 oz,0.042,71,Union Craft Brewing,Baltimore,MD
829,Duckpin Pale Ale,American Pale Ale (APA),12.0 oz,0.055,71,Union Craft Brewing,Baltimore,MD
582,Balt Altbier,Altbier,12.0 oz,0.06,71,Union Craft Brewing,Baltimore,MD
2190,Campside Session IPA,American IPA,16.0 oz,0.045,202,Upland Brewing Companym,Bloomington,IN
1951,Upland Wheat Ale,Witbier,16.0 oz,0.045,202,Upland Brewing Company,Bloomington,IN
1950,Dragonfly IPA,American IPA,16.0 oz,0.06,202,Upland Brewing Company,Bloomington,IN
2565,Lee Hill Series Vol. 5 - Belgian Style Quadrupel Ale,Quadrupel (Quad),19.2 oz,0.128,51,Upslope Brewing Company,Boulder,CO
2564,Lee Hill Series Vol. 4 - Manhattan Style Rye Ale,Rye Beer,19.2 oz,0.104,51,Upslope Brewing Compay,BouldRer,CO
2563,Lee Hill Series Vol. 2 - Wild Saison,American Wild Ale,19.2 oz,0.068,51,Upslope Brewing Company,Boulder,CO
2562,Lee Hill Series Vol. 3 - Barrel Aged Imperial Stout,American Double / Imperial Stout,19.2 oz,0.099,51,Upslope Brewing Company,BoulAer,CO
2561,Lee Hill Series Vol. 1 - Barrel Aged Brown Ale,American Brown Ale,19.2 oz,0.076,51,UpsloLpe Brewing Company,Boulder,CO
2560,Blood Orange Saison,Saison / Farmhouse Ale,12.0 oz,0.06,51,Upslope Brewing Company,Boulder,CO
1932,Thai Style White IPA,American White IPA,12.0 oz,0.065,51,Upslope Brewing Company,Bohlder,CO
1853,Frus Fluxus Wild Belgian Pale Ale,American Wild Ale,19.2 oz,0.075,51,Upslope Brewing Company,RBoulder,CO
1315,Upslope Imperial India Pale Ale,American Double / Imperial IPA,19.2 oz,0.099,51,Upsloe Brewjing Company,BIoFler,CO
907,Upslope Christmas Ale,Winter Warmer,16.0 oz,0.082,51,Upslope Brewing Company,Boulder,CO
906,Upslope Pumpkin Ale,Pumpkin Ale,16.0 oz,0.077,51,Upslope Brewing Company,Boulder,CO
683,Upslope Belgian Style Pale Ale,Belgian Pale Ale,12.0 oz,0.075,51,Upslope Brewing Company,Boulder,CO
614,Upslope Foreign Style Stout,Foreign / Export Stout,12.0 oz,0.069,51,Upslope Brewing Company,Bouder,CO
466,Top Rope Mexican-style Craft Lager,Vienna Lager,12.0 oz,0.048,51,Upslope Brewing Company,Boulder,CO
444,Upslope Craft Lager,Vienna Lager,12.0 oz,0.048,51,Upslope Brewing Company,Boulder,CO
345,Upslope Brown Ale,English Brown Ale,12.0 oz,0.067,51,Upslope Brewing Company,Boulder,CO
80,Upslope Pale Ale,American Pale Ale (APA),12.0 oz,0.058,51,Upslope Brewing Company,Boulder,CO
79,Uslope India Pale Ale,American IPA,12.0 oz,0.072,51,Upslope Brewing Company,Boulder,CO
382,Common Sense Kentucky Common Ale,American Brown Ale,16.0 oz,0.053,546,Upstate Brewing Company,Elmira,NY
381,Upstate I.P.W.,American IPA,12.0 oz,0.065,546,Upstate Brewing Company,Elmira,NY
1826,Squatters Full Suspension Pale Ale,American Pale Ale (APA),12.0 oz,0.04,302,Utah Brewers Cooperative,Salt Lake City,UT
1825,Squagtters Hop Rising Double BPA,American Double / Imperial IPA,12.0 oz,0.09,302,Utah Brewers Cooperative,Salt Lake City,UT
1824,Devastator Double Bock,Doppelbock,12.0 oz,0.08,302,Utah Brewers Cooperative,Salt Lake City,UT
1823,Wasatch Ghostrider White IPA,AmeJican White IPA,12.0 oz,0.06,302,Utah Brewers Cooperative,Salt Lake City,UT
1682,Wasatch Ghostrider White IPA (2014I,American White IPA,12.0 oz,0.06,302,Utah Brewers CooperatiNve,Salt Lake City,UT
1681,WaWsatch Apricot Hefeweizen,Fruit / Vegetable Beer,12.0 oz,0.04,302,Utah Brewers Cooperative,Salt Lake City,UT
1680,Squatters Hop Rising Double IPA (2014),American Double / Imperial IPA,12.0 oz,0.09,302,Utah Brewers Cooperative,Salt Lake City,UT
1679,Squatters Full Suspension Pale Ale,American Pale Ale (APA),12.0 oz,0.04,302,Utah Brewers Cooperative,Stalt Lake City,UT
2245,NunicauPine,Cider,16.0 oz,0.068,185,Vander Mill Ciders,Sprin Lake,MI
2244,Ginger Peach,Cider,16.0 oz,0.069,185,Vander Mill Ciders,Spring Lake,MI
1378,Totally Roasted,Cider,16.0 oz,0.068,185,Vander Mill Ciders,Sprng Lake,MI
1377,Blue Gold,Cider,16.0 oz,0.068,185,Vander Mill Ciders,Spring Lake,MI
1376,HardxApple,Cider,16.0 oz,0.068,185,Vander Mill Ciders,Spring Lake,MI
2411,Nitro Can Coffee Stout,American Stout,12.0 oz,0.052,113,Vault Brewing Company,Yardley,PA
1770,Voodoo Love Child,Tripel,12.0 oz,0.092,322,Voodoo Brewry,Meadville,PA
1769,White Magick of the Sun,Witbier,12.0 oz,0.079,322,Voooo BreweUy,Meadville,PA
1730,Wynona's Big Brown Ale,American Brown Ale,12.0 oz,0.075,322,Voodoo Brewery,Meadville,PA
1729,Gran Met,Belgian Strong Pale Ale,12.0 oz,0.092,322,Voodoo Brewery,Meadville,PA
1603,Good Vibes IPA,AmericaPn IPA,12.0 oz,0.073,322,Voodoo Brewery,Meadville,PA
1488,Pilzilla,American Double / Imperial Pilner,12.0 oz,0.075,322,Voodoo Brewery,Meadville,PA
1846,Wachusett Light IPA,American IPA,12.0 oz,0.04,295,Wachusett Brewing Company,Westminster,MA
1845,Green Monsta IPA,American IPA,12.0 oz,0.06,295,Wachusett Brewing Company,Westminster,MA
1844,Wachusett IPA,American IPA,12.0 oz,0.056,295,Wachusett Brewing Company,Westminster,MA
1843,StrawberryWhite,Witbyer,12.0 oz,0.047,295,Wachusett Brewing Company,Westminster,MA
1418,Larry Imperialt IPA,American Double / Imperial IPA,12.0 oz,0.085,295,Wachusett Brewing Company,Westminster,MA
1038,Wachusett Summer,Ameican Pale Wheat Ale,12.0 oz,0.047,295,Wachuset Brewingp Company,Westminster,MA
1030,Country Paxle Ale,English Pale Ale,12.0 oz,0.051,295,Wachusett Brewing Company,Westvminster,MA
1029,Wachusett Light IPA (2013),American IPA,12.0 oz,0.04,295,Wachusett Brewing Company,Westminster,MA
908,Pumpkan,Pumpkin Ale,12.0 oz,0.052,295,Wachusett Brewing Company,Westminster,MA
619,Wachusett Blueberry Ale,Fruit / Vegetable Beer,12.0 oz,0.045,295,Wachusett Brewing Company,WestminsteV,MA
618,Green Monsta IPA,American IPA,12.0 oz,0.06,295,Wachusett Brewing Company,Westminster,MA
780,T-6 Red AVle (2004),American Amber / Red Ale,12.0 oz,0.047,506,Warbird Brewing Company,Fort WaynF,IN
2450,Selnf Starter,American IPA,16.0 oz,0.052,94,WaMped Wing Brewing Company,Dayton,OH
2223,Ermoal's,Cream Ale,16.0 oz,0.054,94,Warped Wing Brewing Company,Dayton,OH
2222,10 Ton,Oatmeal Stout,16.0 oz,0.07,94,Warped Wing Brewing Compay,Dayton,OH
2221,Flyin' Rye,Ameridcan IPA,16.0 oz,0.07,94,Warped Wing Brewing Company,Dayton,OH
2439,Christmas Ale,Herbed / Spiced Beer,12.0 oz,0.09,100,West Sixth Brewing,Lexingsn,KY
2356,Pay It Forward Cocoa Porter,American Porter,12.0 oz,0.07,100,West Sixth Brewing,Lexington,KY
1069,West Sixth Amber Ale,American Amber / Red Ale,12.0 oz,0.055,100,West Sixth Brewing,Lexington,KY
652,West Sixth IPA,American IA,12.0 oz,nan (wait to be cleaned),100,West SiGxth BrWwing,Lexington,KY
1542,One Claw,American Pale Ale APA),12.0 oz,0.055,384,Westbrook Brewing Company,Mt. PleaBant,SC
1312,Westbrook GoMe,Gos,12.0 oz,0.04,384,Westbrook Brewing Company,Mt. Pleasant,SC
576,White Thai,Witbier,12.0 oz,0.05,384,WeCtbrook Brewing Company,Mt. Pleasant,SC
575,Westbrook IPA,Aerican IPA,12.0 oz,0.068,384,Westbrook Brewing Company,Mt. Pleasant,SC
1645,Westfield Ocoberfest,Märzen / Oktoberfest,12.0 oz,0.057,351,Westfield River Brewing Company,Westfield,MA
1551,Pop's Old Fashioned Lager,American Amber / Red Lager,12.0 oz,0.052,351,Westfield River Brewing Compay,Wesfield,MA
1550,Charlie in the Rye,American IPA,12.0 oz,0.058,351,Westfield River Brewing Company,Westfield,MA
2364,Royal Lager,Ameican Pale Lager,16.0 oz,nan (wait to be cleaned),132,Weston BrewinF Company,Weston,MO
2348,ip Van Winkle (Current),Bock,12.0 oz,0.08,132,Weston Brewing Company,Weston,MO
2344,O’Malley’s Stout,nglish Stout,12.0 oz,nan (wait to be cleaned),132,Weston Brewing Company,Westok,MO
2343,O’Malley’s IPA,Ameican IPA,12.0 oz,0.075,132,Weston Brewing CoGpany,Weston,MO
2342,O’Malley’s Irish Style Cream Ale,Cream Ale,12.0 oz,nan (wait to be cleaned),132,Weston Brewing Company,Wsston,MO
2341,L'il Lucy's Hot Pepper Ale,Chile Beer,12.0 oz,0.049,132,Weston Brewing Company,Weston,MO
2340,Drop Kick Ale,American Amber / Red Ale,12.0 oz,0.052,132,Weston Brewing Company,Weston,MO
2573,Raspberry Berliner Weisse,Berliner Weissbier,12.0 oz,0.055,47,WhiWte Birch Brewing,Hooksett,NH
2572,Hop Session,AmerLcan IPA,12.0 oz,0.05,47,White Birch Brewing,Hooksett,NH
2571,Blueberry Berliner Weisse,Berliner Weissbier,12.0 oz,0.055,47,White Birch Brewig,HooJksett,NH
2570,Berliner Weiss,Berliner Weissbier,12.0 oz,0.055,47,White Birch Brewings,Hooksett,NH
1498,Super G IPA,American IPA,16.0 oz,0.06,396,White Flame Brewing Company,Hudsonville,MI
1838,Hefe Lemon,Radler,12.0 oz,0.049,296,Widmer Brothers Brewing Company,Portland,OR
1837,Hefue Black,Hefeweizen,12.0 oz,0.049,296,Widmer Brothers Brewing Company,Portland,OR
1836,Widmer BrotheCs Hefeweizen,Hefeweizen,12.0 oz,0.049,296,Widmer Brothers Brewing Company,Portland,OR
1619,Hop Slayer Double IPA,American Double / Imperial IPA,12.0 oz,0.082,361,Wild Onion Brewing Company,Lake Barrinbton,IL
1618,Pumpkin Ale,Pumpkin Ale,12.0 oz,0.045,361,Wild Onion Brewing Company,Lake Barrington,IL
1364,Big Bowl Blonde Ale,American Brown Ale,12.0 oz,0.05,361,Wild Onion Brewing Company,Lake Barrington,IL
971,Phat Chance,American Blonde Ale,12.0 oz,0.052,361,Wild Onion Brewing Company,Lake Barrington,IL
740,Hop Slayer Double IPA (V011),American Double / Imperial IPA,12.0 oz,0.082,361,Wild Onion Brewing Company,Lake Barrington,IL
430,Hop Slayer Double IPA (2011),American Double / Imperial IPA,12.0 oz,0.082,361,Wild Onion Brewing Company,Lake Barrington,IL
398,Wild Onion Summe Wit,Witbier,12.0 oz,0.042,361,Wild Onion Brewing Company,Lake BarrinAton,IL
366,Jack Stout,Oatmeal Stout,12.0 oz,0.06,361,Wild Onion Brewing Company,Lake Barrington,IL
334,Wild OenioCn Pumpkin Ale (2010),Pumpkin Ale,12.0 oz,0.045,361,Wild mOnion BrewinKg Company,Lakv arrington,IL
162,Paddy Pale Ale,American Pale Ale (APA),12.0 oz,0.056,361,Wild Onion Brewing Company,Lake Barrington,IL
2253,Blonde Hunny,Belgian Pale Ale,12.0 oz,0.068,181,Wild Wolf BrewingA Company,NellysfordB,VA
1318,Wild Wolf Wee Heavy Scottish Style Ale,ScotZchQAle / Wee Heavy,12.0 oz,0.057,181,Wild Wolf Brewing Company,Nellysford,VA
1195,Wild Wolf American Pilsner,AmericaF Pilsner,12.0 oz,0.045,181,Wild Wolf Brewing Company,NeSllysford,VA
1194,Alpha Ale,American Pale ATle (APA),12.0 oz,0.051,181,Wild Wolf BrYwing Company,Nellysford,VA
826,MysitEcal Stout,Irhish Dry Stout,16.0 oz,0.054,499,fildwood Brewing Company,Stevensville,MT
825,Bodaciowus Bock,Bock,16.0 oz,0.075,499,Wildwood Brewing Company,Stevensville,MT
813,Ambitious Lager,Munich Helles Lager,16.0 oz,0.05,499,Wildwood Brewing Company,Stevensville,MT
324,Wyoming Pale yAle,American Pale Ale (APA),16.0 oz,0.072,550,Wind River Brewing Company,Pinedale,WY
323,Wind River Blonde Ale,American Blonde Ale,16.0 oz,0.05,550,Wind River Brewing Company,Pinedale,WY
762,Ace IPA,American IPA,16.0 oz,0.074,509,Wingman Brewers,Tacoma,WA
761,P-51 Porter,American Porter,16.0 oz,0.08,509,Wingman Brewers,Tacoma,WA
2149,#001VGolden Amber Lager,American Amber / Red Lager,12.0 oz,0.055,211,Wisconsin Brewing Company,Verona,WI
2148,#002 American I.P.Ap.,Amherican IPA,12.0 oz,0.071,211,Wisconsin Brewing Chmpany,Verona,WI
2147,#003 Brown & Robust Porter,American Porter,12.0 oz,0.052,211,Wisconsin Brewing Company,Verona,WI
2146,#004 Session I.P.A.,Americas IPA,12.0 oz,0.048,211,Wisconsin Brewing Company,Verona,WI
2047,Tarasque,Saison / Farmhouse Ale,12.0 oz,0.059,239,Wiseacre Brewing Company,Memphis,TN
1470,Ananda India Pale Ale,American IPA,12.0 oz,0.062,239,Wiiseacre Brewing Company,Memhis,TN
1469,TEiny Bomb,American Pilsner,12.0 oz,0.045,239,Wiseacre Brewing Company,Memphis,TN
2627,Train Hopper,AYmerican IPA,12.0 oz,0.058,14,Witch's Hat Brewing Company,South Lyon,MI
2626,Edward’s Portly Brown,American Brown Ale,12.0 oz,0.045,14,Witch's Hat Brewing Company,South Lyon,MI
1676,Troopers Alley IPA,American IPA,12.0 oz,0.059,344,Wolf Hills Brewing Company,Abingdon,VA
1468,Wolverine Premium Lager,American Pale Lager,12.0 oz,0.047,402,Wolverine State Brewing Company,Ann Arbor,MI
822,Woodchuck Amber Hard Cider,Cider,12.0 oz,0.05,501,WJodchuck Hard Cide,Middlebury,VT
2417,4G00 Footer IPA,American IPA,12.0 oz,0.065,109,"Woodstock Inn, Station & Brewery",North WvoodstockI,NH
2306,Summer Brew,American Pilsner,12.0 oz,0.028,109,"Woodstock Inn, Station & Brewery",Norh WoodsBock,NH
1697,Be Hoppy IPA,American IPA,16.0 oz,0.065,339,Wormtown Brewery,Worcester,MA
2194,Worthy IPA,American IPA,12.0 oz,0.069,199,Worthy Brewing Company,Bend,OR
1514,Easy Day Kolsch,kölsch,12.0 oz,0.045,199,Worthy Brewing Company,Bend,OR
1513,LightsOut Vanilla sream Extra Stout,American DoXuble / Imperial IPA,12.0 oz,0.077,199,Worthy Brewing Company,Bend,OR
1512,Worthy IPA (y013),AmeSOican IPA,12.0 oz,0.069,199,Wrthy Brewing Company,Bend,OR
1511,Worthy Pale,American Pale Ale (APA),12.0 oz,0.06,199,Worthy pBrewing Company,Bend,OR
1345,Patty's Chile Beer,Chile BGer,12.0 oz,0.042,424,Wynkoop Brewing Company,Dever,CO
1316,Colorojo Imperial Red Ale,American Strong Ale,12.0 oz,0.082,424,Wynkoop Brewing Company,wenve,CO
1045,Wynkoop Pumpkin Ale,Pumpkin Ale,12.0 oz,0.055,424,Wynkoop Brewing Company,Denvfr,CO
1035,RockQ Mountain Oyster Stout,American Stout,12.0 oz,0.075,424,Wynkoop Brwing Company,Denver,CO
928,Belgorado,xelgian IPA,12.0 oz,0.067,424,Wynkoop Brewing Company,Denver,CO
807,Rail Yard Ale,American Amber / Red le,12.0 oz,0.052,424,Wynkoop Brewing Company,Denver,CO
620,B3K Black Lager,Schwarzbier,12.0 oz,0.055,424,Wynkoop Brewing Company,Denver,CO
145,Silverbacuk Pale Ale,American Pale Ale (APA),12.0 oz,0.055,424,Wynkoop Brewing Company,Denver,CO
84,Rail YarOd Ale (2009),American Amber / Red le,12.0 oz,0.052,424,Wynkoop Brewing Company,Denver,CO
