id,beer_name,style,ounces,abv,brewery_id,brewery_name,city,state
1436,Pub Beer,American Pale Lager,12.0 oz,0.05,408,10 Barrel Brewing Company,Bend,CO
2265,Devil's Cup,American Pale Ale (APA),12.0 oz,0.066,177,Orpheus Brewing,Gary,VA
2264,Rise of the Phoenix,American IPA,12.0 oz,0.071,177,18th Street Brewery,Gary,WI
2263,Sinister,American Double / Imperial IPA,12.0 oz,0.09,177,Great River Brewery,Gary,IN
2262,Sex and Candy,American IPA,12.0 oz,0.075,177,Grey Sail Brewing of Rhode Island,Gary,IN
2261,Black Exodus,Oatmeal Stout,12.0 oz,0.077,177,18th Street Brewery,Gary,ME
2260,Lake Street Express,American Pale Ale (APA),12.0 oz,0.045,177,D.L. Geary Brewing Company,Gary,NC
2259,Foreman,American Porter,12.0 oz,0.065,177,18th Street Brewery,Gary,CO
2258,Jade,American Pale Ale (APA),12.0 oz,0.055,177,Two Roads Brewing Company,Gary,IN
2131,Cone Crusher,American Double / Imperial IPA,12.0 oz,0.086,177,Madtree Brewing Company,Gary,OH
2099,Sophomoric Saison,Saison / Farmhouse Ale,12.0 oz,0.072,177,18th Street Brewery,Gary,ID
2098,Regional Ring Of Fire,Saison / Farmhouse Ale,12.0 oz,0.073,177,18th Street Brewery,Gary,FL
2097,Garce Selé,Saison / Farmhouse Ale,12.0 oz,0.069,177,18th Street Brewery,Gary,CO
1980,Troll Destroyer,Belgian IPA,12.0 oz,0.085,177,18th Street Brewery,Gary,TX
1979,Bitter Bitch,American Pale Ale (APA),12.0 oz,0.061,177,18th Street Brewery,Gary,IN
2318,Ginja Ninja,Cider,12.0 oz,0.06,154,Santa Fe Brewing Company,Corvallis,NE
2170,Cherried Away,Cider,12.0 oz,0.06,154,Goose Island Brewing Company,Corvallis,OR
2169,Rhubarbarian,Cider,12.0 oz,0.06,154,Big Bend Brewing Company,Corvallis,OR
1502,BrightCider,Cider,12.0 oz,0.06,154,Great Crescent Brewery,Corvallis,TX
1593,He Said Baltic-Style Porter,Baltic Porter,12.0 oz,0.082,368,Modern Times Beer,San Francisco,CA
1592,He Said Belgian-Style Tripel,Tripel,12.0 oz,0.082,368,21st Amendment Brewery,San Francisco,TX
1036,Lower De Boom,American Barleywine,8.4 oz,0.099,368,21st Amendment Brewery,San Francisco,CA
1024,Fireside Chat,Winter Warmer,12.0 oz,0.079,368,Upslope Brewing Company,San Francisco,OR
976,Marooned On Hog Island,American Stout,12.0 oz,0.079,368,Ska Brewing Company,San Francisco,IN
876,Bitter American,American Pale Ale (APA),12.0 oz,0.044,368,21st Amendment Brewery,San Francisco,CA
802,Hell or High Watermelon Wheat (2009),Fruit / Vegetable Beer,12.0 oz,0.049,368,O'Fallon Brewery,San Francisco,NC
801,Hell or High Watermelon Wheat (2009),Fruit / Vegetable Beer,12.0 oz,0.049,368,21st Amendment Brewery,San Francisco,OR
800,21st Amendment Watermelon Wheat Beer (2006),Fruit / Vegetable Beer,12.0 oz,0.049,368,Hale's Ales,San Francisco,CA
799,21st Amendment IPA (2006),American IPA,12.0 oz,0.07,368,Great River Brewery,San Francisco,CO
797,Brew Free! or Die IPA (2008),American IPA,12.0 oz,0.07,368,Kona Brewing Company,San Francisco,CA
796,Brew Free! or Die IPA (2009),American IPA,12.0 oz,0.07,368,Hangar 24 Craft Brewery,San Francisco,MI
531,Special Edition: Allies Win The War!,English Strong Ale,12.0 oz,0.085,368,French Broad Brewery,San Francisco,CA
432,Hop Crisis,American Double / Imperial IPA,12.0 oz,0.097,368,Monkey Paw Pub & Brewery,San Francisco,CA
353,Bitter American (2011),American Pale Ale (APA),12.0 oz,0.044,368,21st Amendment Brewery,San Francisco,LA
321,Fireside Chat (2010),Winter Warmer,12.0 oz,0.079,368,21st Amendment Brewery,San Francisco,CA
173,Back in Black,American Black Ale,12.0 oz,0.068,368,21st Amendment Brewery,San Francisco,CA
11,Monk's Blood,Belgian Dark Ale,12.0 oz,0.083,368,Atwater Brewery,San Francisco,IN
10,Brew Free! or Die IPA,American IPA,12.0 oz,0.07,368,21st Amendment Brewery,San Francisco,SC
9,Hell or High Watermelon Wheat,Fruit / Vegetable Beer,12.0 oz,0.049,368,Upslope Brewing Company,San Francisco,CO
2519,Bimini Twist,American IPA,12.0 oz,0.07,67,Angry Minnow Brewing Company,St Petersburg,FL
2518,Beach Blonde,American Blonde Ale,12.0 oz,0.05,67,Carton Brewing Company,St Petersburg,FL
2517,Rod Bender Red,American Amber / Red Ale,12.0 oz,0.059,67,MacTarnahans Brewing Company,St Petersburg,FL
2545,Passion Fruit Prussia,Berliner Weissbier,12.0 oz,0.035,60,4 Hands Brewing Company,Saint Louis,MO
2544,Send Help,American Blonde Ale,12.0 oz,0.045,60,Southern Star Brewing Company,Saint Louis,MO
2324,Cast Iron Oatmeal Brown,American Brown Ale,12.0 oz,0.055,60,Milwaukee Brewing Company,Saint Louis,SC
2288,Reprise Centennial Red,American Amber / Red Ale,12.0 oz,0.06,60,4 Hands Brewing Company,Saint Louis,CO
2287,Alter Ego,American Black Ale,12.0 oz,0.055,60,Fort George Brewery,Saint Louis,MO
2286,Divided Sky,American IPA,12.0 oz,0.065,60,Good People Brewing Company,Saint Louis,MO
2285,Resurrected,American IPA,12.0 oz,0.065,60,Perrin Brewing Company,Saint Louis,MO
1870,Contact High,American Pale Wheat Ale,12.0 oz,0.05,60,4 Hands Brewing Company,Saint Louis,TX
2603,Galaxyfest,American IPA,16.0 oz,0.065,27,Old Forge Brewing Company,Columbus,CO
2602,Citrafest,American IPA,16.0 oz,0.05,27,Big Sky Brewing Company,Columbus,IN
2220,Barn Yeti,Belgian Strong Dark Ale,16.0 oz,0.09,27,450 North Brewing Company,Columbus,IN
2219,Scarecrow,American IPA,16.0 oz,0.069,27,Boulevard Brewing Company,Columbus,IN
2218,Ironman,English Strong Ale,16.0 oz,0.09,27,Dolores River Brewery,Columbus,IN
2217,Honey Kolsch,Kölsch,16.0 oz,0.046,27,Three Notch'd Brewing Company,Columbus,NC
2216,Copperhead Amber,Belgian Dark Ale,16.0 oz,0.052,27,450 North Brewing Company,Columbus,IN
972,Rude Parrot IPA,American IPA,16.0 oz,0.059,481,Wachusett Brewing Company,Gig Harbor,MO
866,British Pale Ale (2010),English Pale Ale,16.0 oz,0.054,481,7 Seas Brewing Company,Gig Harbor,NC
48,British Pale Ale,English Pale Ale,16.0 oz,0.054,481,7 Seas Brewing Company,Gig Harbor,CA
47,Ballz Deep Double IPA,American Double / Imperial IPA,16.0 oz,0.084,481,7 Seas Brewing Company,Gig Harbor,SD
1583,Wolfman's Berliner,Berliner Weissbier,12.0 oz,0.038,373,7venth Sun,Dunedin,WI
1165,Colorado Native,American Amber / Red Lager,12.0 oz,0.055,462,Morgan Street Brewery,Golden,OR
431,Colorado Native (2011),American Amber / Red Lager,12.0 oz,0.055,462,AC Golden Brewing Company,Golden,CA
516,Jockamo IPA,American IPA,12.0 oz,0.065,533,Abita Brewing Company,Abita Springs,LA
515,Purple Haze,Fruit / Vegetable Beer,12.0 oz,0.042,533,Baxter Brewing Company,Abita Springs,LA
514,Abita Amber,American Amber / Red Lager,12.0 oz,0.045,533,Abita Brewing Company,Abita Springs,LA
2540,Citra Ass Down,American IPA,16.0 oz,0.082,62,Against The Grain Brewery,Louisville,IN
2539,The Brown Note,American Brown Ale,16.0 oz,0.05,62,Brewery Vivant,Louisville,CO
2686,Citra Ass Down,American Double / Imperial IPA,16.0 oz,0.08,1,Against the Grain Brewery,Louisville,UT
2685,London Balling,English Barleywine,16.0 oz,0.125,1,Against the Grain Brewery,Louisville,MN
2684,35 K,Milk / Sweet Stout,16.0 oz,0.077,1,Against the Grain Brewery,Louisville,KY
2683,A Beer,American Pale Ale (APA),16.0 oz,0.042,1,Temperance Beer Company,Louisville,TX
2682,Rules are Rules,German Pilsener,16.0 oz,0.05,1,Old Forge Brewing Company,Louisville,MA
2681,Flesh Gourd'n,Pumpkin Ale,16.0 oz,0.066,1,Wild Onion Brewing Company,Louisville,IA
2680,Sho'nuff,Belgian Pale Ale,16.0 oz,0.04,1,Against the Grain Brewery,Louisville,MD
2679,Bloody Show,American Pilsner,16.0 oz,0.055,1,SanTan Brewing Company,Louisville,KY
2678,Rico Sauvin,American Double / Imperial IPA,16.0 oz,0.076,1,Against the Grain Brewery,Louisville,CO
2677,Coq de la Marche,Saison / Farmhouse Ale,16.0 oz,0.051,1,Against the Grain Brewery,Louisville,KY
2676,Kamen Knuddeln,American Wild Ale,16.0 oz,0.065,1,Against the Grain Brewery,Louisville,KY
2675,Pile of Face,American IPA,16.0 oz,0.06,1,Modern Times Beer,Louisville,KY
2674,The Brown Note,English Brown Ale,16.0 oz,0.05,1,Flying Mouse Brewery,Louisville,KY
1594,Maylani's Coconut Stout,American Stout,16.0 oz,0.053,367,Airways Brewing Company,Kent,MA
1162,Oatmeal PSA,American Pale Ale (APA),16.0 oz,0.05,367,Airways Brewing Company,Kent,IN
1137,Pre Flight Pilsner,American Pilsner,16.0 oz,0.052,367,Airways Brewing Company,Kent,WA
2403,P-Town Pilsner,American Pilsner,12.0 oz,0.04,117,Alameda Brewing,Portland,TX
2402,Klickitat Pale Ale,American Pale Ale (APA),12.0 oz,0.053,117,Oskar Blues Brewery,Portland,OH
2401,Yellow Wolf Imperial IPA,American Double / Imperial IPA,12.0 oz,0.082,117,Alameda Brewing,Portland,OR
1921,Freeride APA,American Pale Ale (APA),12.0 oz,0.053,270,Alaskan Brewing Company,Juneau,IL
1920,Alaskan Amber,Altbier,12.0 oz,0.053,270,Alaskan Brewing Company,Juneau,DC
2501,Hopalicious,American Pale Ale (APA),12.0 oz,0.057,73,450 North Brewing Company,Madison,WI
1535,Kentucky Kölsch,Kölsch,16.0 oz,0.043,388,Alltech's Lexington Brewing Company,Lexington,CO
1149,Kentucky IPA,American IPA,16.0 oz,0.065,388,Anthem Brewing Company,Lexington,MI
1474,Dusty Trail Pale Ale,American Pale Ale (APA),16.0 oz,0.054,401,Amnesia Brewing Company,Washougal,WA
1473,Damnesia,American IPA,16.0 oz,0.062,401,Angry Minnow,Washougal,WY
837,Desolation IPA,American IPA,16.0 oz,0.062,401,Manayunk Brewing Company,Washougal,PA
2592,Liberty Ale,American IPA,12.0 oz,0.059,35,Anchor Brewing Company,San Francisco,CA
2578,IPA,American IPA,12.0 oz,0.065,35,Great Divide Brewing Company,San Francisco,CA
2577,Summer Wheat,American Pale Wheat Ale,12.0 oz,0.045,35,COAST Brewing Company,San Francisco,IN
2103,California Lager,American Amber / Red Lager,12.0 oz,0.049,35,Chapman's Brewing,San Francisco,CA
2102,Brotherhood Steam,California Common / Steam Beer,12.0 oz,0.056,35,Anchor Brewing Company,San Francisco,CA
2291,Blood Orange Gose,Gose,12.0 oz,0.042,171,Anderson Valley Brewing Company,Boonville,CA
1818,Keebarlin' Pale Ale,American Pale Ale (APA),12.0 oz,0.042,171,Great River Brewery,Boonville,CA
1738,"the Kimmie, the Yink and the Holy Gose",Gose,12.0 oz,0.048,171,Wynkoop Brewing Company,Boonville,SD
1563,Fall Hornin',Pumpkin Ale,12.0 oz,0.06,171,Cans Bar and Canteen,Boonville,OR
1520,Barney Flats Oatmeal Stout,Oatmeal Stout,12.0 oz,0.057,171,Sun King Brewing Company,Boonville,TX
1350,Summer Solstice,Cream Ale,12.0 oz,0.056,171,Hop Valley Brewing Company,Boonville,CA
1327,Hop Ottin' IPA,American IPA,12.0 oz,0.07,171,Hopworks Urban Brewery,Boonville,NC
1326,Boont Amber Ale,American Amber / Red Ale,12.0 oz,0.058,171,Anderson Valley Brewing Company,Boonville,MA
1221,Barney Flats Oatmeal Stout,Oatmeal Stout,12.0 oz,0.057,171,Schlafly Brewing Company,Boonville,MT
1217,El Steinber Dark Lager,Vienna Lager,16.0 oz,0.055,171,Anderson Valley Brewing Company,Boonville,CA
811,Boont Amber Ale (2010),American Amber / Red Ale,12.0 oz,0.058,171,Kenai River Brewing Company,Boonville,MA
753,Summer Solstice Cerveza Crema (2009),Cream Ale,12.0 oz,0.056,171,Anderson Valley Brewing Company,Boonville,PA
572,Barney Flats Oatmeal Stout (2012),Oatmeal Stout,12.0 oz,0.057,171,Goose Island Brewing Company,Boonville,IA
523,Winter Solstice,Winter Warmer,12.0 oz,0.069,171,Anderson Valley Brewing Company,Boonville,OH
367,Hop Ottin' IPA (2011),American IPA,12.0 oz,0.07,171,Odyssey Beerwerks,Boonville,WI
78,Boont Amber Ale (2011),American Amber / Red Ale,12.0 oz,0.058,171,Anderson Valley Brewing Company,Boonville,CA
77,Summer Solstice (2011),Cream Ale,12.0 oz,0.056,171,Big Storm Brewing Company,Boonville,MI
76,Poleeko Gold Pale Ale (2009),American Pale Ale (APA),12.0 oz,0.055,171,Anderson Valley Brewing Company,Boonville,CA
2337,Charlie's Rye IPA,American IPA,16.0 oz,0.06,146,Angry Minnow,Hayward,WI
410,River Pig Pale Ale,American Pale Ale (APA),16.0 oz,0.054,542,Berkshire Brewing Company,Hayward,CA
409,Oaky's Oatmeal Stout,Oatmeal Stout,16.0 oz,0.047,542,Angry Minnow Brewing Company,Hayward,WI
1294,Angry Orchard Apple Ginger,Cider,16.0 oz,0.05,434,Swashbuckler Brewing Company,Cincinnati,PA
1293,Angry Orchard Crisp Apple,Cider,16.0 oz,0.05,434,Angry Orchard Cider Company,Cincinnati,CO
1292,Angry Orchard Crisp Apple,Cider,12.0 oz,0.05,434,Angry Orchard Cider Company,Cincinnati,OH
2207,Golden One,Belgian Pale Ale,12.0 oz,0.068,193,Anthem Brewing Company,Oklahoma City,CO
2040,Arjuna,Witbier,12.0 oz,0.06,193,Anthem Brewing Company,Oklahoma City,OK
2039,Uroboros,American Stout,12.0 oz,0.085,193,Sun King Brewing Company,Oklahoma City,OK
2511,Long Leaf,American IPA,16.0 oz,0.071,69,Banner Beer Company,Boone,NC
2510,Honey Badger Blonde,American Blonde Ale,16.0 oz,0.047,69,Appalachian Mountain Brewery,Boone,IN
2509,Porter (a/k/a Black Gold Porter),American Porter,16.0 oz,0.06,69,Appalachian Mountain Brewery,Boone,NC
413,Sky High Rye,American Pale Ale (APA),12.0 oz,0.06,541,Martin House Brewing Company,Battle Creek,MI
390,Whitsun,American Pale Wheat Ale,12.0 oz,0.062,541,Stevens Point Brewery,Battle Creek,CA
735,On-On Ale (2008),American Pale Ale (APA),12.0 oz,0.052,513,Arctic Craft Brewery,Colorado Springs,CO
1333,Quakertown Stout,American Double / Imperial Stout,12.0 oz,0.092,426,Crystal Springs Brewing Company,Denton,AL
1332,Greenbelt Farmhouse Ale,Saison / Farmhouse Ale,12.0 oz,0.051,426,Armadillo Ale Works,Denton,MA
1172,Mo's Gose,Gose,16.0 oz,0.052,461,Armstrong Brewing Company,South San Francisco,HI
1322,Green Bullet Organic India Pale Ale,American IPA,16.0 oz,0.07,429,Payette Brewing Company,Boulder,IA
550,Rocket Girl,Kölsch,12.0 oz,0.032,528,Asheville Brewing Company,Asheville,NC
429,Ninja Porter,American Porter,12.0 oz,0.053,528,Asheville Brewing Company,Asheville,NC
428,Shiva IPA,American IPA,12.0 oz,0.06,528,Asheville Brewing Company,Asheville,NC
1640,Aslan Kölsch,Kölsch,16.0 oz,0.048,353,Aslan Brewing Company,Bellingham,NV
1639,Aslan IPA,American IPA,16.0 oz,0.077,353,Utah Brewers Cooperative,Bellingham,WA
1638,Aslan Amber,American Amber / Red Ale,16.0 oz,0.077,353,Aslan Brewing Company,Bellingham,WA
597,This Season's Blonde,American Blonde Ale,12.0 oz,0.056,523,Aspen Brewing Company,Aspen,CO
596,Independence Pass Ale,American IPA,12.0 oz,0.07,523,Aspen Brewing Company,Aspen,CO
1580,Trolley Stop Stout,American Stout,12.0 oz,0.057,374,Astoria Brewing Company,Astoria,CA
980,Bitter Bitch Imperial IPA,American Double / Imperial IPA,12.0 oz,0.082,374,Tallgrass Brewing Company,Astoria,OR
979,Poop Deck Porter,American Porter,12.0 oz,0.062,374,Astoria Brewing Company,Astoria,TX
978,Old Red Beard Amber Ale,American Amber / Red Ale,12.0 oz,0.06,374,Union Craft Brewing,Astoria,OR
2503,Hop A-Peel,American Double / Imperial IPA,16.0 oz,0.075,72,Long Trail Brewing Company,Detroit,NC
2502,Vanilla Java Porter,American Porter,16.0 oz,0.055,72,Ska Brewing Company,Detroit,MI
2495,Michelada,Fruit / Vegetable Beer,16.0 oz,0.052,72,Bonfire Brewing Company,Detroit,OK
534,Dirty Blonde Ale,American Blonde Ale,12.0 oz,0.045,72,Atwater Brewery,Detroit,CA
528,Grand Circus IPA,American IPA,12.0 oz,0.05,72,Catawba Brewing Company,Detroit,WI
527,Atwater's Lager,Munich Helles Lager,12.0 oz,0.05,72,Atwater Brewery,Detroit,IN
1409,Heavy Machinery IPA Series #1: Heavy Fist,American Black Ale,16.0 oz,0.07,413,Stillwater Artisanal Ales,Austin,TX
343,Fire Eagle IPA,American IPA,12.0 oz,0.062,413,Sly Fox Brewing Company,Austin,MN
342,Peacemaker,American Pale Ale (APA),12.0 oz,0.051,413,Austin Beerworks,Austin,TX
341,Pearl-Snap,German Pilsener,12.0 oz,0.053,413,Austin Beerworks,Austin,VT
340,Black Thunder,Schwarzbier,12.0 oz,0.052,413,Austin Beerworks,Austin,TX
2589,Raja,American Double / Imperial IPA,12.0 oz,0.08,37,Avery Brewing Company,Boulder,HI
2546,Perzik Saison,Saison / Farmhouse Ale,12.0 oz,0.064,37,Bomb Beer Company,Boulder,CA
146,Avery Joe’s Premium American Pilsner,German Pilsener,12.0 oz,0.047,37,Oskar Blues Brewery (North Carol...,Boulder,CO
108,White Rascal,Witbier,12.0 oz,0.056,37,Great Divide Brewing Company,Boulder,CO
107,Avery India Pale Ale,American IPA,12.0 oz,0.063,37,Avery Brewing Company,Boulder,CO
106,Ellie’s Brown Ale,American Brown Ale,12.0 oz,0.055,37,SanTan Brewing Company,Boulder,WI
1620,Pumpkin Beast,Pumpkin Ale,12.0 oz,0.062,360,Ska Brewing Company,Fuquay-Varina,MI
1579,OktoberBeast,Märzen / Oktoberfest,12.0 oz,0.072,360,Aviator Brewing Company,Fuquay-Varina,WA
1228,Mad Beach,American Pale Wheat Ale,12.0 oz,0.048,360,Sietsema Orchards and Cider Mill,Fuquay-Varina,NC
705,Hog Wild India Pale Ale,American IPA,12.0 oz,0.067,360,Aviator Brewing Company,Fuquay-Varina,OR
704,Devils Tramping Ground Tripel,Tripel,12.0 oz,0.092,360,Keweenaw Brewing Company,Fuquay-Varina,NC
702,Hot Rod Red,American Amber / Red Ale,12.0 oz,0.061,360,Aviator Brewing Company,Fuquay-Varina,NC
2058,Palate Mallet,American Double / Imperial IPA,12.0 oz,0.086,235,Mudshark Brewing Company,Bloomfield,CT
1483,Back East Porter,American Porter,12.0 oz,0.06,235,Back East Brewing Company,Bloomfield,MA
1426,Back East Golden Ale,American Blonde Ale,12.0 oz,0.049,235,Oskar Blues Brewery,Bloomfield,CT
1132,Misty Mountain IPA,American IPA,12.0 oz,0.07,235,Finch's Beer Company,Bloomfield,MA
1131,Back East Ale,American Amber / Red Ale,12.0 oz,0.05,235,Back East Brewing Company,Bloomfield,NE
1876,Truck Stop Honey Brown Ale,English Brown Ale,12.0 oz,0.06,286,Back Forty Beer Company,Gadsden,CO
1875,Naked Pig Pale Ale,American Pale Ale (APA),12.0 oz,0.06,286,Big Bend Brewing Company,Gadsden,WI
966,Topcutter India Pale Ale,American IPA,12.0 oz,0.068,483,Minhas Craft Brewery,Yakima,TX
965,Field 41 Pale Ale,American Pale Ale (APA),12.0 oz,0.044,483,Tin Man Brewing Company,Yakima,WA
2593,Grapefruit Sculpin,American IPA,12.0 oz,0.07,34,Ballast Point Brewing Company,San Diego,CA
2105,Even Keel,American IPA,12.0 oz,0.038,34,Ballast Point Brewing Company,San Diego,CA
1401,Ballast Point Pale Ale,Kölsch,12.0 oz,0.052,34,Ballast Point Brewing Company,San Diego,WI
1400,Big Eye India Pale Ale,American IPA,12.0 oz,0.07,34,Ballast Point Brewing Company,San Diego,AZ
1019,Longfin Lager,Munich Helles Lager,12.0 oz,0.046,34,Ballast Point Brewing Company,San Diego,CA
1018,Sculpin IPA,American IPA,12.0 oz,0.07,34,Redhook Brewery,San Diego,MO
1776,All Nighter Ale,Extra Special / Strong Bitter (ESB),12.0 oz,0.045,318,Banner Beer Company,Williamsburg,MA
1644,Banner American Rye,Rye Beer,12.0 oz,0.045,318,Santa Fe Brewing Company,Williamsburg,RI
1643,Banner American Ale,American Amber / Red Ale,12.0 oz,0.035,318,Catawba Brewing Company,Williamsburg,IN
2618,Thai.p.a,American IPA,16.0 oz,0.07,20,Hopworks Urban Brewery,Granger,IN
2005,Barrio Blanco,American IPA,12.0 oz,0.06,251,Fat Head's Brewery,Tucson,AZ
1343,Barrio Tucson Blonde,American Blonde Ale,12.0 oz,0.045,251,Barrio Brewing Company,Tucson,IN
2404,Hop in the ‘Pool Helles,American Pilsner,12.0 oz,0.049,116,Summit Brewing Company,Portland,OR
2323,Ultra Gnar Gnar IPA,American IPA,12.0 oz,0.067,116,Great Divide Brewing Company,Portland,CO
2189,In-Tents India Pale Lager,American Pale Lager,12.0 oz,0.068,116,Fort Point Beer Company,Portland,CO
2188,Lost Meridian Wit,Witbier,12.0 oz,0.05,116,Figueroa Mountain Brewing Company,Portland,OR
2187,Celestial Meridian Cascadian Dark Lager,Euro Dark Lager,12.0 oz,0.051,116,Grand Canyon Brewing Company,Portland,OR
1966,Wagon Party,California Common / Steam Beer,12.0 oz,0.054,258,Confluence Brewing Company,Minneapolis,CA
1965,Sky-Five,American IPA,12.0 oz,0.067,258,NorthGate Brewing,Minneapolis,NY
1964,Stargrazer,Schwarzbier,12.0 oz,0.05,258,Dry Dock Brewing Company,Minneapolis,MN
1963,Wonderstuff,German Pilsener,12.0 oz,0.054,258,Bauhaus Brew Labs,Minneapolis,HI
1855,Tarnation California-Style Lager,California Common / Steam Beer,12.0 oz,0.053,292,Baxter Brewing Company,Lewiston,ME
1778,On the Count of 3 (2015),Hefeweizen,16.0 oz,0.07,292,Baxter Brewing Company,Lewiston,ME
1209,Summer Swelter,American Pale Wheat Ale,12.0 oz,0.047,292,Baxter Brewing Company,Lewiston,ME
954,Phantom Punch Winter Stout,Foreign / Export Stout,12.0 oz,0.068,292,Baxter Brewing Company,Lewiston,SD
910,Hayride Autumn Ale,Rye Beer,12.0 oz,0.066,292,Baxter Brewing Company,Lewiston,ME
707,Celsius Summer Ale (2012),American Pale Wheat Ale,12.0 oz,0.047,292,Baxter Brewing Company,Lewiston,ME
533,Amber Road,American Amber / Red Ale,12.0 oz,0.055,292,Baxter Brewing Company,Lewiston,ME
183,Pamola Xtra Pale Ale,American Pale Ale (APA),12.0 oz,0.049,292,Baxter Brewing Company,Lewiston,IA
182,Stowaway IPA,American IPA,12.0 oz,0.069,292,Baxter Brewing Company,Lewiston,FL
1806,Hoptopus Double IPA,American Double / Imperial IPA,16.0 oz,0.088,306,NoDa Brewing Company,Virginia Beach,VA
2435,Watermelon Ale,Fruit / Vegetable Beer,12.0 oz,0.05,103,Snake River Brewing Company,Lowell,MA
2423,Fenway American Pale Ale,American Pale Ale (APA),12.0 oz,0.058,103,Griffin Claw Brewing Company,Lowell,MA
2420,Back Bay IPA,American IPA,12.0 oz,0.068,103,Voodoo Brewery,Lowell,CO
2419,Bunker Hill Blueberry Ale,Other,12.0 oz,0.048,103,Stevens Point Brewery,Lowell,MA
2494,Oberon,American Pale Wheat Ale,12.0 oz,0.058,76,Modern Times Beer,Kalamazoo,MI
2325,Smitten,Rye Beer,16.0 oz,0.06,76,Alltech's Lexington Brewing Company,Kalamazoo,MI
2022,Winter White,Witbier,16.0 oz,0.05,76,Cigar City Brewing Company,Kalamazoo,MI
1989,Oberon,American Pale Wheat Ale,16.0 oz,0.058,76,18th Street Brewery,Kalamazoo,OK
1988,Two Hearted,American IPA,16.0 oz,0.07,76,Bell's Brewery,Kalamazoo,TX
1955,Best Brown,American Brown Ale,16.0 oz,0.058,76,Round Guys Brewing,Kalamazoo,CT
2558,Moar,English India Pale Ale (IPA),12.0 oz,0.044,53,Angry Minnow,Roseville,WI
2557,Uber Lupin Schwarz IPA,American Double / Imperial IPA,16.0 oz,0.083,53,Bent Brewstillery,Roseville,WA
2556,Nordic Blonde,American Blonde Ale,12.0 oz,0.057,53,Bent Brewstillery,Roseville,MN
2496,Cold Press,American Black Ale,12.0 oz,0.06,75,Bent Paddle Brewing Company,Duluth,MN
2410,Harness the Winter,American IPA,12.0 oz,0.072,75,Bent Paddle Brewing Company,Duluth,IL
1902,14° ESB,Extra Special / Strong Bitter (ESB),12.0 oz,0.056,75,NorthGate Brewing,Duluth,MN
1901,Bent Hop Golden IPA,American IPA,12.0 oz,0.062,75,Bent Paddle Brewing Company,Duluth,MN
1261,Bent Paddle Black Ale,American Black Ale,12.0 oz,0.06,75,Straight to Ale,Duluth,IN
1253,Venture Pils,German Pilsener,12.0 oz,0.05,75,Cheboygan Brewing Company,Duluth,CO
1900,Lost Sailor IPA,English India Pale Ale (IPA),12.0 oz,0.055,278,Berkshire Brewing Company,South Deerfield,MA
1317,Steel Rail Extra Pale Ale,American Pale Ale (APA),12.0 oz,0.053,278,Berkshire Brewing Company,South Deerfield,MA
1158,La Frontera Premium IPA,American IPA,12.0 oz,0.078,463,Big Bend Brewing Company,Alpine,IN
1157,Tejas Lager,Czech Pilsener,12.0 oz,0.047,463,Big Bend Brewing Company,Alpine,TX
1156,Number 22 Porter,American Porter,12.0 oz,0.064,463,Shebeen Brewing Company,Alpine,TX
1155,Big Bend Hefeweizen,Hefeweizen,12.0 oz,0.056,463,Big Bend Brewing Company,Alpine,TX
1154,Terlingua Gold,American Blonde Ale,12.0 oz,0.06,463,French Broad Brewery,Alpine,TX
2104,Aprè Shred,American Strong Ale,16.0 oz,0.081,220,Big Choice Brewing,Broomfield,CO
1762,Hemlock Double IPA,American Double / Imperial IPA,12.0 oz,0.095,220,Two Brothers Brewing Company,Broomfield,CO
1422,West Portal Colorado Common Summer Ale,California Common / Steam Beer,16.0 oz,0.041,220,Fremont Brewing Company,Broomfield,CO
1067,Disconnected Red,American Amber / Red Ale,16.0 oz,0.067,220,Anchor Brewing Company,Broomfield,CO
1003,Big Elm IPA,American IPA,12.0 oz,0.07,477,Long Trail Brewing Company,Sheffield,NY
1002,Gerry Dog Stout,American Stout,12.0 oz,0.065,477,Big Elm Brewing,Sheffield,MA
1001,413 Farmhouse Ale,Saison / Farmhouse Ale,12.0 oz,0.06,477,Spiteful Brewing Company,Sheffield,AK
2639,Dark Star,American Stout,16.0 oz,0.08,8,Madtree Brewing Company,Holland,CA
2469,Ryecoe,American IPA,16.0 oz,0.062,8,Brooklyn Brewery,Holland,MI
2586,Blueberry Blonde,Fruit / Vegetable Beer,12.0 oz,0.06,40,Lumberyard Brewing Company,Murphysboro,IL
2585,Galaxy IPA,American IPA,16.0 oz,0.075,40,Blue Mountain Brewery,Murphysboro,IL
643,Big River Pilsner,Czech Pilsener,12.0 oz,0.05,519,Big River Brewing Company,Chattanooga,TN
632,House Brand IPA,American IPA,12.0 oz,0.06,519,Big River Brewing Company,Chattanooga,TN
1714,Big Sky IPA,American IPA,12.0 oz,0.062,336,Marshall Wharf Brewing Company,Missoula,MT
1713,Scape Goat Pale Ale,English Pale Ale,12.0 oz,0.05,336,Big Sky Brewing Company,Missoula,MO
1712,Montana Trout Slayer Ale,American Pale Wheat Ale,12.0 oz,0.05,336,Big Sky Brewing Company,Missoula,HI
1711,Moose Drool Brown Ale,American Brown Ale,12.0 oz,0.051,336,Lonerider Brewing Company,Missoula,RI
1456,Powder Hound Winter Ale,English Strong Ale,12.0 oz,0.072,336,Big Sky Brewing Company,Missoula,MT
767,Moose Drool Brown Ale (2011),American Brown Ale,12.0 oz,0.051,336,450 North Brewing Company,Missoula,MI
766,Montana Trout Slayer Ale (2012),American Pale Wheat Ale,12.0 oz,0.05,336,Big Sky Brewing Company,Missoula,MT
579,Big Sky IPA (2012),American IPA,12.0 oz,0.062,336,Peak Organic Brewing Company,Missoula,MT
168,Summer Honey,American Blonde Ale,12.0 oz,0.047,336,La Cumbre Brewing Company,Missoula,CO
159,Scape Goat Pale Ale (2010),English Pale Ale,12.0 oz,0.05,336,Big Sky Brewing Company,Missoula,MT
35,Montana Trout Slayer Ale (2009),American Pale Wheat Ale,12.0 oz,0.05,336,Epic Brewing,Missoula,CT
34,Moose Drool Brown Ale (2009),American Brown Ale,12.0 oz,0.051,336,"Woodstock Inn, Station & Brewery",Missoula,MT
2096,Arcus IPA,American IPA,12.0 oz,0.069,221,Big Storm Brewing Company,Odessa,NE
2095,Wavemaker,American Amber / Red Ale,12.0 oz,0.058,221,Mikerphone Brewing,Odessa,FL
1257,Jack Pine Savage,American Pale Ale (APA),16.0 oz,0.053,444,18th Street Brewery,Vadnais Heights,MN
1256,Forest Fire Imperial Smoked Rye,Rye Beer,16.0 oz,0.099,444,Big Wood Brewery,Vadnais Heights,CO
1255,Bad Axe Imperial IPA,American Double / Imperial IPA,16.0 oz,0.098,444,Big Wood Brewery,Vadnais Heights,FL
986,Morning Wood,Oatmeal Stout,16.0 oz,0.055,444,Oskar Blues Brewery (North Carol...,Vadnais Heights,MN
985,Bark Bite IPA,American IPA,16.0 oz,0.066,444,Big Wood Brewery,Vadnais Heights,NY
2508,Jalapeno Pale Ale,American Pale Ale (APA),16.0 oz,0.055,70,Mammoth Brewing Company,Charlotte,CO
1441,Blown Out Brown,American Brown Ale,12.0 oz,0.052,407,Bent Paddle Brewing Company,Hamilton,CO
1413,Single Hop Ale,American Pale Ale (APA),12.0 oz,0.063,407,Great Divide Brewing Company,Hamilton,NY
1411,Sawtooth Ale,American Blonde Ale,12.0 oz,0.054,407,Bitter Root Brewing,Hamilton,WI
2620,Saucy Intruder,Rye Beer,16.0 oz,0.072,18,Southern Prohibition Brewing Com...,Indianapolis,IN
2412,Deception,American Blonde Ale,12.0 oz,0.045,112,Black Market Brewing Company,Temecula,CA
1898,Blackmarket Rye IPA,American IPA,12.0 oz,0.075,112,Rivertowne Brewing Company,Temecula,CA
1897,Black Market Hefeweizen,Hefeweizen,12.0 oz,0.05,112,Long Trail Brewing Company,Temecula,CA
1896,Aftermath Pale Ale,American Pale Ale (APA),12.0 oz,0.058,112,Black Market Brewing Company,Temecula,CO
1850,American India Red Ale,American Strong Ale,12.0 oz,0.071,294,Black Shirt Brewing Company,Denver,CO
1849,American Red Porter,American Porter,12.0 oz,0.071,294,Black Shirt Brewing Company,Denver,KY
1848,American Red Saison,Saison / Farmhouse Ale,12.0 oz,0.078,294,Black Shirt Brewing Company,Denver,TX
1847,Colorado Red Ale,American Amber / Red Ale,12.0 oz,0.066,294,Black Shirt Brewing Company,Denver,CO
2485,Saddle Bronc Brown Ale,American Brown Ale,12.0 oz,0.048,79,Black Tooth Brewing Company,Sheridan,CA
2484,Bomber Mountain Amber Ale,American Amber / Red Ale,12.0 oz,0.046,79,Black Tooth Brewing Company,Sheridan,WY
2449,Flying Sailor,Rye Beer,12.0 oz,0.073,95,Okoboji Brewing Company,Marquette,MA
2634,Nordskye,American IPA,12.0 oz,0.048,12,Joseph James Brewing Company,Marquette,AZ
2153,North Third Stout,Foreign / Export Stout,12.0 oz,0.06,12,Blackrocks Brewery,Marquette,MI
1953,Honey Lav,American Pale Wheat Ale,12.0 oz,0.052,12,Blackrocks Brewery,Marquette,WI
1496,Coconut Brown Ale,American Brown Ale,12.0 oz,0.068,12,Blackrocks Brewery,Marquette,WY
1481,51K IPA,American IPA,12.0 oz,0.07,12,Blackrocks Brewery,Marquette,MI
1480,Grand Rabbits,Cream Ale,12.0 oz,0.055,12,Freetail Brewing Company,Marquette,MI
1564,1800 Big Log Wheat (2012),American Pale Wheat Ale,12.0 oz,0.05,380,Blue Blood Brewing Company,Lincoln,NY
1541,Double Play Pilsner,American Pilsner,12.0 oz,nan (wait to be cleaned),380,Blue Blood Brewing Company,Lincoln,TX
1321,Brewerhood Brown Ale,American Brown Ale,12.0 oz,0.055,380,Blue Blood Brewing Company,Lincoln,WI
1320,Last Call Imperial Amber Ale,American Amber / Red Ale,12.0 oz,0.08,380,Black Market Brewing Company,Lincoln,NE
1319,Pernicious Double IPA,American Double / Imperial IPA,12.0 oz,0.096,380,Chatham Brewing,Lincoln,NY
1303,6-4-3 Double Play Pilsner,German Pilsener,12.0 oz,0.052,380,Blue Blood Brewing Company,Lincoln,NE
1025,N Street Drive-In 50th Anniversary IPA,American Double / Imperial IPA,12.0 oz,nan (wait to be cleaned),380,Blue Blood Brewing Company,Lincoln,TX
1012,467 Ethan's Stout,American Stout,12.0 oz,0.05,380,Mustang Brewing Company,Lincoln,NE
942,1335 Wicked Snout,Saison / Farmhouse Ale,12.0 oz,0.064,380,Blue Blood Brewing Company,Lincoln,NE
937,543 Skull Creek Fresh Hopped Pale Ale,American Pale Ale (APA),12.0 oz,0.045,380,Blue Blood Brewing Company,Lincoln,NE
888,1327 Pod's ESB,Extra Special / Strong Bitter (ESB),12.0 oz,0.056,380,Blue Blood Brewing Company,Lincoln,NE
886,1327 Pod's ESB,Extra Special / Strong Bitter (ESB),12.0 oz,0.056,380,Blue Blood Brewing Company,Lincoln,VA
612,1327 Pod's ESB,Extra Special / Strong Bitter (ESB),12.0 oz,0.056,380,Blue Blood Brewing Company,Lincoln,NE
611,834 Happy As Ale,American Pale Ale (APA),12.0 oz,0.046,380,Hopworks Urban Brewery,Lincoln,NE
1372,Yellow Collar,Mead,12.0 oz,0.059,422,Anchor Brewing Company,Eugene,FL
1371,Green Collar,Mead,12.0 oz,0.059,422,Blue Dog Mead,Eugene,OR
1812,Quarter Mile Double IPA,American Double / Imperial IPA,12.0 oz,0.08,304,Blue Hills Brewery,Canton,RI
1547,Full Nelson Pale Ale,American Pale Ale (APA),12.0 oz,0.059,382,Against the Grain Brewery,Afton,IL
1546,Steel Wheels ESB,Extra Special / Strong Bitter (ESB),12.0 oz,0.065,382,Brewery Terra Firma,Afton,VA
1545,Blue Mountain Classic Lager,Euro Pale Lager,12.0 oz,0.053,382,Blue Mountain Brewery,Afton,VA
119,Full Nelson Pale Ale (2010),American Pale Ale (APA),12.0 oz,0.059,382,Sun King Brewing Company,Afton,VA
1408,Kölsch 151,Kölsch,12.0 oz,0.049,414,Brooklyn Brewery,Arrington,MI
2490,Professor Black,American Stout,12.0 oz,nan (wait to be cleaned),77,Blue Owl Brewing,Austin,MI
2489,Little Boss,American Pale Wheat Ale,12.0 oz,nan (wait to be cleaned),77,Blue Owl Brewing,Austin,TX
2488,Van Dayum!,American Amber / Red Ale,12.0 oz,nan (wait to be cleaned),77,Great River Brewery,Austin,TX
2487,Spirit Animal,American Pale Ale (APA),12.0 oz,nan (wait to be cleaned),77,Midnight Sun Brewing Company,Austin,TX
939,Toxic Sludge,American Black Ale,16.0 oz,0.07,489,White Flame Brewing Company,Patchogue,IL
692,Blue Point White IPA,American White IPA,12.0 oz,0.06,489,4 Hands Brewing Company,Patchogue,NY
667,Blue Point Summer Ale,American Blonde Ale,12.0 oz,0.044,489,Blue Point Brewing Company,Patchogue,NY
665,Toasted Lager,Vienna Lager,12.0 oz,0.055,489,Cape Ann Brewing Company,Patchogue,NY
1607,Bohemian Export Lager,Dortmunder / Export Lager,12.0 oz,0.06,364,O'Fallon Brewery,Midvale,UT
1597,Altus Bohemes Altbier,Altbier,12.0 oz,0.053,364,Cedar Creek Brewery,Midvale,UT
344,Cherny Bock,Schwarzbier,12.0 oz,0.04,364,Mike Hess Brewing Company,Midvale,UT
89,Czech Pilsner,Czech Pilsener,12.0 oz,0.05,364,Bohemian Brewery,Midvale,UT
88,Viennese Lager,Vienna Lager,12.0 oz,0.05,364,Saint Archer Brewery,Midvale,NJ
1569,Mad Manatee IPA,American IPA,12.0 oz,0.065,378,Wingman Brewers,Jacksonville,FL
1568,Killer Whale Cream Ale,Cream Ale,12.0 oz,0.055,378,Voodoo Brewery,Jacksonville,ID
1188,Duke's Cold Nose Brown Ale,American Brown Ale,12.0 oz,0.06,378,Weston Brewing Company,Jacksonville,TX
1891,Longhop IPA,American IPA,16.0 oz,0.042,281,Round Guys Brewing,Ridgefield Park,NJ
1890,Lucky Buck,Irish Dry Stout,16.0 oz,0.04,281,Uncle John's Fruit House Winery,Ridgefield Park,TX
577,Bomb Lager (New Recipe),Munich Helles Lager,12.0 oz,0.051,525,Dry Dock Brewing Company,New York,NY
513,Bomb Lager (Old Recipe),Munich Helles Lager,12.0 oz,0.045,525,Bomb Beer Company,New York,NY
2422,Firestarter India Pale Ale,American IPA,12.0 oz,0.066,107,Bonfire Brewing Company,Eagle,OH
1727,Kilt Dropper Scotch Ale,Scotch Ale / Wee Heavy,16.0 oz,0.075,107,Bonfire Brewing Company,Eagle,CO
1614,Wood Splitter Pilsner,Czech Pilsener,16.0 oz,0.048,107,Sockeye Brewing Company,Eagle,CO
1613,Gyptoberfest,Märzen / Oktoberfest,12.0 oz,0.056,107,Bonfire Brewing Company,Eagle,OR
1549,Farmer Wirtz India Pale Ale,English India Pale Ale (IPA),16.0 oz,0.07,107,Frankenmuth Brewery,Eagle,CO
1548,Slow & Steady Golden Ale,American Blonde Ale,12.0 oz,0.047,107,Bonfire Brewing Company,Eagle,CO
1517,Pink-I Raspberry IPA,American IPA,16.0 oz,0.068,107,Bonfire Brewing Company,Eagle,CO
1500,Moe's Original Bar B Que 'Bama Brew Golden Ale,American Blonde Ale,12.0 oz,0.047,107,Bonfire Brewing Company,Eagle,CO
1421,Live Local Golden Ale,American Blonde Ale,12.0 oz,0.047,107,Capital Brewery,Eagle,ME
1360,Screaming Eagle Special Ale ESB,Extra Special / Strong Bitter (ESB),12.0 oz,0.048,107,Bonfire Brewing Company,Eagle,OH
1184,Dirtbag Dunkel,Munich Dunkel Lager,16.0 oz,0.049,107,Upslope Brewing Company,Eagle,CO
1183,Kindler Pale Ale,American Pale Ale (APA),12.0 oz,0.053,107,Fort George Brewery,Eagle,PA
1023,Mistress Winter Wheat,Winter Warmer,12.0 oz,0.064,107,Bonfire Brewing Company,Eagle,CO
998,Tent Pole Vanilla Porter,American Porter,16.0 oz,0.061,107,Sly Fox Brewing Company,Eagle,MI
997,Awry Rye Pale Ale,American Pale Ale (APA),12.0 oz,0.058,107,Bonfire Brewing Company,Eagle,VA
996,Demshitz Brown Ale,American Brown Ale,12.0 oz,0.058,107,Stevens Point Brewery,Eagle,MI
931,Wood Splitter Pilsner (2012),Czech Pilsener,12.0 oz,0.048,107,Bonfire Brewing Company,Eagle,CO
798,Brush Creek Blonde,American Blonde Ale,16.0 oz,0.048,107,Oskar Blues Brewery,Eagle,CO
633,Firestarter India Pale Ale,American IPA,16.0 oz,0.066,107,Bonfire Brewing Company,Eagle,OH
2062,Noche Dulce,American Porter,16.0 oz,0.071,231,Upslope Brewing Company,Tucson,CA
1830,Porch Rocker,Radler,12.0 oz,0.045,300,Boston Beer Company,Boston,OK
1629,Rebel IPA,American IPA,16.0 oz,0.065,300,Boston Beer Company,Boston,MA
1601,Cold Snap,Witbier,12.0 oz,0.055,300,Boston Beer Company,Boston,MA
1427,Samuel Adams Winter Lager,Bock,12.0 oz,0.056,300,Real Ale Brewing Company,Boston,NC
1349,Boston Lager,Vienna Lager,16.0 oz,0.049,300,Boston Beer Company,Boston,NC
1310,Boston Lager,Vienna Lager,12.0 oz,0.049,300,Boston Beer Company,Boston,OR
1281,Samuel Adams Octoberfest,Märzen / Oktoberfest,12.0 oz,0.053,300,Borderlands Brewing Company,Boston,MA
1144,Samuel Adams Summer Ale,American Pale Wheat Ale,12.0 oz,0.053,300,KelSo Beer Company,Boston,TX
1143,Boston Lager,Vienna Lager,12.0 oz,0.049,300,Boston Beer Company,Boston,MN
1395,Hazed & Infused,American Pale Ale (APA),12.0 oz,0.049,417,Emerald City Beer Company,Boulder,MO
808,Hoopla Pale Ale,American Pale Ale (APA),12.0 oz,0.057,417,Sockeye Brewing Company,Boulder,MT
81,Hazed & Infused (2010),American Pale Ale (APA),12.0 oz,0.049,417,Bare Hands Brewery,Boulder,AK
2596,Heavy Lifting,American IPA,12.0 oz,0.062,31,Brewery Vivant,Kansas City,IL
2300,1492,American Pale Ale (APA),12.0 oz,0.065,167,Deep Ellum Brewing Company,West Chester,CO
2299,Mango Ginger,American IPA,12.0 oz,0.058,167,Burn 'Em Brewing,West Chester,MI
2298,Passenger,English Dark Mild Ale,12.0 oz,0.047,167,Boxcar Brewing Company,West Chester,TX
2107,Plum St. Porter,American Porter,12.0 oz,0.06,219,Bozeman Brewing Company,Bozeman,NE
1573,Plum St. Porter,American Porter,12.0 oz,0.057,219,Bozeman Brewing Company,Bozeman,MT
1289,Bozone HopZone IPA,American IPA,12.0 oz,0.07,219,Bozeman Brewing Company,Bozeman,MT
1288,Bozone Hefe Weizen,Hefeweizen,12.0 oz,0.06,219,Bozeman Brewing Company,Bozeman,MI
470,Bozone Select Amber Ale,American Amber / Red Ale,12.0 oz,0.055,219,Anthem Brewing Company,Bozeman,MT
2167,Evil Owl,American Amber / Red Ale,12.0 oz,0.052,207,Horny Goat Brew Pub,San Antonio,TX
2204,Post Time Kölsch,Kölsch,16.0 oz,0.05,195,Breakside Brewery,Portland,TX
1522,Agave Wheat,American Pale Wheat Ale,12.0 oz,0.042,391,Orpheus Brewing,Denver,CO
397,SummerBright Ale,American Pale Wheat Ale,12.0 oz,0.045,391,Black Market Brewing Company,Denver,CO
193,Lucky U IPA,American IPA,12.0 oz,0.062,391,Breckenridge Brewery,Denver,CO
83,Avalanche Ale,American Amber / Red Ale,12.0 oz,0.054,391,Brewery Vivant,Denver,PA
1802,"You're My Boy, Blue",Fruit / Vegetable Beer,12.0 oz,0.05,308,Evil Czech Brewery,Tampa,FL
1801,Last Stop IPA,American IPA,12.0 oz,0.072,308,Brew Bus Brewing,Tampa,FL
1800,Rollin Dirty Red Ale,Irish Red Ale,12.0 oz,0.05,308,Great Crescent Brewery,Tampa,OK
1799,Are Wheat There Yet?,American Pale Wheat Ale,12.0 oz,0.055,308,Emerald City Beer Company,Tampa,NC
2619,Insert Hop Reference,American Pale Ale (APA),16.0 oz,0.058,19,Grand Canyon Brewing Company,Plainfield,MT
2468,Manitou Amber,American Amber / Red Ale,16.0 oz,0.053,85,Bolero Snort Brewery,Traverse City,CA
2637,Belfort,Saison / Farmhouse Ale,16.0 oz,0.067,10,Brewery Vivant,Grand Rapids,MI
2636,Star Runner,Belgian Pale Ale,16.0 oz,0.06,10,Brewery Vivant,Grand Rapids,MI
2598,Tart Side of the Barrel,American Double / Imperial Stout,16.0 oz,0.098,10,Brewery Vivant,Grand Rapids,MI
2597,Linnaeus Mango IPA,American IPA,16.0 oz,0.06,10,Indeed Brewing Company,Grand Rapids,MI
2548,Beasts A'Burnin',Rauchbier,16.0 oz,0.07,10,Brewery Vivant,Grand Rapids,MI
2542,Verdun,Bière de Garde,16.0 oz,0.077,10,Brewery Vivant,Grand Rapids,AZ
2541,Barrel Aged Triomphe,Belgian IPA,16.0 oz,0.065,10,Pateros Creek Brewing Company,Grand Rapids,MI
2504,Cherry Doppelbock,Doppelbock,16.0 oz,0.065,10,Great River Brewery,Grand Rapids,NE
2500,Tropical Saison,Saison / Farmhouse Ale,16.0 oz,0.065,10,Capital Brewery,Grand Rapids,MI
2499,Beach Patrol,Witbier,16.0 oz,0.065,10,Brewery Vivant,Grand Rapids,MI
2498,Nuit Serpent,Belgian IPA,16.0 oz,0.05,10,Matt Brewing Company,Grand Rapids,FL
2481,Paris,Saison / Farmhouse Ale,16.0 oz,0.09,10,Brewery Vivant,Grand Rapids,MN
2476,The Grand Army,Belgian IPA,16.0 oz,0.055,10,Brewery Vivant,Grand Rapids,CO
2467,Acidulated Trip,Saison / Farmhouse Ale,16.0 oz,0.059,10,Dock Street Brewery,Grand Rapids,TX
2466,Root Stock,Rye Beer,16.0 oz,0.066,10,Moat Mountain Smoke House & Brew...,Grand Rapids,MI
2465,Mind Games,Dunkelweizen,16.0 oz,0.041,10,Brewery Vivant,Grand Rapids,IL
2433,Sous Chef,Belgian Strong Pale Ale,16.0 oz,0.082,10,Brewery Vivant,Grand Rapids,WI
2418,Dubbelicious,Dubbel,16.0 oz,0.065,10,Brewery Vivant,Grand Rapids,MI
2416,Psychopomp,Belgian Dark Ale,16.0 oz,0.062,10,Two Beers Brewing Company,Grand Rapids,CO
2382,Fat Paczki,Belgian Dark Ale,16.0 oz,nan (wait to be cleaned),10,Brewery Vivant,Grand Rapids,MI
2381,Earth-Like Planets,Belgian Pale Ale,16.0 oz,nan (wait to be cleaned),10,Brewery Vivant,Grand Rapids,MI
2290,Ski Patrol,Witbier,16.0 oz,0.061,10,Spiteful Brewing Company,Grand Rapids,MI
2241,Viking Ice Hole,Oatmeal Stout,16.0 oz,0.063,10,Abita Brewing Company,Grand Rapids,MI
2240,Rye Porter,American Porter,16.0 oz,0.056,10,Tröegs Brewing Company,Grand Rapids,CO
2137,Wizard Burial Ground,Quadrupel (Quad),16.0 oz,0.099,10,Brewery Vivant,Grand Rapids,MI
2101,Smoky Wheat,Rauchbier,16.0 oz,0.051,10,The Dudes' Brewing Company,Grand Rapids,MA
2092,BRIPA,Belgian IPA,16.0 oz,0.062,10,Brewery Vivant,Grand Rapids,OR
2091,Mela,Belgian Dark Ale,16.0 oz,0.062,10,Brewery Vivant,Grand Rapids,NC
2086,W.I.P.A Snappa,Belgian IPA,16.0 oz,0.053,10,Brewery Vivant,Grand Rapids,MI
2023,Pepper in the Rye,Rye Beer,16.0 oz,0.063,10,Brewery Vivant,Grand Rapids,CA
2006,Moe Lasses',American Stout,16.0 oz,0.064,10,Brewery Vivant,Grand Rapids,MN
1997,Pumpkin Tart,Fruit / Vegetable Beer,16.0 oz,0.07,10,Brewery Vivant,Grand Rapids,MI
1977,Undertaker,Belgian Dark Ale,16.0 oz,0.067,10,Firestone Walker Brewing Company,Grand Rapids,MI
1976,Undertaker (2014),Belgian Dark Ale,16.0 oz,0.067,10,Brewery Vivant,Grand Rapids,KY
1974,Coq D'Or,Belgian Pale Ale,16.0 oz,0.05,10,Heavy Seas Beer,Grand Rapids,MI
1973,North French,Bière de Garde,16.0 oz,0.06,10,Brewery Vivant,Grand Rapids,MI
1959,Agent a Deux,Belgian Dark Ale,16.0 oz,0.065,10,Brewery Vivant,Grand Rapids,IN
1958,Belgian Wit,Witbier,16.0 oz,0.045,10,Utah Brewers Cooperative,Grand Rapids,VA
1949,Pothole Stout,American Stout,16.0 oz,0.063,10,Three Pints Brewing,Grand Rapids,MI
1947,Tree Bucket,Belgian IPA,16.0 oz,0.093,10,Brewery Vivant,Grand Rapids,MI
1785,Le Flaneur Ale,American Wild Ale,16.0 oz,0.073,10,Brewery Vivant,Grand Rapids,MI
1651,Maize & Blueberry,Fruit / Vegetable Beer,16.0 oz,0.056,10,Brewery Vivant,Grand Rapids,MI
1443,Trebuchet Double IPA,American Double / Imperial IPA,16.0 oz,0.093,10,Brewery Vivant,Grand Rapids,MI
1352,Contemplation,Bière de Garde,16.0 oz,0.065,10,Brewery Vivant,Grand Rapids,VT
1267,Black Rabbit,American Black Ale,16.0 oz,0.05,10,Tröegs Brewing Company,Grand Rapids,CO
1266,Zaison,Saison / Farmhouse Ale,16.0 oz,0.09,10,Bohemian Brewery,Grand Rapids,MI
1178,Vivant Tripel,Tripel,16.0 oz,0.082,10,Brewery Vivant,Grand Rapids,MI
1136,Tart Side of the Moon,Belgian Dark Ale,16.0 oz,0.098,10,Brewery Vivant,Grand Rapids,MI
1044,Big Red Coq,American Amber / Red Ale,16.0 oz,0.06,10,Cigar City Brewing Company,Grand Rapids,MT
1033,Hubris Quadrupel Anniversary Ale,Quadrupel (Quad),16.0 oz,0.099,10,Brewery Vivant,Grand Rapids,CO
1031,Plow Horse Belgian Style Imperial Stout,American Double / Imperial Stout,16.0 oz,0.095,10,Anderson Valley Brewing Company,Grand Rapids,MI
909,Escoffier Bretta Ale,American Wild Ale,16.0 oz,0.092,10,Rivertowne Brewing Company,Grand Rapids,MI
873,Contemplation (2012),Bière de Garde,16.0 oz,0.065,10,Coastal Empire Beer Company,Grand Rapids,CO
860,Vivant Belgian Style Imperial Stout (2012),Russian Imperial Stout,16.0 oz,0.099,10,Jackie O's Pub & Brewery,Grand Rapids,IL
677,Big Red Coq (2012),American Amber / Red Ale,16.0 oz,0.062,10,Brewery Vivant,Grand Rapids,MI
671,Zaison (2012),Saison / Farmhouse Ale,16.0 oz,0.09,10,Sun King Brewing Company,Grand Rapids,OK
670,Vivant Tripel (2012),Tripel,16.0 oz,0.092,10,Vander Mill Ciders,Grand Rapids,WI
669,Trebuchet Double IPA (2012),Belgian IPA,16.0 oz,0.097,10,Brewery Vivant,Grand Rapids,PA
627,Kludde,Belgian Strong Dark Ale,16.0 oz,0.085,10,Brewery Vivant,Grand Rapids,MI
387,Farm Hand,Saison / Farmhouse Ale,16.0 oz,0.055,10,Ballast Point Brewing Company,Grand Rapids,CA
385,Solitude,Belgian Pale Ale,16.0 oz,0.06,10,Brewery Vivant,Grand Rapids,MI
384,Triomphe,Belgian IPA,16.0 oz,0.065,10,Brewery Vivant,Grand Rapids,OR
1096,Tampa Pale Ale,American Pale Ale (APA),12.0 oz,nan (wait to be cleaned),467,Brindle Dog Brewing Company,Tampa Bay,IN
1095,Orange Grove Wheat Ale,American Pale Wheat Ale,12.0 oz,nan (wait to be cleaned),467,Brewery Vivant,Tampa Bay,FL
2456,Broad Brook Ale,American Amber / Red Ale,16.0 oz,0.061,89,Broad Brook Brewing LLC,East Windsor,ID
921,Northern Lights Amber Ale,American Amber / Red Ale,12.0 oz,0.05,493,Boston Beer Company,Anchorage,CA
920,Polar Pale Ale,American Pale Ale (APA),12.0 oz,0.052,493,Fiddlehead Brewing Company,Anchorage,HI
919,Chugach Session Ale,Cream Ale,12.0 oz,0.048,493,Broken Tooth Brewing Company,Anchorage,AK
648,Fairweather IPA,American IPA,12.0 oz,0.061,493,Broken Tooth Brewing Company,Anchorage,AK
1279,East India Pale Ale,English India Pale Ale (IPA),16.0 oz,0.068,437,Renegade Brewing Company,Brooklyn,CO
756,Brooklyn Summer Ale,English Pale Mild Ale,12.0 oz,0.045,437,Brooklyn Brewery,Brooklyn,NY
566,East India Pale Ale,English India Pale Ale (IPA),12.0 oz,0.068,437,Tallgrass Brewing Company,Brooklyn,CA
328,Brooklyn Summer Ale (2011),English Pale Mild Ale,12.0 oz,0.045,437,Great River Brewery,Brooklyn,VA
66,Brooklyn Lager (16 oz.),American Amber / Red Lager,16.0 oz,0.052,437,Southern Prohibition Brewing Com...,Brooklyn,CA
65,Brooklyn Lager (12 oz.),American Amber / Red Lager,12.0 oz,0.052,437,Brooklyn Brewery,Brooklyn,NY
538,Tour de Nez Belgian IPA (Current),Belgian IPA,16.0 oz,0.08,530,Amnesia Brewing Company,Reno,CT
504,Roler Bock (Current),Maibock / Helles Bock,16.0 oz,nan (wait to be cleaned),530,Modern Monks Brewery,Reno,NV
383,Black Adder IBA (Current),American Black Ale,16.0 oz,0.073,530,Mehana Brewing Co.,Reno,NV
29,Very Noddy Lager (Current),Schwarzbier,16.0 oz,0.099,530,Buckbean Brewing Company,Reno,NV
28,Tule Duck Red Ale (Current),American Amber / Red Ale,16.0 oz,0.062,530,Buckbean Brewing Company,Reno,IN
27,Original Orange Blossom Ale (Current),Herbed / Spiced Beer,16.0 oz,0.058,530,Buckbean Brewing Company,Reno,IN
26,Black Noddy Lager (Current),Schwarzbier,16.0 oz,0.052,530,COOP Ale Works,Reno,CO
1627,Cleveland Beer Week 2013,Munich Helles Lager,16.0 oz,0.053,357,Roanoke Railhouse Brewery,Cleveland,IN
2552,Painted Turtle,American Pale Ale (APA),12.0 oz,0.045,56,BuckleDown Brewing,Lyons,IL
2125,1836,American Blonde Ale,12.0 oz,0.06,214,Crazy Mountain Brewing Company,Houston,TX
2124,Summer's Wit,Witbier,12.0 oz,0.06,214,Buffalo Bayou Brewing Company,Houston,TX
2123,More Cowbell,American Double / Imperial IPA,16.0 oz,0.09,214,Buffalo Bayou Brewing Company,Houston,NY
2608,Wrath of Pele,American Brown Ale,16.0 oz,0.065,24,SanTan Brewing Company,Michigan City,IN
2607,Black Beer'd,American Black Ale,16.0 oz,0.068,24,Carolina Beer & Beverage,Michigan City,IN
2606,Mr. Tea,Fruit / Vegetable Beer,24.0 oz,0.078,24,Burn 'Em Brewing,Michigan City,IN
2478,Pale Alement,American Pale Ale (APA),12.0 oz,0.055,24,Burn 'Em Brewing,Michigan City,IN
2471,Hopkick Dropkick,American Double / Imperial IPA,12.0 oz,0.099,24,Oskar Blues Brewery,Michigan City,IN
2470,Kreamed Corn,Cream Ale,12.0 oz,0.06,24,Portside Brewery,Michigan City,IN
2464,Coconoats,American Pale Wheat Ale,16.0 oz,0.065,24,Burn 'Em Brewing,Michigan City,CO
2160,Joey Wheat,American Pale Wheat Ale,16.0 oz,0.068,24,Ska Brewing Company,Michigan City,WA
2158,3:33 Black IPA,American IPA,16.0 oz,0.072,24,Burn 'Em Brewing,Michigan City,WA
2072,MCA,American IPA,16.0 oz,0.068,24,Angry Orchard Cider Company,Michigan City,IN
2054,Pale Alement,American Pale Ale (APA),16.0 oz,0.055,24,Burn 'Em Brewing,Michigan City,OK
2196,Couch Select Lager,American Pale Lager,12.0 oz,0.05,197,Brewery Vivant,Portland,OR
668,Mucho Aloha Hawaiian Pale Ale,American Pale Ale (APA),12.0 oz,0.056,517,SanTan Brewing Company,Carlsbad,CA
52,Heinnieweisse Weissebier,Hefeweizen,12.0 oz,0.049,556,Finch's Beer Company,Garrattsville,NY
51,Snapperhead IPA,American IPA,12.0 oz,0.068,556,Butternuts Beer and Ale,Garrattsville,NY
50,Moo Thunder Stout,Milk / Sweet Stout,12.0 oz,0.049,556,Butternuts Beer and Ale,Garrattsville,IN
49,Porkslap Pale Ale,American Pale Ale (APA),12.0 oz,0.043,556,Butternuts Beer and Ale,Garrattsville,NY
2657,Blackbeard,American Double / Imperial Stout,12.0 oz,0.093,5,Tamarack Brewing Company,Charleston,SC
2656,Rye Knot,American Brown Ale,12.0 oz,0.062,5,COAST Brewing Company,Charleston,SC
2655,Dead Arm,American Pale Ale (APA),12.0 oz,0.06,5,Sixpoint Craft Ales,Charleston,SC
2654,32°/50° Kölsch,Kölsch,16.0 oz,0.048,5,Harpoon Brewery,Charleston,MO
2653,HopArt,American IPA,16.0 oz,0.077,5,COAST Brewing Company,Charleston,SC
2652,Boy King,American Double / Imperial IPA,16.0 oz,0.097,5,Brewery Vivant,Charleston,SC
2252,Gran Sport,American Porter,16.0 oz,0.052,182,COOP Ale Works,Oklahoma City,ME
2214,Horny Toad Cerveza,American Blonde Ale,16.0 oz,0.053,182,White Flame Brewing Company,Oklahoma City,MA
2213,Native Amber,American Amber / Red Ale,16.0 oz,0.063,182,Revolution Brewing,Oklahoma City,MO
1442,F5 IPA,American IPA,16.0 oz,0.068,182,Boston Beer Company,Oklahoma City,OK
170,Native Amber (2013),American Amber / Red Ale,16.0 oz,0.063,182,South Austin Brewery,Oklahoma City,KY
169,Horny Toad Cerveza (2013),American Blonde Ale,16.0 oz,0.053,182,COOP Ale Works,Oklahoma City,WI
2315,Hopportunity Knocks IPA,American IPA,12.0 oz,0.068,155,Madtree Brewing Company,Ashland,FL
1808,Pilot Rock Porter,American Porter,12.0 oz,0.06,155,Latitude 42 Brewing Company,Ashland,TX
1419,Caldera Pale Ale,American Pale Ale (APA),12.0 oz,0.056,155,Caldera Brewing Company,Ashland,MI
878,Lawnmower Lager,American Adjunct Lager,12.0 oz,0.039,155,Caldera Brewing Company,Ashland,ME
794,Ashland Amber Ale (2009),American Amber / Red Ale,12.0 oz,0.054,155,Upslope Brewing Company,Ashland,NY
793,Caldera IPA (2009),American IPA,12.0 oz,0.061,155,Caldera Brewing Company,Ashland,OR
792,Caldera IPA (2007),American IPA,12.0 oz,0.061,155,Tin Roof Brewing Company,Ashland,OR
791,Caldera Pale Ale (2010),American Pale Ale (APA),12.0 oz,0.056,155,Caldera Brewing Company,Ashland,OR
790,Caldera Pale Ale (2009),American Pale Ale (APA),12.0 oz,0.056,155,Caldera Brewing Company,Ashland,OR
789,Caldera Pale Ale (2005),American Pale Ale (APA),12.0 oz,0.056,155,Caldera Brewing Company,Ashland,IL
788,Caldera Pale Ale (2007),American Pale Ale (APA),12.0 oz,0.056,155,Caldera Brewing Company,Ashland,OR
38,Caldera Pale Ale (2011),American Pale Ale (APA),12.0 oz,0.056,155,Golden Road Brewing,Ashland,OH
37,Ashland Amber Ale,American Amber / Red Ale,12.0 oz,0.054,155,Caldera Brewing Company,Ashland,TX
36,Caldera IPA,American IPA,12.0 oz,0.061,155,Two Roads Brewing Company,Ashland,OR
2257,Remain in Light,American Pilsner,12.0 oz,0.05,178,Fort George Brewery,Cambridge,CO
2256,Flower Child (2014),American IPA,12.0 oz,0.065,178,Coastal Extreme Brewing Company,Cambridge,RI
870,THP White (2006),Witbier,12.0 oz,nan (wait to be cleaned),497,Cans Bar and Canteen,Charlotte,IA
869,THP Amber (2006),American Amber / Red Ale,12.0 oz,nan (wait to be cleaned),497,Union Craft Brewing,Charlotte,NC
868,THP Light (2006),American Blonde Ale,12.0 oz,nan (wait to be cleaned),497,Cans Bar and Canteen,Charlotte,NC
867,THP Dark (2006),English Dark Mild Ale,12.0 oz,nan (wait to be cleaned),497,Two Roads Brewing Company,Charlotte,NC
2068,Imperial Pumpkin Stout,Pumpkin Ale,16.0 oz,0.099,230,Cape Ann Brewing Company,Gloucester,MA
2067,Dead-Eye DIPA,American Double / Imperial IPA,16.0 oz,0.09,230,Sixpoint Craft Ales,Gloucester,MA
2066,Fisherman's IPA,American IPA,12.0 oz,0.055,230,Grand Canyon Brewing Company,Gloucester,MA
2065,Fisherman's Pils,German Pilsener,12.0 oz,0.054,230,Stevens Point Brewery,Gloucester,CO
2064,Fisherman's Brew,American Amber / Red Ale,12.0 oz,0.055,230,Cape Ann Brewing Company,Gloucester,MA
1928,Cape Cod Red,American Amber / Red Ale,16.0 oz,0.055,267,21st Amendment Brewery,Hyannis,ID
1927,Beach Blonde,American Blonde Ale,16.0 oz,0.049,267,Cape Cod Beer,Hyannis,MA
2227,Dark Voyage Black IPA (2013),American Black Ale,12.0 oz,0.065,192,Capital Brewery,Middleton,WI
2226,Wisconsin Amber,Vienna Lager,12.0 oz,0.052,192,Capital Brewery,Middleton,WI
2225,Lake House,Munich Helles Lager,12.0 oz,0.046,192,Fate Brewing Company,Middleton,CO
1954,Ghost Ship White IPA,American IPA,12.0 oz,0.056,192,Broken Tooth Brewing Company,Middleton,RI
1910,Lake House,Munich Helles Lager,16.0 oz,0.046,192,21st Amendment Brewery,Middleton,WI
1177,Mutiny IPA,American IPA,12.0 oz,0.062,192,Sun King Brewing Company,Middleton,NC
840,Wisconsin Amber (1998),Vienna Lager,12.0 oz,0.052,192,Capital Brewery,Middleton,MA
180,Island Wheat,American Pale Wheat Ale,12.0 oz,0.042,192,James Page Brewing Company,Middleton,PA
63,Wisconsin Amber (2013),Vienna Lager,12.0 oz,0.052,192,Mission Brewery,Middleton,RI
62,U.S. Pale Ale,American Pale Ale (APA),12.0 oz,0.05,192,Capital Brewery,Middleton,IN
61,Supper Club Lager,American Pale Lager,12.0 oz,nan (wait to be cleaned),192,COOP Ale Works,Middleton,WI
784,Carolina Lighthouse (2007),American Blonde Ale,12.0 oz,0.04,504,Carolina Beer & Beverage,Mooresville,MA
783,Carolina Blonde (2006),American Blonde Ale,12.0 oz,0.05,504,Carolina Beer & Beverage,Mooresville,NC
782,Carolina Blonde Light (2005),American Blonde Ale,12.0 oz,0.035,504,Carolina Beer & Beverage,Mooresville,TX
2255,Santa's Secret,Winter Warmer,16.0 oz,0.059,179,Carolina Brewery,Pittsboro,MN
530,Flagship IPA,English India Pale Ale (IPA),12.0 oz,0.057,179,Boston Beer Company,Pittsboro,NC
427,Sky Blue Golden Ale,Kölsch,12.0 oz,0.051,179,Carolina Brewery,Pittsboro,NC
2094,Epitome,American Black Ale,16.0 oz,0.099,222,New Belgium Brewing Company,Atlantic Highlands,OR
1941,Monkey Chased the Weasel,Berliner Weissbier,16.0 oz,0.039,222,Carton Brewing Company,Atlantic Highlands,IL
1940,077XX,American Double / Imperial IPA,16.0 oz,0.078,222,Carton Brewing Company,Atlantic Highlands,IA
1439,Boat Beer,American IPA,12.0 oz,0.042,222,450 North Brewing Company,Atlantic Highlands,NJ
1465,Granny Smith Hard Apple Cider,Cider,16.0 oz,0.069,404,Cascadia Ciderworks United,Portland,NY
1464,Dry Hard Apple Cider,Cider,16.0 oz,0.069,404,Uinta Brewing Company,Portland,AZ
1744,Farmer Ted's Cream Ale,Cream Ale,12.0 oz,0.056,331,Catawba Brewing Company,Morganton,RI
1743,Firewater India Pale Ale,American IPA,12.0 oz,0.052,331,Brewery Vivant,Morganton,CA
1742,White Zombie Ale,Witbier,12.0 oz,0.047,331,Catawba Brewing Company,Morganton,NC
1719,King Winterbolt Winter Ale,Winter Warmer,12.0 oz,0.07,331,Catawba Brewing Company,Morganton,MI
638,White Zombie Ale,Witbier,12.0 oz,0.047,331,Catawba Brewing Company,Morganton,NC
507,Firewater India Pale Ale,American IPA,12.0 oz,0.052,331,Catawba Brewing Company,Morganton,NC
480,Farmer Ted's Farmhouse Cream Ale,Cream Ale,12.0 oz,0.056,331,Catawba Brewing Company,Morganton,NC
1882,Whitecap Wit,Witbier,16.0 oz,0.048,285,Catawba Island Brewing,Port Clinton,OH
1881,Seiche Scottish Ale,Scottish Ale,16.0 oz,0.078,285,Catawba Island Brewing,Port Clinton,CA
2446,Peanut Butter Jelly Time,American Brown Ale,12.0 oz,0.058,96,Oskar Blues Brewery (North Carol...,Morganton,OR
2106,King Coconut,American Porter,12.0 oz,0.054,96,Karbach Brewing Company,Morganton,NC
2600,Gone A-Rye,American Double / Imperial IPA,16.0 oz,0.085,29,Cedar Creek Brewery,Seven Points,TX
2210,Special Release,nan (wait to be cleaned),16.0 oz,nan (wait to be cleaned),29,Wachusett Brewing Company,Seven Points,TX
2052,Dankosaurus,American IPA,16.0 oz,0.068,29,Cedar Creek Brewery,Seven Points,TX
1584,Scruffy's Smoked Alt,Smoked Beer,16.0 oz,0.051,29,Tapistry Brewing,Seven Points,TX
1182,Elliott's Phoned Home Pale Ale,American Pale Ale (APA),16.0 oz,0.051,29,Cedar Creek Brewery,Seven Points,TX
1050,The Lawn Ranger,Cream Ale,16.0 oz,0.05,29,Cedar Creek Brewery,Seven Points,TX
1219,All American Blonde Ale,American Blonde Ale,12.0 oz,0.05,452,Blue Mountain Brewery,Edwards,CO
1218,All American Red Ale,American Amber / Red Ale,12.0 oz,0.05,452,Centennial Beer Company,Edwards,CO
2377,Main St. Virginia Ale,Altbier,12.0 oz,0.05,122,Center of the Universe Brewing Company,Ashland,VA
1839,Chin Music Amber Lager,American Amber / Red Lager,12.0 oz,0.045,122,Worthy Brewing Company,Ashland,WI
1248,Main St. Virginia Ale,Altbier,12.0 oz,0.05,122,Center of the Universe Brewing Company,Ashland,CO
1247,Ray Ray’s Pale Ale,American Pale Ale (APA),12.0 oz,0.052,122,Center of the Universe Brewing Company,Ashland,TX
1649,Chai Ale,Herbed / Spiced Beer,16.0 oz,0.051,350,Central Coast Brewing Company,San Luis Obispo,MA
1648,Lucky Day IPA,American IPA,16.0 oz,0.072,350,Tröegs Brewing Company,San Luis Obispo,OR
1647,Terrace Hill Double IPA,American Double / Imperial IPA,16.0 oz,0.095,350,Central Coast Brewing Company,San Luis Obispo,CA
1646,Catch 23,American Black Ale,16.0 oz,0.075,350,Central Coast Brewing Company,San Luis Obispo,CA
2057,Stickin' In My Rye,Rye Beer,24.0 oz,0.07,236,Champion Brewing Company,Charlottesville,VA
2056,Black Me Stout,American Stout,12.0 oz,0.06,236,Big Lake Brewing,Charlottesville,VA
2055,Killer Kolsch,Kölsch,12.0 oz,0.05,236,Mikkeller,Charlottesville,CO
1933,Missile IPA,American IPA,12.0 oz,0.07,236,Champion Brewing Company,Charlottesville,VA
2019,Enlighten,Kölsch,16.0 oz,0.045,250,Chapman's Brewing,Angola,IN
2018,Ale Cider,Fruit / Vegetable Beer,16.0 oz,0.065,250,Catawba Island Brewing,Angola,IN
2017,Pail Ale,American Pale Ale (APA),16.0 oz,0.055,250,Chapman's Brewing,Angola,OR
2016,Englishman,English Brown Ale,16.0 oz,0.045,250,Chapman's Brewing,Angola,MA
2080,8 Barrel,American Strong Ale,16.0 oz,0.08,226,Chatham Brewing,Chatham,NY
2079,Oktoberfest,Märzen / Oktoberfest,16.0 oz,0.055,226,Half Acre Beer Company,Chatham,NY
2380,IPA #11,American IPA,16.0 oz,0.057,121,Independence Brewing Company,Cheboygan,MI
2379,Blood Orange Honey,Fruit / Vegetable Beer,16.0 oz,0.057,121,Wild Onion Brewing Company,Cheboygan,OR
2354,Lighthouse Amber,Altbier,16.0 oz,0.052,121,Cheboygan Brewing Company,Cheboygan,NC
2440,Bay of Bengal Double IPA (2014),American Double / Imperial IPA,12.0 oz,0.089,99,Christian Moerlein Brewing Company,Cincinnati,NY
567,Churchkey Pilsner Style Beer,American Pilsner,12.0 oz,0.049,526,Ska Brewing Company,Seattle,WA
1342,First Press,Cider,12.0 oz,0.05,425,Ciderboys,Stevens Point,WI
1341,Magic Apple,Cider,12.0 oz,0.05,425,Ciderboys,Stevens Point,WI
2349,Cubano Espresso,Bock,12.0 oz,0.055,141,Cigar City Brewing Company,Tampa,FL
2014,Operation Homefront,American IPA,12.0 oz,0.062,141,Cigar City Brewing Company,Tampa,OR
2013,Wandering Pelican,American Black Ale,12.0 oz,0.082,141,Piney River Brewing Company,Tampa,CA
2012,Sugar Plum,American Brown Ale,12.0 oz,0.055,141,Cigar City Brewing Company,Tampa,FL
2011,Oktoberfest,Märzen / Oktoberfest,12.0 oz,0.055,141,Ska Brewing Company,Tampa,FL
2010,Puppy's Breath Porter,American Porter,12.0 oz,0.06,141,Daredevil Brewing Company,Tampa,CA
2009,Happening Now,American IPA,12.0 oz,0.045,141,Dad & Dude's Breweria,Tampa,FL
1726,Hopped on the High Seas (Hop #529),American IPA,12.0 oz,0.07,141,Cigar City Brewing Company,Tampa,LA
1725,Hopped on the High Seas (Calypso),American IPA,12.0 oz,0.07,141,New Belgium Brewing Company,Tampa,FL
1695,Wiregrass Post-Prohibition Ale,American Pale Ale (APA),12.0 oz,0.063,141,Cigar City Brewing Company,Tampa,IN
1694,Dry-Hopped On The High Seas Caribbean-Style IPA,American IPA,12.0 oz,0.07,141,Cigar City Brewing Company,Tampa,MT
1693,Hopped on the High Seas (Citra),American IPA,12.0 oz,0.07,141,Cigar City Brewing Company,Tampa,FL
1692,Hopped on the High Seas (Ahtanum),American IPA,12.0 oz,0.07,141,Cigar City Brewing Company,Tampa,FL
1369,Gwar Beer,American Pale Ale (APA),12.0 oz,0.055,141,Rhinegeist Brewery,Tampa,FL
1243,Tropical Heatwave,American Pale Wheat Ale,16.0 oz,0.052,141,Cigar City Brewing Company,Tampa,KS
1142,Humidor Series India Pale Ale,American IPA,12.0 oz,0.075,141,Brewery Vivant,Tampa,TX
1141,Jai Alai IPA Aged on White Oak,American IPA,12.0 oz,0.075,141,Cigar City Brewing Company,Tampa,FL
1140,José Martí American Porter,American Porter,12.0 oz,0.08,141,Cigar City Brewing Company,Tampa,FL
1139,Invasion Pale Ale,American Pale Ale (APA),12.0 oz,0.05,141,Warbird Brewing Company,Tampa,MI
1138,Maduro Brown Ale,English Brown Ale,12.0 oz,0.055,141,Cigar City Brewing Company,Tampa,FL
571,Maduro Brown Ale,American Brown Ale,12.0 oz,0.055,141,Blue Blood Brewing Company,Tampa,CO
570,Hotter Than Helles Lager,Munich Helles Lager,12.0 oz,0.05,141,Eddyline Brewery & Restaurant,Tampa,CA
569,Tocobaga Red Ale,American Amber / Red Ale,12.0 oz,0.072,141,Cigar City Brewing Company,Tampa,FL
546,Jai Alai IPA,American IPA,12.0 oz,0.075,141,Cigar City Brewing Company,Tampa,PA
545,Florida Cracker Belgian Wit,Witbier,12.0 oz,0.05,141,Cigar City Brewing Company,Tampa,FL
2338,Shark Tracker Light lager,Light Lager,12.0 oz,0.048,145,Confluence Brewing Company,Nantucket,CO
1365,Pumple Drumkin,Pumpkin Ale,12.0 oz,0.06,145,Cisco Brewers,Nantucket,MA
1094,Grey Lady,Witbier,12.0 oz,0.045,145,Cisco Brewers,Nantucket,MA
657,Summer of Lager,Munich Helles Lager,12.0 oz,0.062,145,Peak Organic Brewing Company,Nantucket,MI
656,Indie Pale Ale,American IPA,12.0 oz,0.065,145,Cisco Brewers,Nantucket,MA
359,Sankaty Light Lager,Light Lager,12.0 oz,0.038,145,Crystal Springs Brewing Company,Nantucket,CO
56,Whale's Tale Pale Ale,English Pale Ale,12.0 oz,0.056,145,Brewery Vivant,Nantucket,LA
1772,Jacaranada Rye IPA,American IPA,16.0 oz,0.067,320,Goose Island Brewing Company,Claremont,NJ
1393,Cascadian Dark Ale,American Black Ale,12.0 oz,0.06,418,Coalition Brewing Company,Portland,OR
893,Wheat the People,American Pale Wheat Ale,16.0 oz,0.044,418,West Sixth Brewing,Portland,MI
1407,Tybee Island Blonde,American Blonde Ale,12.0 oz,0.047,415,Coastal Empire Beer Company,Savannah,GA
1406,Savannah Brown Ale,American Brown Ale,12.0 oz,0.062,415,New Belgium Brewing Company,Savannah,PA
2438,Rhode Island Blueberry,Kölsch,12.0 oz,0.046,101,Sockeye Brewing Company,Newport,RI
2437,Newport Storm IPA,American IPA,12.0 oz,0.065,101,Coastal Extreme Brewing Company,Newport,RI
751,Hurricane Amber Ale (2004),American Amber / Red Ale,12.0 oz,0.052,101,Coastal Extreme Brewing Company,Newport,WI
120,Hurricane Amber Ale,American Amber / Red Ale,12.0 oz,0.052,101,Vander Mill Ciders,Newport,TX
2061,Big Blue Van,Fruit / Vegetable Beer,16.0 oz,0.058,232,College Street Brewhouse and Pub,Lake Havasu City,OR
970,Des Moines IPA,American IPA,16.0 oz,0.068,482,Bent Brewstillery,Des Moines,IA
969,Capital Gold Golden Lager,German Pilsener,16.0 oz,0.048,482,Confluence Brewing Company,Des Moines,OH
968,Farmer John's Multi-Grain Ale,American Blonde Ale,16.0 oz,0.056,482,Hangar 24 Craft Brewery,Des Moines,IA
2351,Behemoth,American Pilsner,12.0 oz,0.05,139,Core Brewing & Distilling Company,Springdale,AR
1650,Arkansas Red,American Amber / Red Ale,12.0 oz,0.052,139,Core Brewing & Distilling Company,Springdale,CA
1337,Core Oatmeal Stout,Oatmeal Stout,12.0 oz,0.057,139,Oskar Blues Brewery,Springdale,MD
1336,Core ESB,Extra Special / Strong Bitter (ESB),12.0 oz,0.061,139,Hale's Ales,Springdale,CO
737,Chester's Beer (2005),American Pale Lager,12.0 oz,0.038,512,Mavericks Beer Company,Pawcatuck,CT
129,Heiner Brau Kölsch,Kölsch,12.0 oz,0.05,553,Covington Brewhouse,Covington,LA
716,Trigger Blonde Ale,American Blonde Ale,16.0 oz,0.048,515,Crabtree Brewing Company,Greeley,VT
659,Crabtree Oatmeal Stout,Oatmeal Stout,16.0 oz,0.075,515,SlapShot Brewing Company,Greeley,CO
556,Eclipse Black IPA,American Black Ale,16.0 oz,0.077,515,Crabtree Brewing Company,Greeley,PA
2538,Neomexicanus Native,American Pale Ale (APA),12.0 oz,0.06,63,Crazy Mountain Brewing Company,Edwards,CO
2355,Old Soul,Belgian Strong Pale Ale,12.0 oz,0.075,63,Crazy Mountain Brewing Company,Edwards,MA
1689,Snowcat Coffee Stout,American Stout,12.0 oz,0.059,63,Crazy Mountain Brewing Company,Edwards,MO
1163,WinterWonderGrass Festival Ale,American Amber / Red Ale,12.0 oz,nan (wait to be cleaned),63,Crazy Mountain Brewing Company,Edwards,OK
940,Boohai Red Ale,American Amber / Red Ale,12.0 oz,nan (wait to be cleaned),63,Crazy Mountain Brewing Company,Edwards,MA
685,Lava Lake Wit,Witbier,12.0 oz,0.052,63,Crazy Mountain Brewing Company,Edwards,DC
613,Mountain Livin' Pale Ale,American Pale Ale (APA),12.0 oz,0.06,63,Red Shedman Farm Brewery and Hop...,Edwards,CA
356,Crazy Mountain Amber Ale,American Amber / Red Ale,12.0 oz,0.052,63,Two Brothers Brewing Company,Edwards,CO
2029,Tropicalia,American IPA,12.0 oz,0.065,247,Red Hare Brewing Company,Athens,GA
2028,Athena,Berliner Weissbier,12.0 oz,0.045,247,Hale's Ales,Athens,GA
2293,Aviator Raspberry Blonde,American Blonde Ale,12.0 oz,0.049,169,Crooked Fence Brewing Company,Garden City,AK
1105,3 Picket Porter,American Porter,12.0 oz,0.055,169,Crooked Fence Brewing Company,Garden City,IN
1104,Rusty Nail Pale Ale,American Pale Ale (APA),12.0 oz,0.056,169,Crooked Fence Brewing Company,Garden City,ID
2145,Red Water Irish Style Red,American Amber / Red Ale,12.0 oz,0.065,212,Crow Peak Brewing Company,Spearfish,IN
1804,Mjöllnir,Herbed / Spiced Beer,12.0 oz,0.066,212,Cigar City Brewing Company,Spearfish,TX
1602,Bear Butte Nut Brown Ale,American Brown Ale,12.0 oz,0.055,212,Hawai'i Nui Brewing Co.,Spearfish,SD
1301,Easy Livin' Summer Ale,American Blonde Ale,12.0 oz,0.045,212,Crow Peak Brewing Company,Spearfish,IL
542,Canyon Cream Ale,Cream Ale,12.0 oz,0.055,212,Cisco Brewers,Spearfish,SD
272,Pile O'Dirt Porter,American Porter,12.0 oz,0.069,212,Crow Peak Brewing Company,Spearfish,TX
271,11th Hour IPA,American IPA,12.0 oz,0.06,212,Crow Peak Brewing Company,Spearfish,SD
1057,South Ridge Amber Ale,American Amber / Red Ale,16.0 oz,0.06,472,Crystal Springs Brewing Company,Boulder,KS
681,Summertime Ale,Kölsch,16.0 oz,0.052,472,Crystal Springs Brewing Company,Boulder,OR
1789,Lost River Blonde Ale,American Blonde Ale,16.0 oz,0.049,315,Goose Island Brewing Company,Avon,PA
1788,Monon Wheat,Witbier,16.0 oz,0.054,315,Maui Brewing Company,Avon,TX
1787,Floyd's Folly,Scottish Ale,16.0 oz,0.08,315,Cutters Brewing Company,Avon,MA
1786,Half Court IPA,American IPA,16.0 oz,0.063,315,Oakshire Brewing,Avon,MD
1763,Geary's Pale Ale,English Pale Ale,12.0 oz,0.045,323,D.L. Geary Brewing Company,Portland,ME
1311,Geary's Summer Ale,Kölsch,12.0 oz,0.06,323,Madtree Brewing Company,Portland,IL
2078,Stone of Arbroath,Scotch Ale / Wee Heavy,12.0 oz,0.08,227,DC Brau Brewing Company,Washington,DC
1809,The Tradition,American Blonde Ale,12.0 oz,0.05,227,DC Brau Brewing Company,Washington,DC
1263,El Hefe Speaks,Hefeweizen,12.0 oz,0.053,227,Stevens Point Brewery,Washington,DC
1092,Penn Quarter Porter,American Porter,12.0 oz,0.055,227,DC Brau Brewing Company,Washington,OH
851,On the Wings of Armageddon,American Double / Imperial IPA,12.0 oz,0.092,227,DC Brau Brewing Company,Washington,DC
186,The Corruption,American IPA,12.0 oz,0.065,227,Finch's Beer Company,Washington,DC
185,The Citizen,Belgian Pale Ale,12.0 oz,0.07,227,Cigar City Brewing Company,Washington,DC
184,The Public,American Pale Ale (APA),12.0 oz,0.06,227,Amnesia Brewing Company,Washington,AZ
1224,Dank IPA,American IPA,16.0 oz,0.065,451,Dad & Dude's Breweria,Aurora,PA
964,Dank IPA (2012),American IPA,16.0 oz,0.065,451,Minhas Craft Brewery,Aurora,CO
1623,Lift Off IPA,American IPA,16.0 oz,0.072,358,Utah Brewers Cooperative,Shelbyville,OR
110,BrewFarm Select Golden Lager,American Pale Lager,12.0 oz,0.055,554,Tin Roof Brewing Company,Wilson,IN
1735,Sprocket Blonde Ale (2006),American Blonde Ale,12.0 oz,0.05,333,David's Ale Works,Diamond Springs,VT
1734,Sprocket Pale Ale (2006),American Pale Ale (APA),12.0 oz,0.05,333,David's Ale Works,Diamond Springs,CA
1746,Dead Armadillo Amber Ale,American Amber / Red Ale,12.0 oz,0.063,330,Dead Armadillo Craft Brewing,Tulsa,NE
2371,Neato Bandito,Euro Pale Lager,12.0 oz,0.06,127,Brewery Vivant,Dallas,MD
2251,Oak Cliff Coffee Ale,American Brown Ale,12.0 oz,0.075,127,Freetail Brewing Company,Dallas,TX
2166,Dream Crusher Double IPA,American Double / Imperial IPA,12.0 oz,0.085,127,Deep Ellum Brewing Company,Dallas,MA
1827,Deep Ellum Pale Ale,American Pale Ale (APA),12.0 oz,0.06,127,Deep Ellum Brewing Company,Dallas,TX
1203,Double Brown Stout,Baltic Porter,12.0 oz,0.07,127,Deep Ellum Brewing Company,Dallas,TX
1202,Farmhouse Wit,Saison / Farmhouse Ale,16.0 oz,0.048,127,Deep Ellum Brewing Company,Dallas,TX
1161,Rye Pils Session Lager,German Pilsener,12.0 oz,0.046,127,Deep Ellum Brewing Company,Dallas,MO
946,Dallas Blonde,American Blonde Ale,12.0 oz,0.052,127,Tampa Bay Brewing Company,Dallas,CA
943,Deep Ellum IPA,American IPA,12.0 oz,0.07,127,Deep Ellum Brewing Company,Dallas,TX
1886,Thrasher Session India Pale Ale,American IPA,12.0 oz,0.045,283,Defiance Brewing Company,Hays,FL
1885,Gutch English Style Mild Ale,English Pale Mild Ale,12.0 oz,0.05,283,Hilliard's Beer,Hays,KS
1213,Chuli Stout,Irish Dry Stout,12.0 oz,0.059,453,Stevens Point Brewery,Talkeetna,MI
1159,Mother Ale,American Blonde Ale,12.0 oz,0.056,453,Harvest Moon Brewing Company,Talkeetna,AK
947,Twister Creek India Pale Ale,American IPA,12.0 oz,0.065,453,Blackrocks Brewery,Talkeetna,CO
929,Single Engine Red,Irish Red Ale,12.0 oz,0.058,453,Denali Brewing Company,Talkeetna,AK
1944,Incredible Pedal IPA,American IPA,12.0 oz,0.07,263,Denver Beer Company,Denver,CO
1943,Graham Cracker Porter,American Porter,12.0 oz,0.05,263,Rivertowne Brewing Company,Denver,MN
1210,Mirror Pond Pale Ale,American Pale Ale (APA),12.0 oz,0.05,454,Swamp Head Brewery,Bend,OR
2550,Weissenheimer,Hefeweizen,12.0 oz,0.052,57,Caldera Brewing Company,Bloomington,IN
2505,Abbey's Single (2015- ),Abbey Single Ale,12.0 oz,0.049,57,Destihl Brewery,Bloomington,NY
2025,Vertex IPA,American IPA,12.0 oz,0.063,57,Destihl Brewery,Bloomington,NC
2021,Here Gose Nothin',Gose,12.0 oz,0.05,57,Catawba Brewing Company,Bloomington,IA
2015,Strawberry Blonde,Fruit / Vegetable Beer,12.0 oz,0.05,57,Jackalope Brewing Company,Bloomington,CA
1888,Hoperation Overload,American Double / Imperial IPA,12.0 oz,0.096,57,Destihl Brewery,Bloomington,RI
1887,Abbey's Single Ale (Current),Abbey Single Ale,12.0 oz,0.049,57,Destihl Brewery,Bloomington,KY
2051,Bravo Four Point,American Pale Ale (APA),12.0 oz,0.044,237,Devil's Backbone Brewing Company,Lexington,PA
1201,Striped Bass Pale Ale,American Pale Ale (APA),12.0 oz,0.052,237,Bitter Root Brewing,Lexington,FL
924,Deadicated Amber,American Amber / Red Ale,16.0 oz,0.054,491,Straub Brewery,Belmont,GA
731,Kaleidoscope Collaboration 2012,American Black Ale,16.0 oz,nan (wait to be cleaned),491,Red Shedman Farm Brewery and Hop...,Belmont,IN
730,California Sunshine Rye IPA,American IPA,16.0 oz,0.071,491,Devil's Canyon Brewery,Belmont,MT
647,Full Boar Scotch Ale,Scotch Ale / Wee Heavy,16.0 oz,0.074,491,Devil's Canyon Brewery,Belmont,CA
1773,12 Man Pale Ale,American Pale Ale (APA),12.0 oz,0.045,319,Dick's Brewing Company,Centralia,IN
1795,Filthy Hoppin' IPA,American IPA,16.0 oz,0.065,311,Dirty Bucket Brewing Company,Woodinville,WA
944,Dock Street Amber Beer (1992),American Amber / Red Ale,12.0 oz,nan (wait to be cleaned),488,Anderson Valley Brewing Company,Philadelphia,PA
524,Dolores River Hefeweizen,Hefeweizen,16.0 oz,nan (wait to be cleaned),531,Dolores River Brewery,Dolores,CO
450,Dolores River ESB,Extra Special / Strong Bitter (ESB),16.0 oz,nan (wait to be cleaned),531,Dolores River Brewery,Dolores,CO
449,Snaggletooth Double Pale Ale,American Double / Imperial IPA,16.0 oz,nan (wait to be cleaned),531,Breckenridge Brewery,Dolores,CO
448,Dolores River Pale Ale,American Pale Ale (APA),16.0 oz,nan (wait to be cleaned),531,Dolores River Brewery,Dolores,OH
447,Dolores River Dry Stout,Irish Dry Stout,16.0 oz,nan (wait to be cleaned),531,Dolores River Brewery,Dolores,CO
446,Dolores River Mild,English Dark Mild Ale,16.0 oz,nan (wait to be cleaned),531,Dead Armadillo Craft Brewing,Dolores,PA
1246,Cranberry Blend,Cider,12.0 oz,0.049,446,SanTan Brewing Company,Leominster,MA
977,Orignal Blend,Cider,12.0 oz,0.051,446,Blue Blood Brewing Company,Leominster,MA
881,Hop Abomination,American IPA,12.0 oz,0.066,496,Dry Dock Brewing Company,Aurora,NY
880,Apricot Blonde,Fruit / Vegetable Beer,12.0 oz,0.051,496,Dry Dock Brewing Company,Aurora,CO
872,Dry Dock Hefeweizen,Hefeweizen,12.0 oz,0.043,496,Brewery Vivant,Aurora,CO
871,Dry Dock Amber Ale,American Amber / Red Ale,12.0 oz,0.058,496,Dry Dock Brewing Company,Aurora,CO
1685,Category 3 IPA,American IPA,12.0 oz,0.061,340,Blue Point Brewing Company,Boynton Beach,FL
457,Dundee Summer Wheat Beer,American Pale Wheat Ale,12.0 oz,0.045,538,Perrin Brewing Company,Rochester,NE
1590,Pumpkin Patch Ale,Pumpkin Ale,16.0 oz,0.05,369,Big Bend Brewing Company,Buena Vista,CO
1382,Crank Yanker IPA,American IPA,16.0 oz,0.078,369,Brewery Vivant,Buena Vista,WI
1110,River Runners Pale Ale,American Pale Ale (APA),16.0 oz,0.06,369,Rivertowne Brewing Company,Buena Vista,OR
1014,Pumpkin Patch Ale (2012),Pumpkin Ale,16.0 oz,0.05,369,Eddyline Brewery & Restaurant,Buena Vista,CO
911,Mountain Fairy Raspberry Wheat,Fruit / Vegetable Beer,16.0 oz,0.055,369,Eddyline Brewery & Restaurant,Buena Vista,CA
680,Boater Beer,German Pilsener,16.0 oz,0.045,369,Eddyline Brewery & Restaurant,Buena Vista,CO
395,Crank Yanker IPA (2011),American IPA,16.0 oz,0.078,369,Eddyline Brewery & Restaurant,Buena Vista,CO
1642,Bleeding Buckeye Red Ale,Extra Special / Strong Bitter (ESB),16.0 oz,0.057,352,Burn 'Em Brewing,Columbus,OH
673,Dottie Seattle Lager,American Amber / Red Lager,16.0 oz,0.049,516,Glabrous Brewing Company,Seattle,VA
1107,Nut Sack Imperial Brown Ale,American Brown Ale,12.0 oz,0.07,465,Deep Ellum Brewing Company,Jacksonville Beach,OR
1039,Underachiever,American Adjunct Lager,16.0 oz,0.05,473,Engine House 9,Tacoma,MA
2477,Lil' Brainless Raspberries,Fruit / Vegetable Beer,12.0 oz,0.052,81,Hops & Grain Brewery,Denver,CO
2008,Element 29,American Pale Ale (APA),12.0 oz,0.052,81,Rochester Mills Brewing Company,Denver,CA
2004,Hop Syndrome,American Pale Lager,12.0 oz,0.05,81,Epic Brewing,Denver,CO
2003,Escape to Colorado,American IPA,12.0 oz,0.062,81,Schlafly Brewing Company,Denver,CO
2292,Little Sister India Style Session Ale,American IPA,12.0 oz,0.043,170,Everybody's Brewing,White Salmon,MI
1504,Country Boy IPA,American IPA,12.0 oz,0.062,170,Everybody's Brewing,White Salmon,MN
2604,Blonde Czich,American Blonde Ale,16.0 oz,0.049,26,Bonfire Brewing Company,Mishawaka,OH
2432,White Reaper,Belgian IPA,16.0 oz,0.07,26,Evil Czech Brewery,Mishawaka,IN
2431,Bobblehead,American Pale Wheat Ale,16.0 oz,0.051,26,Evil Czech Brewery,Mishawaka,IL
2430,Lucky Dog,American Pale Ale (APA),16.0 oz,0.052,26,Brewery Vivant,Mishawaka,OR
2429,Voodoo,American Porter,16.0 oz,0.048,26,Evil Czech Brewery,Mishawaka,IN
1967,General George Patton Pilsner,Czech Pilsener,16.0 oz,0.054,26,Laughing Dog Brewing Company,Mishawaka,KS
2283,Nomader Weiss,Berliner Weissbier,12.0 oz,0.04,173,Evil Twin Brewing,Brooklyn,NY
2248,Molotov Lite,American Double / Imperial IPA,16.0 oz,0.085,173,Great River Brewery,Brooklyn,CO
1287,Hipster Ale (Two Roads Brewing),American Pale Ale (APA),12.0 oz,0.055,173,Evil Twin Brewing,Brooklyn,NY
1286,Bikini Beer,American IPA,12.0 oz,0.027,173,Great River Brewery,Brooklyn,CO
640,Hipster Ale (Westbrook Brewing),American Pale Ale (APA),12.0 oz,0.055,173,The Alchemist,Brooklyn,IN
1722,Iron Horse Pale Ale,American Pale Ale (APA),12.0 oz,0.05,335,Fargo Brewing Company,Fargo,OR
1435,Stone's Throw IPA,Scottish Ale,12.0 oz,0.045,335,Big Bend Brewing Company,Fargo,ND
1434,Wood Chipper India Pale Ale,American IPA,12.0 oz,0.067,335,King Street Brewing Company,Fargo,ND
2089,Trail Head,American Pale Ale (APA),12.0 oz,0.063,224,Good Life Brewing Company,Middleburg Heights,OH
2088,Hop Stalker Fresh Hop IPA,American IPA,16.0 oz,0.07,224,Fat Head's Brewery,Middleburg Heights,WI
1455,Sudice American Stout,American Stout,16.0 oz,0.07,405,Fate Brewing Company,Boulder,CO
1454,Parcae Belgian Style Pale Ale,Belgian Pale Ale,16.0 oz,0.05,405,Fate Brewing Company,Boulder,CO
1453,Norns Roggenbier,Roggenbier,16.0 oz,0.05,405,Fate Brewing Company,Boulder,MO
1452,Laimas Kölsch Style Ale,Kölsch,16.0 oz,0.05,405,Fate Brewing Company,Boulder,CO
1451,Moirai India Pale Ale,American IPA,16.0 oz,0.07,405,Sixpoint Craft Ales,Boulder,CO
2191,Loki Red Ale,American Amber / Red Ale,16.0 oz,0.075,201,Fearless Brewing Company,Estacada,OR
1731,Peaches & Cream,Fruit / Vegetable Beer,16.0 oz,0.046,201,Boxcar Brewing Company,Estacada,MI
1022,Quaff India Style Session Ale,American IPA,16.0 oz,0.051,201,Fearless Brewing Company,Estacada,PA
895,Loki Red Ale (2013),American Amber / Red Ale,16.0 oz,0.075,201,Oskar Blues Brewery,Estacada,IA
682,Mjolnir Imperial IPA,American Double / Imperial IPA,16.0 oz,0.069,201,Fearless Brewing Company,Estacada,MA
112,Fearless Scottish Ale,Scottish Ale,16.0 oz,0.05,201,Fearless Brewing Company,Estacada,MO
2289,Mastermind,American Double / Imperial IPA,12.0 oz,0.081,172,Fiddlehead Brewing Company,Shelburne,KY
2027,Hyzer Flip,American Double / Imperial IPA,16.0 oz,0.082,172,Quest Brewing Company,Shelburne,VT
1929,Second Fiddle,American Double / Imperial IPA,16.0 oz,0.082,172,Sly Fox Brewing Company,Shelburne,VT
1858,Hodad Porter,American Porter,16.0 oz,0.055,172,North Country Brewing Company,Shelburne,CA
2591,Weiss Weiss Baby,Kristalweizen,12.0 oz,0.045,36,Figueroa Mountain Brewing Company,Buellton,CA
2590,Czech Yo Self,Czech Pilsener,12.0 oz,0.055,36,450 North Brewing Company,Buellton,CA
1968,FMB 101,Kölsch,12.0 oz,0.048,36,Bonfire Brewing Company,Buellton,HI
1981,Hardcore Chimera,American Double / Imperial IPA,16.0 oz,0.09,256,Finch's Beer Company,Chicago,CO
1664,Sobek & Set,American Black Ale,16.0 oz,0.08,256,Burn 'Em Brewing,Chicago,IL
1663,Nuclear Winter,Belgian Strong Dark Ale,16.0 oz,0.086,256,Rising Tide Brewing Company,Chicago,GA
1662,Wet Hot American Wheat Ale,American Pale Wheat Ale,16.0 oz,0.05,256,Finch's Beer Company,Chicago,IL
941,Secret Stache Stout,American Stout,16.0 oz,0.053,256,Crow Peak Brewing Company,Chicago,IL
935,Fascist Pig Ale,American Amber / Red Ale,16.0 oz,0.08,256,Worthy Brewing Company,Chicago,WI
809,Cut Throat Pale Ale,American Pale Ale (APA),16.0 oz,0.055,256,The Right Brain Brewery,Chicago,IL
481,Threadless IPA,American IPA,16.0 oz,0.075,256,Finch's Beer Company,Chicago,IL
351,Cut Throat Pale Ale (2011),American Pale Ale (APA),16.0 oz,0.055,256,Uncommon Brewers,Chicago,CA
350,Golden Wing Blonde Ale,American Blonde Ale,16.0 oz,0.047,256,Finch's Beer Company,Chicago,IL
2569,Easy Jack,American IPA,12.0 oz,0.045,48,Marshall Wharf Brewing Company,Paso Robles,CA
2463,Union Jack,American IPA,12.0 oz,0.075,48,Black Shirt Brewing Company,Paso Robles,KY
2462,Pivo Pils,German Pilsener,12.0 oz,0.053,48,Firestone Walker Brewing Company,Paso Robles,CA
1957,805 Blonde Ale,American Blonde Ale,12.0 oz,0.047,48,Firestone Walker Brewing Company,Paso Robles,TX
1733,805,American Blonde Ale,12.0 oz,0.047,48,Brooklyn Brewery,Paso Robles,OR
2624,Deflator,Doppelbock,16.0 oz,0.065,16,Flat 12 Bierwerks,Indianapolis,OH
2284,Hinchtown Hammer Down,American Blonde Ale,16.0 oz,0.05,16,DC Brau Brewing Company,Indianapolis,CO
1610,Half Cycle IPA,American IPA,16.0 oz,0.06,16,Flat 12 Bierwerks,Indianapolis,IN
520,Inclined Plane Ale,American IPA,12.0 oz,nan (wait to be cleaned),532,Flat Rock Brewing Company,Smithton,WY
2554,Moped Traveler,American Pale Ale (APA),16.0 oz,0.055,54,Ska Brewing Company,Lombard,IL
608,Snake Dog IPA,American IPA,12.0 oz,0.071,521,Fargo Brewing Company,Frederick,MD
607,Underdog Atlantic Lager,American Pale Lager,12.0 oz,0.047,521,The Alchemist,Frederick,IN
2567,Flying Mouse 8,American Porter,12.0 oz,0.04,50,Evil Czech Brewery,Troutville,VA
2566,Flying Mouse 4,American IPA,12.0 oz,0.07,50,Flying Mouse Brewery,Troutville,VA
1899,La Ferme Urbaine Farmhouse Ale,Saison / Farmhouse Ale,12.0 oz,0.078,279,Foolproof Brewing Company,Pawtucket,ME
983,Backyahd IPA,American IPA,12.0 oz,0.06,279,Foolproof Brewing Company,Pawtucket,RI
982,Raincloud Robust Porter,American Porter,12.0 oz,0.065,279,Foolproof Brewing Company,Pawtucket,IA
981,Barstool American Golden Ale,American Blonde Ale,12.0 oz,0.045,279,Crooked Fence Brewing Company,Pawtucket,OR
2111,What the Butler Saw,Witbier,12.0 oz,0.05,217,Two Roads Brewing Company,Cherry Hill,NJ
2110,1916 Shore Shiver,American IPA,12.0 oz,0.069,217,Forgotten Boardwalk,Cherry Hill,AZ
2172,Quick WIT,Belgian Pale Ale,12.0 oz,0.052,206,Fort George Brewery,Astoria,TX
2171,The Optimist,American IPA,12.0 oz,0.062,206,The Lion Brewery,Astoria,OR
1911,Suicide Squeeze IPA,American IPA,16.0 oz,0.045,206,Snake River Brewing Company,Astoria,OR
1803,Java the Hop,American IPA,16.0 oz,0.065,206,Redstone Meadery,Astoria,NE
1566,Next Adventure Black IPA,American Black Ale,16.0 oz,0.062,206,Cigar City Brewing Company,Astoria,ID
1515,3-Way IPA (2013),American IPA,16.0 oz,0.067,206,Catawba Valley Brewing Company,Astoria,OR
1214,Tender Loving Empire NWPA,American Pale Ale (APA),16.0 oz,0.058,206,Fort George Brewery,Astoria,MO
674,Quick Wit Belgianesque Ale,Witbier,16.0 oz,0.052,206,Fort George Brewery,Astoria,IL
562,Sunrise Oatmeal Pale Ale,American Pale Ale (APA),16.0 oz,0.055,206,Fort George Brewery,Astoria,IL
552,Cavatica Stout,American Double / Imperial Stout,16.0 oz,0.088,206,Indiana City Brewing,Astoria,OR
319,1811 Lager,American Amber / Red Lager,16.0 oz,0.051,206,Fort George Brewery,Astoria,MI
318,Vortex IPA,American IPA,16.0 oz,0.074,206,Great Divide Brewing Company,Astoria,OR
2322,Fort Pitt Ale,American Amber / Red Ale,12.0 oz,nan (wait to be cleaned),151,Fort Pitt Brewing Company,Latrobe,KY
2661,Park,American Pale Wheat Ale,12.0 oz,0.047,4,Fort Point Beer Company,San Francisco,WI
2660,Westfalia,American Amber / Red Ale,12.0 oz,0.056,4,Fort Point Beer Company,San Francisco,NC
2659,KSA,Kölsch,12.0 oz,0.046,4,Fort Point Beer Company,San Francisco,CO
2658,Villager,American IPA,12.0 oz,0.063,4,Fort Point Beer Company,San Francisco,CA
2625,Dirty Bastard,Scotch Ale / Wee Heavy,12.0 oz,0.085,15,Founders Brewing Company,Grand Rapids,MA
1565,Centennial IPA,American IPA,12.0 oz,0.072,15,Founders Brewing Company,Grand Rapids,MI
1223,All Day IPA,American IPA,12.0 oz,0.047,15,Founders Brewing Company,Grand Rapids,ME
1874,El Chingon IPA,American IPA,12.0 oz,0.076,287,Four Corners Brewing Company,Dallas,TX
1873,Block Party Robust Porter,American Porter,12.0 oz,0.057,287,Four Corners Brewing Company,Dallas,NY
1872,Local Buzz,American Blonde Ale,12.0 oz,0.052,287,Four Corners Brewing Company,Dallas,OR
2613,Feel Like Maplin' Love,Oatmeal Stout,16.0 oz,0.055,22,Four Fathers Brewing,Valparaiso,CA
2612,Father's Beer,Belgian Pale Ale,16.0 oz,0.05,22,Broken Tooth Brewing Company,Valparaiso,VA
2611,The 26th,American IPA,16.0 oz,0.06,22,Sixpoint Craft Ales,Valparaiso,IN
2610,The Gadget,American IPA,16.0 oz,0.064,22,Four Fathers Brewing,Valparaiso,IN
1657,Leprechaun Lager,American Pale Lager,12.0 oz,0.04,348,Oskar Blues Brewery,South Bend,OH
2309,Sunbru Kölsch,Kölsch,12.0 oz,0.052,160,SanTan Brewing Company,Tempe,AZ
1635,Kilt Lifter Scottish-Style Ale,nan (wait to be cleaned),12.0 oz,0.06,160,Four Peaks Brewing Company,Tempe,AZ
1616,Pumpkin Porter,American Porter,12.0 oz,0.051,160,Carton Brewing Company,Tempe,AZ
1585,Four Peaks Peach Ale,Fruit / Vegetable Beer,12.0 oz,0.042,160,Brewery Vivant,Tempe,AZ
358,Hop Knot IPA,American IPA,12.0 oz,0.067,160,Four Peaks Brewing Company,Tempe,AZ
179,Kilt Lifter Scottish-Style Ale (2009),Scottish Ale,12.0 oz,0.06,160,Glabrous Brewing Company,Tempe,OH
178,Sunbru Kölsch,Kölsch,12.0 oz,0.052,160,Thunderhead Brewing Company,Tempe,AZ
2428,Four String Vanilla Porter,American Porter,12.0 oz,0.06,105,Catawba Valley Brewing Company,Columbus,ID
2427,Suncaster Summer Wheat,American Pale Wheat Ale,12.0 oz,0.05,105,Four String Brewing Company,Columbus,MI
2425,Brass Knuckle Pale Ale,American Pale Ale (APA),12.0 oz,0.057,105,Four String Brewing Company,Columbus,OH
2424,Big Star White IPA,American White IPA,12.0 oz,0.07,105,Four String Brewing Company,Columbus,CA
1998,Old Detroit,American Amber / Red Ale,12.0 oz,0.056,253,Frankenmuth Brewery,Frankenmuth,MI
1556,Batch 69 IPA,American IPA,12.0 oz,0.069,253,Frankenmuth Brewery,Frankenmuth,WI
1208,Twisted Helles Summer Lager,Munich Helles Lager,12.0 oz,0.055,253,Bomb Beer Company,Frankenmuth,ME
2527,OktoberFiesta,nan (wait to be cleaned),12.0 oz,0.053,66,Bauhaus Brew Labs,San Antonio,AZ
2526,Texicali,American Brown Ale,12.0 oz,0.065,66,Freetail Brewing Company,San Antonio,TX
2525,Pinata Protest,Witbier,12.0 oz,0.06,66,Freetail Brewing Company,San Antonio,TX
2524,Bat Outta Helles,Munich Helles Lager,12.0 oz,0.042,66,Freetail Brewing Company,San Antonio,TX
2523,Original,American Amber / Red Ale,12.0 oz,0.068,66,Sly Fox Brewing Company,San Antonio,TX
2522,Rye Wit,Witbier,12.0 oz,0.042,66,Freetail Brewing Company,San Antonio,TX
2521,Soul Doubt,American IPA,12.0 oz,0.059,66,Freetail Brewing Company,San Antonio,TX
2520,Yo Soy Un Berliner,Berliner Weissbier,12.0 oz,0.044,66,Freetail Brewing Company,San Antonio,TX
1174,77 Fremont Select Spring Session IPA,American IPA,12.0 oz,0.04,460,Fremont Brewing Company,Seattle,WA
1116,Fremont Organic Pale Ale,American Pale Ale (APA),12.0 oz,0.045,460,Fremont Brewing Company,Seattle,WA
994,Abominable Ale,English Strong Ale,12.0 oz,0.08,460,Eddyline Brewery & Restaurant,Seattle,IN
901,Harvest Ale,Saison / Farmhouse Ale,12.0 oz,0.065,460,Evil Twin Brewing,Seattle,WA
875,Fremont Summer Ale,American Pale Ale (APA),12.0 oz,0.065,460,Fremont Brewing Company,Seattle,WA
858,Universale Pale Ale,American Pale Ale (APA),12.0 oz,0.056,460,Black Market Brewing Company,Seattle,WA
857,Interurban IPA,American IPA,12.0 oz,0.065,460,Crabtree Brewing Company,Seattle,OR
1300,Gateway Kolsch Style Ale,Kölsch,12.0 oz,0.053,433,French Broad Brewery,Asheville,MO
1260,Wee-Heavy-Er Scotch Ale,Scotch Ale / Wee Heavy,12.0 oz,0.07,433,King Street Brewing Company,Asheville,CO
1259,13 Rebels ESB,Extra Special / Strong Bitter (ESB),12.0 oz,0.052,433,Lucky Town Brewing Company,Asheville,NC
2254,Salamander Slam,American IPA,16.0 oz,0.07,180,Frog Level Brewing Company,Waynesville,IN
1658,Cack-A-Lacky,American Pale Ale (APA),12.0 oz,0.05,347,South Austin Brewery,Durham,NC
2077,No Wake IPA,American IPA,12.0 oz,0.072,228,Griffin Claw Brewing Company,Lake Geneva,NY
2076,Boathouse Blonde,American Blonde Ale,12.0 oz,0.049,228,Geneva Lake Brewing Company,Lake Geneva,TX
2075,Cedar Point,American Amber / Red Ale,12.0 oz,0.05,228,Against the Grain Brewery,Lake Geneva,MA
2426,Clean Shave IPA,American IPA,12.0 oz,0.067,106,Caldera Brewing Company,Pineland,CT
2045,Might As Well IPL,American Pale Lager,16.0 oz,0.072,240,Santa Cruz Mountain Brewing,Los Angeles,CA
1960,Saison Pamplemousse,Saison / Farmhouse Ale,12.0 oz,0.058,240,Golden Road Brewing,Los Angeles,CA
1777,2020 IPA,American IPA,16.0 oz,0.074,240,Golden Road Brewing,Los Angeles,VA
1698,Wolf Among Weeds IPA,American IPA,16.0 oz,0.08,240,Golden Road Brewing,Los Angeles,CA
1641,Better Weather IPA,American IPA,16.0 oz,0.094,240,Golden Road Brewing,Los Angeles,MT
1490,Point the Way IPA,American IPA,16.0 oz,0.059,240,Two Brothers Brewing Company,Los Angeles,CA
1489,Golden Road Hefeweizen,Hefeweizen,16.0 oz,0.046,240,Ozark Beer Company,Los Angeles,CA
1399,Heal the Bay IPA,American IPA,16.0 oz,0.068,240,Golden Road Brewing,Los Angeles,CO
1296,Point the Way IPA,American IPA,12.0 oz,0.059,240,The Alchemist,Los Angeles,CA
1034,Cabrillo Kölsch,Kölsch,16.0 oz,0.05,240,Harpoon Brewery,Los Angeles,FL
991,Get Up Offa That Brown,American Brown Ale,16.0 oz,0.055,240,Brewery Vivant,Los Angeles,CT
750,Burning Bush Smoked IPA,American IPA,16.0 oz,0.08,240,Golden Road Brewing,Los Angeles,CA
749,Wolf Among Weeds IPA (2012),American IPA,16.0 oz,0.08,240,Golden Road Brewing,Los Angeles,IA
549,Point the Way IPA (2012),American IPA,16.0 oz,0.059,240,Golden Road Brewing,Los Angeles,CO
548,Golden Road Hefeweizen (2012),Hefeweizen,16.0 oz,0.046,240,Brewery Vivant,Los Angeles,LA
2587,Vanilla Porter,American Porter,16.0 oz,0.07,39,Burn 'Em Brewing,Kalamazoo,MI
1109,Descender IPA,American IPA,12.0 oz,0.07,464,Good Life Brewing Company,Bend,IL
1108,Sweet As Pacific Ale,American Pale Wheat Ale,12.0 oz,0.06,464,The Bronx Brewery,Bend,OR
1000,Good People Pale Ale,American Pale Ale (APA),12.0 oz,0.056,478,Good People Brewing Company,Birmingham,AL
312,Snake Handler Double IPA,American Double / Imperial IPA,12.0 oz,0.093,478,Good People Brewing Company,Birmingham,MS
311,Coffee Oatmeal Stout,Oatmeal Stout,12.0 oz,0.06,478,Good People Brewing Company,Birmingham,AL
309,Good People IPA,American IPA,12.0 oz,0.06,478,Ska Brewing Company,Birmingham,CA
308,Good People American Brown Ale,American Brown Ale,12.0 oz,0.058,478,Good People Brewing Company,Birmingham,AL
2205,Mountain Rescue Pale Ale,American Pale Ale (APA),12.0 oz,0.055,194,Fremont Brewing Company,Bend,OR
2198,Goose Island India Pale Ale,American IPA,12.0 oz,0.059,196,Big Choice Brewing,Chicago,TX
2457,312 Urban Pale Ale,American Pale Ale (APA),16.0 oz,0.054,88,Goose Island Brewing Company,Chicago,IL
2202,312 Urban Pale Ale,American Pale Ale (APA),12.0 oz,0.054,88,Lucette Brewing Company,Chicago,OK
2201,312 Urban Wheat Ale,American Pale Wheat Ale,16.0 oz,0.042,88,Big Lake Brewing,Chicago,MN
1829,312 Urban Wheat Ale,American Pale Wheat Ale,12.0 oz,0.042,88,Goose Island Brewing Company,Chicago,IL
581,312 Urban Wheat Ale (2012),American Pale Wheat Ale,12.0 oz,0.042,88,Brewery Vivant,Chicago,IL
1383,Beaver Logger,American Pale Lager,12.0 oz,0.052,420,Perrin Brewing Company,Edwards,CO
477,White Water Wheat,American Pale Wheat Ale,12.0 oz,0.05,536,Grand Canyon Brewing Company,Williams,AZ
476,Grand Canyon American Pilsner,American Pilsner,12.0 oz,0.052,536,Grand Canyon Brewing Company,Williams,AZ
143,Grand Canyon Sunset Amber Ale,American Amber / Red Ale,12.0 oz,0.054,536,Renegade Brewing Company,Williams,AZ
142,Black Iron India Pale Ale,American IPA,12.0 oz,nan (wait to be cleaned),536,Orlison Brewing Company,Williams,CA
2129,Monarch Classic American Wheat,American Pale Wheat Ale,12.0 oz,0.043,213,Mother Earth Brewing Company,Farmers Branch,TX
2127,Sir William's English Brown Ale,English Brown Ale,12.0 oz,0.049,213,Grapevine Craft Brewery,Farmers Branch,TX
2126,Lakefire Rye Pale Ale,American Pale Ale (APA),12.0 oz,0.055,213,Grapevine Craft Brewery,Farmers Branch,TX
2303,Beer Agent Re-Ignition,American Blonde Ale,16.0 oz,0.053,165,New Orleans Lager & Ale Brewing ...,Aurora,IN
1990,Cherry Ale,Fruit / Vegetable Beer,16.0 oz,0.057,165,Great Crescent Brewery,Aurora,IN
1702,Bourbon Barrel Aged Coconut Porter,American Porter,16.0 oz,0.056,165,Wildwood Brewing Company,Aurora,IN
1701,Great Crescent IPA,American IPA,16.0 oz,0.062,165,Great Crescent Brewery,Aurora,CO
1700,Aurora Lager,Dortmunder / Export Lager,16.0 oz,0.057,165,Great Crescent Brewery,Aurora,IN
1699,Great Crescent Blonde Ale,American Blonde Ale,16.0 oz,0.053,165,King Street Brewing Company,Aurora,IN
1269,Great Crescent Coconut Porter,American Porter,16.0 oz,0.056,165,Great Crescent Brewery,Aurora,VT
930,Great Crescent Oktoberfest Lager,Märzen / Oktoberfest,16.0 oz,0.057,165,Hopworks Urban Brewery,Aurora,IN
649,Great Crescent Brown Ale,American Brown Ale,16.0 oz,0.045,165,Piney River Brewing Company,Aurora,IN
639,Cherry Ale (1),Fruit / Vegetable Beer,16.0 oz,0.057,165,Great Crescent Brewery,Aurora,IN
626,Aurora Lager (2011),Dortmunder / Export Lager,16.0 oz,0.057,165,Sun King Brewing Company,Aurora,IN
615,Frosted Fields Winter Wheat,American Dark Wheat Ale,16.0 oz,0.06,165,River North Brewery,Aurora,AK
478,Great Crescent Belgian Style Wit,Witbier,16.0 oz,0.051,165,Great Crescent Brewery,Aurora,CO
455,Bourbon's Barrel Stout,American Stout,16.0 oz,0.075,165,Great Crescent Brewery,Aurora,IN
442,Great Crescent Stout,English Stout,16.0 oz,0.08,165,Great Crescent Brewery,Aurora,IN
441,Great Crescent Coconut Porter (2012),American Porter,16.0 oz,0.056,165,Great Crescent Brewery,Aurora,IN
440,Great Crescent Dark Lager,Euro Dark Lager,16.0 oz,0.057,165,Okoboji Brewing Company,Aurora,CA
439,Great Crescent Mild Ale,English Dark Mild Ale,16.0 oz,0.042,165,Great Crescent Brewery,Aurora,IN
436,Great Crescent IPA (2011),American IPA,16.0 oz,0.062,165,Great Crescent Brewery,Aurora,IN
389,Great Crescent Blonde Ale (2011),American Blonde Ale,16.0 oz,0.053,165,High Noon Saloon And Brewery,Aurora,LA
2650,Denver Pale Ale (Artist Series No. 1),American Pale Ale (APA),12.0 oz,0.05,6,Great Divide Brewing Company,Denver,CO
2649,Hibernation Ale,Old Ale,12.0 oz,0.087,6,Seven Brides Brewery,Denver,WV
2648,Whitewater,American Pale Wheat Ale,12.0 oz,0.061,6,Great Divide Brewing Company,Denver,CO
2647,Rumble,American IPA,12.0 oz,0.071,6,KelSo Beer Company,Denver,CO
2646,Orabelle,Tripel,12.0 oz,0.083,6,Great Divide Brewing Company,Denver,CO
2645,Lasso,American IPA,12.0 oz,0.05,6,Eddyline Brewery & Restaurant,Denver,CO
2644,Yeti  Imperial Stout,Russian Imperial Stout,12.0 oz,0.095,6,Great Divide Brewing Company,Denver,CO
2643,Colette,Saison / Farmhouse Ale,12.0 oz,0.073,6,Mother Earth Brew Company,Denver,CO
2642,Titan IPA,American IPA,12.0 oz,0.071,6,Great Divide Brewing Company,Denver,CO
404,Black Star Double Hopped Golden Lager (24 oz.),American Pale Lager,24.0 oz,0.045,543,Great Northern Brewing Company,Whitefish,LA
164,Black Star Double Hopped Golden Lager (12 oz.),American Pale Lager,12.0 oz,0.045,543,Lewis and Clark Brewing Company,Whitefish,SC
1923,Commotion APA,American Pale Ale (APA),12.0 oz,0.052,269,Great Raft Brewing Company,Shreveport,LA
1922,Southern Drawl Pale Lager,American Pale Lager,12.0 oz,0.052,269,Great Raft Brewing Company,Shreveport,MT
1604,Chickawawa Lemonale,Fruit / Vegetable Beer,12.0 oz,0.05,365,450 North Brewing Company,Davenport,IA
1574,Barrel Aged Farmer,American Brown Ale,16.0 oz,0.07,365,Great River Brewery,Davenport,IA
1446,Great River Golden Ale,American Blonde Ale,12.0 oz,0.048,365,Great River Brewery,Davenport,IN
1275,Dirty Blonde Chocolate Ale,American Blonde Ale,12.0 oz,0.048,365,Great River Brewery,Davenport,NE
1244,Dos Pistolas,Vienna Lager,12.0 oz,0.048,365,Great River Brewery,Davenport,IA
1064,Owney Irish Style Red Ale,Irish Red Ale,16.0 oz,0.05,365,Upslope Brewing Company,Davenport,IA
1028,Aaah Bock Lager,Vienna Lager,16.0 oz,0.06,365,Great River Brewery,Davenport,AK
865,Widespread Wit,Witbier,16.0 oz,0.055,365,Great River Brewery,Davenport,HI
864,Roller Dam Red Ale,Irish Red Ale,16.0 oz,0.054,365,Roanoke Railhouse Brewery,Davenport,IA
863,483 Pale Ale,American Pale Ale (APA),16.0 oz,0.053,365,Great River Brewery,Davenport,NY
672,Hop A Potamus Double Dark Rye Pale Ale,Rye Beer,16.0 oz,0.09,365,Great River Brewery,Davenport,IA
655,Farmer Brown Ale,American Brown Ale,16.0 oz,0.07,365,Real Ale Brewing Company,Davenport,CA
540,Big Cock IPA,American IPA,16.0 oz,0.07,365,Great River Brewery,Davenport,IN
539,Oktoberfest,Märzen / Oktoberfest,16.0 oz,0.059,365,Denali Brewing Company,Davenport,TX
517,40th Annual Bix Street Fest Copper Ale (Current),American Amber / Red Ale,16.0 oz,0.048,365,Narragansett Brewing Company,Davenport,TX
371,Redband Stout,American Stout,16.0 oz,0.06,365,Upland Brewing Company,Davenport,AZ
190,483 Pale Ale (2010),American Pale Ale (APA),16.0 oz,0.053,365,Great River Brewery,Davenport,MI
189,Roller Dam Red Ale (2010),Irish Red Ale,16.0 oz,0.054,365,TailGate Beer,Davenport,IA
1106,Pablo Beach Pale Ale,American Pale Ale (APA),12.0 oz,0.05,466,Barrio Brewing Company,Jacksonville,CO
2314,Wild Trail Pale Ale,American Pale Ale (APA),12.0 oz,0.057,156,Two Brothers Brewing Company,Lewisburg,WV
2313,Mothman Black IPA,American Black Ale,12.0 oz,0.067,156,David's Ale Works,Lewisburg,MO
2461,Autumn Winds Fest Beer,Märzen / Oktoberfest,16.0 oz,0.058,86,AC Golden Brewing Company,Westerly,RI
2044,Captain's Daughter,American Double / Imperial IPA,12.0 oz,0.085,86,Keweenaw Brewing Company,Westerly,CT
1567,Autumn Winds,Märzen / Oktoberfest,16.0 oz,0.058,379,Tröegs Brewing Company,Westerly,RI
1505,Flying Jenny Extra Pale Ale,American Pale Ale (APA),12.0 oz,0.06,379,Grey Sail Brewing of Rhode Island,Westerly,HI
1186,Hazy Day Belgian-Style Wit,Witbier,16.0 oz,0.04,379,Grey Sail Brewing of Rhode Island,Westerly,KY
1185,Bring Back the Beach Blonde Ale,American Blonde Ale,16.0 oz,0.055,379,Grey Sail Brewing of Rhode Island,Westerly,NC
984,Leaning Chimney Smoked Porter,American Porter,16.0 oz,0.06,379,Grey Sail Brewing of Rhode Island,Westerly,NC
693,Flying Jenny Extra Pale Ale (2012),American Pale Ale (APA),12.0 oz,0.06,379,Grey Sail Brewing of Rhode Island,Westerly,RI
631,Flagship Ale,Cream Ale,12.0 oz,0.049,379,10 Barrel Brewing Company,Westerly,RI
2375,Mr. Blue Sky,American Pale Wheat Ale,16.0 oz,0.045,124,Red Shedman Farm Brewery and Hop...,Birmingham,MI
2143,3 Scrooges,Winter Warmer,16.0 oz,0.065,124,Griffin Claw Brewing Company,Birmingham,MI
2142,Screamin�?Pumpkin,Pumpkin Ale,16.0 oz,0.05,124,Grey Sail Brewing of Rhode Island,Birmingham,MI
2141,Grand Trunk Bohemian Pils,Czech Pilsener,16.0 oz,0.05,124,Cisco Brewers,Birmingham,MI
2140,El Rojo,American Amber / Red Ale,16.0 oz,0.065,124,Griffin Claw Brewing Company,Birmingham,IA
2139,Norm's Raggedy Ass IPA,American IPA,16.0 oz,0.075,124,Griffin Claw Brewing Company,Birmingham,MI
2138,Grind Line,American Pale Ale (APA),16.0 oz,0.05,124,Griffin Claw Brewing Company,Birmingham,MI
2007,Norm's Gateway IPA,American IPA,12.0 oz,0.04,124,Brewery Vivant,Birmingham,MO
1570,Lemon Shandy Tripel,Tripel,16.0 oz,0.09,124,Griffin Claw Brewing Company,Birmingham,NY
2339,Little Red Cap,Altbier,12.0 oz,0.063,144,Grimm Brothers Brewhouse,Loveland,CO
1857,Supergoose IPA,American IPA,12.0 oz,0.069,290,Hale's Ales,Seattle,MA
1440,Hale's Pale American Ale,American Pale Ale (APA),12.0 oz,0.047,290,Hale's Ales,Seattle,WA
1753,Heyoka IPA,American IPA,16.0 oz,0.07,327,Half Acre Beer Company,Chicago,CO
1448,Guest Lager,American Double / Imperial Pilsner,16.0 oz,0.08,327,Half Acre Beer Company,Chicago,FL
1134,Pony Pilsner,German Pilsener,16.0 oz,0.057,327,Half Acre Beer Company,Chicago,IL
1066,Akari Shogun American Wheat Ale,American Pale Wheat Ale,16.0 oz,0.055,327,Oakshire Brewing,Chicago,IL
849,Meat Wave,English India Pale Ale (IPA),16.0 oz,0.06,327,Half Acre Beer Company,Chicago,OR
352,Over Ale,American Brown Ale,16.0 oz,0.06,327,Kirkwood Station Brewing Company,Chicago,PA
149,Gossamer Golden Ale,American Blonde Ale,16.0 oz,0.042,327,Half Acre Beer Company,Chicago,HI
148,Daisy Cutter Pale Ale,American Pale Ale (APA),16.0 oz,0.052,327,Half Acre Beer Company,Chicago,MN
2026,Pursuit,American IPA,12.0 oz,0.07,248,Half Full Brewery,Stamford,CT
1361,Half Full Bright Ale,American Blonde Ale,12.0 oz,0.052,248,Seventh Son Brewing Company,Stamford,CT
1016,Orange Wheat,Fruit / Vegetable Beer,12.0 oz,0.046,476,Against the Grain Brewery,Redlands,KS
1015,Hangar 24 Helles Lager,Munich Helles Lager,12.0 oz,0.043,476,Freetail Brewing Company,Redlands,CA
1677,The Great Return,American IPA,16.0 oz,0.075,343,Mehana Brewing Co.,Richmond,VA
1331,Hardywood Cream Ale,Cream Ale,12.0 oz,0.044,343,Oskar Blues Brewery,Richmond,CA
1270,Capital Trail Pale Ale,American Pale Ale (APA),12.0 oz,0.056,343,Angry Orchard Cider Company,Richmond,WI
2059,UFO Gingerland,Herbed / Spiced Beer,12.0 oz,0.052,234,Harpoon Brewery,Boston,MA
1653,The Long Thaw White IPA,American White IPA,12.0 oz,0.062,234,Perrin Brewing Company,Boston,MA
1558,Honey Cider,Cider,12.0 oz,0.048,234,Harpoon Brewery,Boston,LA
1380,Harpoon Summer Beer,Kölsch,12.0 oz,0.05,234,Harpoon Brewery,Boston,IN
1379,Harpoon IPA,American IPA,12.0 oz,0.059,234,Sockeye Brewing Company,Boston,MA
1340,UFO Pumpkin,Pumpkin Ale,12.0 oz,0.059,234,Harpoon Brewery,Boston,MA
1313,Harpoon Octoberfest,Märzen / Oktoberfest,12.0 oz,0.055,234,Harpoon Brewery,Boston,MA
770,Harpoon IPA (2012),American IPA,12.0 oz,0.059,234,Harpoon Brewery,Boston,MI
769,Harpoon Summer Beer (2012),Kölsch,12.0 oz,0.05,234,Neshaminy Creek Brewing Company,Boston,MA
610,UFO White,American Pale Wheat Ale,12.0 oz,0.048,234,Cedar Creek Brewery,Boston,CA
192,Harpoon Summer Beer (2010),Kölsch,12.0 oz,0.05,234,Bohemian Brewery,Boston,OK
126,Harpoon IPA (2010),American IPA,12.0 oz,0.059,234,Harpoon Brewery,Boston,MA
506,Great Falls Select Pale Ale,American Blonde Ale,12.0 oz,nan (wait to be cleaned),535,Harvest Moon Brewing Company,Belt,MT
181,Beltian White,Witbier,12.0 oz,0.048,535,Harvest Moon Brewing Company,Belt,CO
2183,Kaua'i Golden Ale,American Blonde Ale,12.0 oz,0.049,204,Hawai'i Nui Brewing Co.,Hilo,MO
2182,Sunset Amber,American Pale Ale (APA),12.0 oz,0.054,204,Hawai'i Nui Brewing Co.,Hilo,HI
2181,Hapa Brown Ale,American Brown Ale,19.2 oz,0.064,204,Smartmouth Brewing Company,Hilo,HI
2180,Hapa Brown Ale,American Brown Ale,12.0 oz,0.064,204,Back East Brewing Company,Hilo,PA
2179,Southern Cross,Flanders Red Ale,19.2 oz,0.083,204,Matt Brewing Company,Hilo,FL
1895,Groupe G,Belgian IPA,16.0 oz,0.076,280,Headlands Brewing Company,Mill Valley,CA
1894,Pt. Bonita Rustic Lager,American Pale Lager,16.0 oz,0.062,280,Two Beers Brewing Company,Mill Valley,IN
1893,Hill 88 Double IPA,American Double / Imperial IPA,16.0 oz,0.088,280,Headlands Brewing Company,Mill Valley,CA
990,Loose Cannon,American IPA,12.0 oz,0.072,479,Heavy Seas Beer,Halethorpe,VT
989,AARGHtoberfest!,Märzen / Oktoberfest,12.0 oz,0.06,479,Pateros Creek Brewing Company,Halethorpe,CO
988,Davy Jones Lager,Cream Ale,12.0 oz,0.06,479,Heavy Seas Beer,Halethorpe,MD
1351,Grazias,Cream Ale,16.0 oz,0.063,423,Oskar Blues Brewery,San Diego,NC
1346,Habitus IPA,American IPA,16.0 oz,0.08,423,Hess Brewing Company,San Diego,CA
904,Ex Umbris Rye Imperial Stout,American Double / Imperial Stout,16.0 oz,0.099,423,Hess Brewing Company,San Diego,CA
2295,The Golden One,American Pilsner,12.0 oz,0.063,168,Eddyline Brewery & Restaurant,Windsor,CO
2294,The Power of Zeus,American Pale Ale (APA),12.0 oz,0.07,168,Half Acre Beer Company,Windsor,CA
824,Tonganoxie Honey Wheat,American Pale Wheat Ale,12.0 oz,0.044,500,High Noon Saloon And Brewery,Leavenworth,NC
616,Oregon Trail Unfiltered Raspberry Wheat,Fruit / Vegetable Beer,12.0 oz,0.045,500,High Noon Saloon And Brewery,Leavenworth,MI
96,Annie's Amber Ale,American Amber / Red Ale,12.0 oz,0.055,500,King Street Brewing Company,Leavenworth,KS
1615,The 12th Can,American Pale Ale (APA),16.0 oz,nan (wait to be cleaned),32,Hilliard's Beer,Seattle,WA
889,Hilliard's Pils,Czech Pilsener,16.0 oz,0.055,362,Oskar Blues Brewery,Seattle,WI
724,Hilliard's Blonde,American Blonde Ale,16.0 oz,0.049,362,Hilliard's Beer,Seattle,PA
497,Hilliard's Amber Ale,American Amber / Red Ale,16.0 oz,0.055,362,Sockeye Brewing Company,Seattle,WA
496,Hilliard's Saison,Saison / Farmhouse Ale,16.0 oz,0.066,362,Hilliard's Beer,Seattle,WA
1652,White Cap White IPA,American White IPA,16.0 oz,0.042,349,Hinterland Brewery,Green Bay,IL
1835,Provision,Saison / Farmhouse Ale,12.0 oz,0.042,297,Avery Brewing Company,Pittsburgh,PA
1834,One Nut Brown,American Brown Ale,12.0 oz,0.047,297,Hop Farm Brewing Company,Pittsburgh,MO
1833,Hop Farm IPA,American IPA,12.0 oz,0.058,297,Hop Farm Brewing Company,Pittsburgh,IN
2195,Double D Blonde,American Blonde Ale,12.0 oz,0.049,198,Capital Brewery,Springfield,CO
1605,Festeroo Winter Ale,American Strong Ale,12.0 oz,0.078,198,Hop Valley Brewing Company,Springfield,CO
1543,Proxima IPA,American IPA,12.0 oz,0.063,198,Hop Valley Brewing Company,Springfield,OR
1390,Double D Blonde (2013),American Blonde Ale,12.0 oz,0.049,198,Hop Valley Brewing Company,Springfield,CA
1354,541 American Lager,American Pale Lager,12.0 oz,0.048,198,Deep Ellum Brewing Company,Springfield,OR
1353,Alphadelic IPA,American IPA,12.0 oz,0.065,198,Destihl Brewery,Springfield,OR
499,Alphadelic IPA (2011),American IPA,12.0 oz,0.065,198,Great River Brewery,Springfield,OR
498,Double D Blonde (2011),American Blonde Ale,12.0 oz,0.049,198,Hop Valley Brewing Company,Springfield,OR
1501,Green House India Pale Ale,American IPA,12.0 oz,0.07,395,Hops & Grain Brewery,Austin,CO
1004,The One They Call Zoe,American Pale Lager,12.0 oz,0.051,395,Rochester Mills Brewing Company,Austin,CO
502,Alteration,Altbier,12.0 oz,0.051,395,18th Street Brewery,Austin,ME
501,Pale Dog,American Pale Ale (APA),12.0 oz,0.06,395,MillKing It Productions,Austin,CO
2357,Porter Culture,American Porter,12.0 oz,0.065,136,Uinta Brewing Company,Austin,TX
2483,Hard Cider,Cider,16.0 oz,0.068,80,Hopworks Urban Brewery,Portland,VA
2482,Totally Radler,Radler,16.0 oz,0.027,80,Hopworks Urban Brewery,Portland,WA
2400,Nonstop Hef Hop,American Pale Wheat Ale,16.0 oz,0.039,80,Hopworks Urban Brewery,Portland,OR
2399,Nonstop Hef Hop,American Pale Wheat Ale,16.0 oz,0.039,80,Hopworks Urban Brewery,Portland,OR
2398,Nonstop Hef Hop,American Pale Wheat Ale,16.0 oz,0.039,80,Crabtree Brewing Company,Portland,OR
2397,Nonstop Hef Hop,American Pale Wheat Ale,16.0 oz,0.039,80,Hopworks Urban Brewery,Portland,MI
2396,Nonstop Hef Hop,American Pale Wheat Ale,16.0 oz,0.039,80,Brewery Vivant,Portland,WI
2395,Nonstop Hef Hop,American Pale Wheat Ale,16.0 oz,0.039,80,Cedar Creek Brewery,Portland,OR
2394,Nonstop Hef Hop,American Pale Wheat Ale,16.0 oz,0.039,80,Champion Brewing Company,Portland,WY
2393,Nonstop Hef Hop,American Pale Wheat Ale,16.0 oz,0.039,80,Hopworks Urban Brewery,Portland,TX
2392,Nonstop Hef Hop,American Pale Wheat Ale,16.0 oz,0.039,80,Seven Brides Brewery,Portland,FL
2391,Nonstop Hef Hop,American Pale Wheat Ale,16.0 oz,0.039,80,Hopworks Urban Brewery,Portland,OR
2390,Nonstop Hef Hop,American Pale Wheat Ale,16.0 oz,0.039,80,Hopworks Urban Brewery,Portland,OR
2389,Nonstop Hef Hop,American Pale Wheat Ale,16.0 oz,0.039,80,DC Brau Brewing Company,Portland,OR
2388,Rise Up Red,American Amber / Red Ale,16.0 oz,0.058,80,Rhinegeist Brewery,Portland,CO
2200,Survival Stout,American Stout,16.0 oz,0.058,80,Cheboygan Brewing Company,Portland,OR
2199,Hopworks IPA,American IPA,16.0 oz,0.066,80,Upslope Brewing Company,Portland,OR
2193,Abominable Winter Ale,American Strong Ale,16.0 oz,0.073,80,Hopworks Urban Brewery,Portland,MA
1398,Pigwar White India Pale Ale,American White IPA,16.0 oz,0.06,80,Hopworks Urban Brewery,Portland,OR
1085,Rise-Up Red (2014),American Amber / Red Ale,16.0 oz,0.058,80,Hopworks Urban Brewery,Portland,OR
916,Abominable Winter Ale (2012),American Strong Ale,16.0 oz,0.073,80,Peace Tree Brewing Company,Portland,MI
658,HUB Lager,Czech Pilsener,16.0 oz,0.051,80,Hopworks Urban Brewery,Portland,IA
653,Hopworks IPA (2012),American IPA,16.0 oz,0.066,80,Hopworks Urban Brewery,Portland,CO
2385,Watermelon Wheat,American Pale Wheat Ale,12.0 oz,0.056,120,Sockeye Brewing Company,Milwaukee,WI
2384,Laka Laka Pineapple,Hefeweizen,12.0 oz,0.051,120,Hopworks Urban Brewery,Milwaukee,WI
2383,Oktoberfest,Märzen / Oktoberfest,16.0 oz,0.06,120,Horny Goat Brew Pub,Milwaukee,TX
1251,Trail Maker Pale Ale,American Pale Ale (APA),12.0 oz,0.065,445,Howard Brewing Company,Lenoir,NC
1250,Action Man Lager,Vienna Lager,12.0 oz,0.055,445,Howard Brewing Company,Lenoir,NC
1903,Let It Ride IPA,American IPA,12.0 oz,0.068,277,Carton Brewing Company,Minneapolis,MN
1691,Stir Crazy Winter Ale,Winter Warmer,12.0 oz,0.065,277,Indeed Brewing Company,Minneapolis,VT
1555,Sweet Yamma Jamma Ale,Fruit / Vegetable Beer,12.0 oz,0.05,277,Indeed Brewing Company,Minneapolis,CA
1115,Shenanigans Summer Ale,American Pale Wheat Ale,12.0 oz,0.046,277,Indeed Brewing Company,Minneapolis,IL
729,Midnight Ryder,American Black Ale,12.0 oz,0.065,277,Indeed Brewing Company,Minneapolis,CA
728,Day Tripper Pale Ale,American Pale Ale (APA),12.0 oz,0.054,277,Indeed Brewing Company,Minneapolis,MN
2350,Oklahoma Suks,American Amber / Red Ale,12.0 oz,0.048,140,Independence Brewing Company,Austin,TX
2301,Power & Light,American Pale Ale (APA),12.0 oz,0.055,140,Independence Brewing Company,Austin,IL
1904,White Rabbit,Witbier,12.0 oz,0.059,140,Independence Brewing Company,Austin,TX
2609,Tribute,American Pale Ale (APA),12.0 oz,0.058,23,DC Brau Brewing Company,Indianapolis,IN
2038,Infamous IPA,American IPA,12.0 oz,0.07,242,David's Ale Works,Austin,OH
1774,Hijack,Cream Ale,12.0 oz,0.055,242,7 Seas Brewing Company,Austin,TX
559,Jon Boat Coastal Ale,American Blonde Ale,12.0 oz,0.045,527,Intuition Ale Works,Jacksonville,FL
558,I-10 IPA,American IPA,12.0 oz,0.068,527,Oakshire Brewing,Jacksonville,FL
553,People's Pale Ale,American Pale Ale (APA),12.0 oz,0.053,527,Intuition Ale Works,Jacksonville,FL
2376,Summer Ale,American Blonde Ale,12.0 oz,0.049,123,Ipswich Ale Brewery,Ipswich,MA
1784,Appreciation Ale,American IPA,16.0 oz,nan (wait to be cleaned),316,Iron Hill Brewery & Restaurant,Wilmington,OR
2673,House Lager,Keller Bier / Zwickel Bier,16.0 oz,0.052,2,Jack's Abby Craft Lagers,Framingham,MA
2672,Leisure Time,American Pale Lager,12.0 oz,0.048,2,Jack's Abby Craft Lagers,Framingham,MA
2671,Excess IPL,American India Pale Lager,16.0 oz,0.072,2,Rivertowne Brewing Company,Framingham,IN
2670,Hoponius Union,American India Pale Lager,12.0 oz,0.067,2,Jack's Abby Craft Lagers,Framingham,MA
2669,Calyptra,American India Pale Lager,12.0 oz,0.049,2,Schlafly Brewing Company,Framingham,PA
1405,Helen's Blend,Cider,12.0 oz,0.05,416,Jack's Hard Cider (Hauser Estate...,Biglerville,PA
823,Jack's Hard Cider,Cider,12.0 oz,0.051,416,Jack's Hard Cider (Hauser Estate...,Biglerville,CA
1793,Thunder Ann,American Pale Ale (APA),12.0 oz,0.055,312,Jackalope Brewing Company,Nashville,TN
2453,Razz Wheat,Fruit / Vegetable Beer,12.0 oz,0.055,92,Jackie O's Pub & Brewery,Athens,OH
2363,Hop Ryot,American IPA,12.0 oz,0.065,92,Jackie O's Pub & Brewery,Athens,OH
689,Mystic Mama IPA,American IPA,12.0 oz,0.07,92,Crooked Fence Brewing Company,Athens,OH
688,Firefly Amber Ale,American Amber / Red Ale,12.0 oz,0.05,92,Crabtree Brewing Company,Athens,OH
687,Chomolungma Honey Nut Brown Ale,English Brown Ale,12.0 oz,0.067,92,Pete's Brewing Company,Athens,OH
2408,Welcome to Scoville,American IPA,12.0 oz,0.069,114,Carolina Beer & Beverage,Laurel,SD
2595,Bastian,American Strong Ale,12.0 oz,nan (wait to be cleaned),32,Sly Fox Brewing Company,Stevens Point,OH
2480,Healani,Hefeweizen,12.0 oz,0.045,32,James Page Brewing Company,Stevens Point,WI
1525,Yabba Dhaba Chai Tea Porter,American Porter,12.0 oz,0.055,32,James Page Brewing Company,Stevens Point,WI
1524,A Capella Gluten Free Pale Ale,American Pale Ale (APA),12.0 oz,0.055,32,Bare Hands Brewery,Stevens Point,KS
1523,Casper White Stout,American Blonde Ale,12.0 oz,0.06,32,James Page Brewing Company,Stevens Point,WI
1254,JP's Ould Sod Irish Red IPA,American IPA,12.0 oz,0.06,32,Jack's Abby Craft Lagers,Stevens Point,WI
2060,Weize Guy,Hefeweizen,12.0 oz,0.05,233,Joseph James Brewing Company,Henderson,RI
469,Fox Tail Gluten Free Ale,American Pale Ale (APA),12.0 oz,0.05,233,Joseph James Brewing Company,Henderson,AR
468,Hop Box Imperial IPA,American Double / Imperial IPA,12.0 oz,0.093,233,Brew Bus Brewing,Henderson,NV
467,Joseph James American Lager,American Adjunct Lager,12.0 oz,0.052,233,Joseph James Brewing Company,Henderson,NH
2163,Sucha Much IPA,American IPA,12.0 oz,0.071,208,Kalona Brewing Company,Kalona,IA
2162,Lewbricator Wheat Dopplebock,Doppelbock,12.0 oz,0.075,208,Mammoth Brewing Company,Kalona,IA
2374,Weisse Versa (2012),Hefeweizen,12.0 oz,0.052,125,New Belgium Brewing Company,Houston,TX
1560,Mother in Lager,Munich Dunkel Lager,12.0 oz,0.058,125,Sun King Brewing Company,Houston,TX
1557,Weekend Warrior Pale Ale,American Pale Ale (APA),12.0 oz,0.055,125,Angry Orchard Cider Company,Houston,TX
1458,Karbachtoberfest,Märzen / Oktoberfest,12.0 oz,0.055,125,Karbach Brewing Company,Houston,IL
1235,Love Street Summer Seasonal (2014),Kölsch,12.0 oz,0.047,125,Karbach Brewing Company,Houston,TX
1068,Barn Burner Saison,Saison / Farmhouse Ale,12.0 oz,0.066,125,Karbach Brewing Company,Houston,TX
666,Rodeo Clown Double IPA,American Double / Imperial IPA,12.0 oz,0.095,125,Bauhaus Brew Labs,Houston,TX
465,Sympathy for the Lager,American Amber / Red Lager,12.0 oz,0.049,125,Karbach Brewing Company,Houston,OR
464,Weisse Versa,Hefeweizen,12.0 oz,0.052,125,Hawai'i Nui Brewing Co.,Houston,TX
463,Hopadillo India Pale Ale,American IPA,12.0 oz,0.066,125,Karbach Brewing Company,Houston,CO
1678,KelSo Nut Brown Lager,Euro Dark Lager,12.0 oz,0.057,342,KelSo Beer Company,Brooklyn,OR
1572,KelSo India Pale Ale,American IPA,12.0 oz,0.06,342,Wynkoop Brewing Company,Brooklyn,NY
1348,KelSo Pilsner,Czech Pilsener,12.0 oz,0.055,342,Rochester Mills Brewing Company,Brooklyn,NY
1193,Skilak Scottish Ale,Scottish Ale,12.0 oz,0.058,458,Kenai River Brewing Company,Soldotna,AK
1187,Peninsula Brewers Reserve (PBR),American Blonde Ale,12.0 oz,0.05,458,Kenai River Brewing Company,Soldotna,AK
349,Sunken Island IPA,American IPA,12.0 oz,0.068,458,Kenai River Brewing Company,Soldotna,AK
348,Skilak Scottish Ale (2011),Scottish Ale,12.0 oz,0.058,458,Mountain Town Brewing Company,Soldotna,DE
760,Cold Smoke Scotch Ale (2007),Scotch Ale / Wee Heavy,16.0 oz,0.065,510,Wynkoop Brewing Company,Missoula,PA
759,Double Haul IPA (2009),American IPA,16.0 oz,0.065,510,Great River Brewery,Missoula,SC
758,Double Haul IPA (2006),American IPA,16.0 oz,0.065,510,Rochester Mills Brewing Company,Missoula,MT
87,Eddy Out Pale Ale,American Pale Ale (APA),16.0 oz,0.055,510,Bonfire Brewing Company,Missoula,NC
86,Double Haul IPA,American IPA,16.0 oz,0.065,510,Prescott Brewing Company,Missoula,IN
85,Cold Smoke Scotch Ale,Scotch Ale / Wee Heavy,16.0 oz,0.065,510,Three Notch'd Brewing Company,Missoula,MT
2472,U. P. Witbier,Witbier,12.0 oz,nan (wait to be cleaned),84,Anderson Valley Brewing Company,Houghton,MI
779,November Gale Pale Ale,American Pale Ale (APA),12.0 oz,nan (wait to be cleaned),84,Revolution Brewing,Houghton,MI
364,Olde Ore Dock Scottish Ale,Scottish Ale,12.0 oz,nan (wait to be cleaned),84,Keweenaw Brewing Company,Houghton,NE
60,Widow Maker Black Ale,American Brown Ale,12.0 oz,nan (wait to be cleaned),84,MillKing It Productions,Houghton,OH
59,Lift Bridge Brown Ale,American Brown Ale,12.0 oz,nan (wait to be cleaned),84,Midnight Sun Brewing Company,Houghton,MI
58,Pick Axe Blonde Ale,American Blonde Ale,12.0 oz,nan (wait to be cleaned),84,Wisconsin Brewing Company,Houghton,MI
57,Red Jacket Amber Ale,American Amber / Red Ale,12.0 oz,nan (wait to be cleaned),84,Keweenaw Brewing Company,Houghton,MO
2436,Amber Ale,American Amber / Red Ale,12.0 oz,0.051,102,King Street Brewing Company,Anchorage,AK
1706,King Street Pilsner,Czech Pilsener,12.0 oz,0.055,102,Sun King Brewing Company,Anchorage,AK
1667,King Street IPA,American IPA,12.0 oz,0.06,102,Warped Wing Brewing Company,Anchorage,TX
1666,King Street Hefeweizen,Hefeweizen,12.0 oz,0.057,102,Jackie O's Pub & Brewery,Anchorage,PA
1665,King Street Blonde Ale,American Blonde Ale,12.0 oz,0.049,102,King Street Brewing Company,Anchorage,TX
2460,India Pale Ale,American IPA,16.0 oz,0.063,87,Manayunk Brewing Company,Kirkwood,MO
2459,Blackberry Wheat,American Pale Wheat Ale,16.0 oz,0.048,87,Kirkwood Station Brewing Company,Kirkwood,OH
1274,Longboard Island Lager,American Amber / Red Lager,24.0 oz,0.046,439,Krebs Brewing Company (Pete's Pl...,Kona,HI
1220,Longboard Island Lager,American Amber / Red Lager,16.0 oz,0.046,439,Bohemian Brewery,Kona,CA
1070,Longboard Island Lager,American Amber / Red Lager,12.0 oz,0.046,439,Kona Brewing Company,Kona,MN
590,Longboard Island Lager,American Amber / Red Lager,12.0 oz,0.046,439,Firestone Walker Brewing Company,Kona,CA
781,Choc Beer (2003),American Dark Wheat Ale,12.0 oz,0.04,505,Oskar Blues Brewery,Krebs,WA
1637,Bellingham Beer Week 2013 Collaboration,Belgian Strong Dark Ale,16.0 oz,0.08,354,Kulshan Brewery,Bellingham,TX
1741,A Slice of Hefen,Hefeweizen,16.0 oz,0.054,332,Brewery Vivant,Albuquerque,MA
664,Elevated IPA,American IPA,16.0 oz,0.072,332,La Cumbre Brewing Company,Albuquerque,NM
392,Rumspringa Golden Bock,Maibock / Helles Bock,12.0 oz,0.066,545,Lumberyard Brewing Company,Lancaster,CO
195,Lancaster German Style Kölsch,Kölsch,12.0 oz,0.048,545,Surly Brewing Company,Lancaster,PA
2547,Beach Cruiser,Hefeweizen,12.0 oz,0.045,59,Latitude 42 Brewing Company,Portage,OR
2493,I.P. Eh!,American IPA,12.0 oz,0.068,59,Harpoon Brewery,Portage,MA
2492,Schoolhouse Honey,American Amber / Red Ale,12.0 oz,0.05,59,Lost Nation Brewing,Portage,IL
2491,10 Degrees of Separation,English Brown Ale,12.0 oz,0.055,59,Brewery Vivant,Portage,MI
2108,Laughing Dog Cream Ale,Cream Ale,12.0 oz,0.05,218,Sleeping Lady Brewing Company,Ponderay,ID
1397,Two-One Niner,American Pilsner,12.0 oz,0.048,218,Laughing Dog Brewing Company,Ponderay,ID
1396,Laughing Dog IPA,American IPA,12.0 oz,0.064,218,Laughing Dog Brewing Company,Ponderay,FL
1675,Madra Allta,American IPA,12.0 oz,0.064,345,Two Beers Brewing Company,Erie,PA
1249,Duluchan India Pale Ale,American IPA,12.0 oz,0.056,345,Lavery Brewing Company,Erie,PA
1445,Lazy Monk Bohemian Pilsner,Czech Pilsener,16.0 oz,0.05,406,Blue Blood Brewing Company,Eau Claire,MA
475,Yellowstone Golden Ale,Kölsch,12.0 oz,0.051,537,Forgotten Boardwalk,Helena,ID
474,Tumbleweed IPA,American IPA,12.0 oz,0.057,537,Two Beers Brewing Company,Helena,MT
473,Lewis & Clark Amber Ale,American Amber / Red Ale,12.0 oz,0.05,537,Lucky Town Brewing Company,Helena,MT
472,Miner's Gold Hefeweizen,Hefeweizen,12.0 oz,0.05,537,Wind River Brewing Company,Helena,MT
471,Back Country Scottish Ale,Scottish Ale,12.0 oz,0.057,537,Refuge Brewery,Helena,MT
2036,Getaway,German Pilsener,16.0 oz,0.052,244,Borderlands Brewing Company,Stillwater,MO
1168,Farm Girl Saison,Saison / Farmhouse Ale,16.0 oz,0.06,244,Sea Dog Brewing Company,Stillwater,MN
1832,Adam's Stout,American Stout,12.0 oz,0.058,298,Hop Farm Brewing Company,York,PA
1688,American Hero,American Amber / Red Ale,12.0 oz,0.057,298,Liquid Hero Brewery,York,NY
1687,Schweet Ale,Fruit / Vegetable Beer,12.0 oz,0.052,298,Back East Brewing Company,York,PA
1686,Irregardless IPA,American IPA,12.0 oz,0.065,298,Cigar City Brewing Company,York,WY
2434,Peach Pale Ale,American Pale Ale (APA),12.0 oz,0.057,104,Lone Tree Brewing Company,Lone Tree,CO
2332,Deadeye Jack,American Porter,12.0 oz,0.06,149,Lonerider Brewing Company,Raleigh,MT
2330,Pistols at Dawn,American Stout,16.0 oz,0.075,149,Independence Brewing Company,Raleigh,WA
2329,Peacemaker Pale Ale,American Pale Ale (APA),12.0 oz,0.057,149,Wynkoop Brewing Company,Raleigh,NC
2327,Shotgun Betty,Hefeweizen,12.0 oz,0.058,149,Lonerider Brewing Company,Raleigh,NC
2326,Sweet Josie,American Brown Ale,12.0 oz,0.061,149,Lonerider Brewing Company,Raleigh,MA
1926,Long Trail IPA,English India Pale Ale (IPA),12.0 oz,0.059,268,Great River Brewery,Bridgewater Corners,LA
1924,Long Trail Ale,American Amber / Red Ale,12.0 oz,0.046,268,Madtree Brewing Company,Bridgewater Corners,VT
1090,Double Bag,Altbier,16.0 oz,0.072,268,Rivertowne Brewing Company,Bridgewater Corners,HI
574,Blackbeary Wheat,Fruit / Vegetable Beer,12.0 oz,0.04,268,Wisconsin Brewing Company,Bridgewater Corners,VT
573,Long Trail Ale (1),Altbier,12.0 oz,0.046,268,Bent Brewstillery,Bridgewater Corners,MI
2584,Gose,Gose,16.0 oz,0.046,41,Caldera Brewing Company,East Fairfield,OR
2583,Vermont Pilsner,German Pilsener,16.0 oz,0.048,41,Occidental Brewing Company,East Fairfield,VT
2582,Mosaic Single Hop IPA,American IPA,16.0 oz,0.055,41,Horny Goat Brew Pub,East Fairfield,IA
2581,Lost Galaxy,American IPA,16.0 oz,0.045,41,Lost Nation Brewing,East Fairfield,IA
1309,Face Plant IPA,American IPA,12.0 oz,0.062,430,Lost Rhino Brewing Company,Ashburn,VA
1308,Rhino Chasers Pilsner,Czech Pilsener,12.0 oz,0.056,430,Lost Rhino Brewing Company,Ashburn,VA
1571,Slow Hand Stout,American Stout,16.0 oz,0.052,377,Manayunk Brewing Company,Menominee,NY
1204,Hips Don't Lie,Hefeweizen,16.0 oz,0.062,456,Lucette Brewing Company,Menominie,MT
1122,Ride Again Pale Ale,American Pale Ale (APA),16.0 oz,0.052,456,Sun King Brewing Company,Menominie,WI
700,The Farmer's Daughter,American Blonde Ale,16.0 oz,0.048,456,Manzanita Brewing Company,Menominie,TX
2033,Pub Ale,English Dark Mild Ale,12.0 oz,0.038,245,Brewery Vivant,Jackson,MS
2032,Ballistic Blonde,Belgian Pale Ale,12.0 oz,0.051,245,Lucky Town Brewing Company,Jackson,MS
2311,Knotty Pine,American Pale Ale (APA),12.0 oz,0.054,158,Moab Brewery,Flagstaff,IN
1153,Lumberyard Pilsner,American Pilsner,12.0 oz,0.053,158,Lumberyard Brewing Company,Flagstaff,MT
355,Lumberyard IPA,American IPA,12.0 oz,0.061,158,Wild Wolf Brewing Company,Flagstaff,OR
125,Lumberyard Red Ale,American Amber / Red Ale,12.0 oz,0.058,158,Lumberyard Brewing Company,Flagstaff,AZ
962,Mac's Highlander Pale Ale (2000),American Pale Ale (APA),12.0 oz,0.05,485,Narragansett Brewing Company,Portland,OR
961,Mac's Scottish Style Amber Ale (2000),American Amber / Red Ale,12.0 oz,0.051,485,MacTarnahans Brewing Company,Portland,CA
1475,Macon Progress Ale,American Pale Ale (APA),12.0 oz,0.05,400,MillKing It Productions,Macon,GA
1008,Macon History Ale,American Brown Ale,12.0 oz,0.055,400,Macon Beer Company,Macon,GA
2454,Galaxy High,American Double / Imperial IPA,12.0 oz,0.099,91,Madtree Brewing Company,Cincinnati,CO
2209,Sol Drifter,American Blonde Ale,12.0 oz,0.043,91,Morgan Street Brewery,Cincinnati,CO
2133,Thunder Snow,Winter Warmer,12.0 oz,0.085,91,Madtree Brewing Company,Cincinnati,CO
1994,The Great Pumpcan,Fruit / Vegetable Beer,16.0 oz,0.079,91,Dead Armadillo Craft Brewing,Cincinnati,OH
1816,LIFT,Kölsch,12.0 oz,0.047,91,Pateros Creek Brewing Company,Cincinnati,OH
1815,SPRYE,American Pale Ale (APA),12.0 oz,0.05,91,Madtree Brewing Company,Cincinnati,IN
1126,Psychopathy,American IPA,12.0 oz,0.069,91,Madtree Brewing Company,Cincinnati,NM
1125,Gnarly Brown,American Brown Ale,12.0 oz,0.07,91,Swamp Head Brewery,Cincinnati,IN
1124,Happy Amber,American Amber / Red Ale,12.0 oz,0.06,91,Madtree Brewing Company,Cincinnati,TX
1813,#9,Fruit / Vegetable Beer,16.0 oz,0.051,303,Seventh Son Brewing Company,South Burlington,VT
1113,Elder Betty,Hefeweizen,12.0 oz,0.055,303,7 Seas Brewing Company,South Burlington,PA
360,#9,Fruit / Vegetable Beer,12.0 oz,0.051,303,Magic Hat Brewing Company,South Burlington,VT
511,High Country Pilsner (Current),German Pilsener,12.0 oz,0.042,534,Mammoth Brewing Company,Mammoth Lakes,IL
75,Epic IPA,American IPA,12.0 oz,0.065,534,Cape Cod Beer,Mammoth Lakes,CO
74,Golden Trout Pilsner,German Pilsener,12.0 oz,0.042,534,Blue Blood Brewing Company,Mammoth Lakes,NC
73,Real McCoy Amber Ale (Current),American Amber / Red Ale,12.0 oz,0.045,534,Mammoth Brewing Company,Mammoth Lakes,TX
1628,Festivus (1),Winter Warmer,12.0 oz,0.072,356,Manayunk Brewing Company,Philadelphia,PA
1626,Manayunk Oktoberfest,Märzen / Oktoberfest,12.0 oz,0.067,356,Manayunk Brewing Company,Philadelphia,PA
1625,Belgian Style Session Ale,Belgian Pale Ale,12.0 oz,0.045,356,Manayunk Brewing Company,Philadelphia,PA
1624,Manayunk IPA,American IPA,12.0 oz,0.055,356,Manayunk Brewing Company,Philadelphia,CA
1600,Yunkin' Punkin',Pumpkin Ale,12.0 oz,0.055,356,Manayunk Brewing Company,Philadelphia,PA
1484,Summer Paradise,American Pale Wheat Ale,12.0 oz,0.05,356,Hopworks Urban Brewery,Philadelphia,PA
1356,Monk from the 'Yunk,Tripel,12.0 oz,0.09,356,Revolution Brewing Company,Philadelphia,PA
1355,Schuylkill Punch,Fruit / Vegetable Beer,12.0 oz,0.06,356,Brewery Vivant,Philadelphia,PA
1334,Dreamin' Double IPA,American Double / Imperial IPA,12.0 oz,0.085,356,Manayunk Brewing Company,Philadelphia,PA
1674,Chaotic Double IPA,American Double / Imperial IPA,12.0 oz,0.099,346,Brewery Vivant,Santee,CA
1673,Manzanita IPA,American IPA,12.0 oz,0.08,346,New Belgium Brewing Company,Santee,ID
1672,Riverwalk Blonde Ale,American Blonde Ale,12.0 oz,0.06,346,Manzanita Brewing Company,Santee,FL
1671,Gillespie Brown Ale,American Brown Ale,12.0 oz,0.095,346,Manzanita Brewing Company,Santee,CA
1670,Manzanita Pale Ale,American Pale Ale (APA),12.0 oz,0.066,346,Manzanita Brewing Company,Santee,AZ
1262,Marble Pilsner,German Pilsener,12.0 oz,0.047,443,Marble Brewery,Albuquerque,VA
845,Marble India Pale Ale,American IPA,12.0 oz,0.062,443,Texian Brewing Co.,Albuquerque,OR
1783,Toughcats IPA,American IPA,16.0 oz,0.072,317,Stillmank Beer Company,Belfast,ME
1717,Tug Pale Ale,American Pale Ale (APA),16.0 oz,0.05,317,Marshall Wharf Brewing Company,Belfast,ME
1716,Sexy Chaos,Russian Imperial Stout,16.0 oz,0.099,317,Sanitas Brewing Company,Belfast,CO
1516,Ace Hole American Pale Ale,American Pale Ale (APA),16.0 oz,0.063,317,Marshall Wharf Brewing Company,Belfast,ME
725,Cant Dog Imperial Pale Ale,American Double / Imperial IPA,16.0 oz,0.097,317,Marshall Wharf Brewing Company,Belfast,GA
2308,River House,Saison / Farmhouse Ale,16.0 oz,0.05,161,Beer Works Brewery,Fort Worth,TX
2268,Pretzel Stout,American Stout,16.0 oz,0.065,161,Cigar City Brewing Company,Fort Worth,TX
2197,Rubberneck Red,American Amber / Red Ale,16.0 oz,0.05,161,Oskar Blues Brewery,Fort Worth,TX
2120,The Imperial Texan,American Double / Imperial IPA,16.0 oz,0.08,161,Boxcar Brewing Company,Fort Worth,PA
1234,The Imperial Texan,American Double / Imperial IPA,12.0 oz,0.08,161,Anderson Valley Brewing Company,Fort Worth,RI
1233,Day Break 4-Grain Breakfast Beer,Rye Beer,16.0 oz,0.05,161,Surly Brewing Company,Fort Worth,OR
1232,River House Saison,Saison / Farmhouse Ale,12.0 oz,0.05,161,Voodoo Brewery,Fort Worth,OR
1231,There Will Be Stout,American Stout,12.0 oz,0.065,161,Martin House Brewing Company,Fort Worth,WI
1831,Our Legacy IPA,American IPA,12.0 oz,0.065,299,Matt Brewing Company,Utica,CT
1359,Saranac Shandy,Shandy,12.0 oz,0.042,299,Matt Brewing Company,Utica,OR
1135,Our Legacy IPA,American IPA,16.0 oz,0.065,299,Matt Brewing Company,Utica,NY
960,Saranac Golden Pilsener (2003),German Pilsener,12.0 oz,0.051,299,Matt Brewing Company,Utica,NY
959,Saranac Adirondack Light (2002),Light Lager,12.0 oz,0.045,299,DC Brau Brewing Company,Utica,NY
958,DAX Light (1998),Light Lager,12.0 oz,0.045,299,Matt Brewing Company,Utica,KS
957,Saranac Traditional Lager (2000),American Pale Lager,12.0 oz,0.048,299,Matt Brewing Company,Utica,RI
956,Pomegranate Wheat (2008),Fruit / Vegetable Beer,12.0 oz,0.047,299,Horny Goat Brew Pub,Utica,MO
773,Blueberry Blonde Ale,American Blonde Ale,12.0 oz,0.05,299,Matt Brewing Company,Utica,NY
686,Saranac White IPA,American IPA,12.0 oz,0.06,299,COOP Ale Works,Utica,WI
453,Saranac Summer Ale (2011),American Pale Wheat Ale,12.0 oz,0.047,299,18th Street Brewery,Utica,NY
150,Saranac Pale Ale (12 oz.),English Pale Ale,12.0 oz,0.055,299,Wild Onion Brewing Company,Utica,IA
133,Saranac Pale Ale (16 oz.),English Pale Ale,16.0 oz,0.055,299,Sun King Brewing Company,Utica,NY
1578,Lahaina Town Brown,American Brown Ale,12.0 oz,0.051,375,Maui Brewing Company,Lahaina,HI
1429,Pau Hana Pilsner,Czech Pilsener,12.0 oz,0.055,375,Maui Brewing Company,Lahaina,HI
1271,Lemongrass Saison,Saison / Farmhouse Ale,12.0 oz,0.05,375,Maui Brewing Company,Lahaina,VA
713,Aloha B’ak’tun,Belgian Strong Dark Ale,12.0 oz,0.07,375,Narragansett Brewing Company,Lahaina,ID
712,Liquid Breadfruit,Fruit / Vegetable Beer,12.0 oz,0.082,375,Four Peaks Brewing Company,Lahaina,KS
690,Sobrehumano Palena'ole,American Amber / Red Ale,12.0 oz,0.06,375,Pug Ryan's Brewery,Lahaina,HI
547,La Perouse White,Witbier,12.0 oz,0.05,375,Maui Brewing Company,Lahaina,HI
435,Flyin' HI.P.Hay,American IPA,12.0 oz,0.068,375,Two Beers Brewing Company,Lahaina,HI
313,Mana Wheat,American Pale Wheat Ale,12.0 oz,0.055,375,Brewery Vivant,Lahaina,HI
33,Bikini Blonde Lager,Munich Helles Lager,12.0 oz,0.045,375,Maui Brewing Company,Lahaina,HI
32,CoCoNut Porter,American Porter,12.0 oz,0.057,375,Oskar Blues Brewery,Lahaina,CO
31,Big Swell IPA,American IPA,12.0 oz,0.062,375,Evil Twin Brewing,Lahaina,HI
1237,Pit Stop Chocolate Porter,American Porter,12.0 oz,0.037,448,Mavericks Beer Company,Half Moon Bay,CA
1236,Pace Setter Belgian Style Wit,Witbier,12.0 oz,0.037,448,Anderson Valley Brewing Company,Half Moon Bay,IL
1047,Back in the Saddle Rye Pale Ale,American Pale Ale (APA),12.0 oz,0.037,448,SanTan Brewing Company,Half Moon Bay,DC
1986,Bushwhacker Cider,Cider,16.0 oz,0.069,254,Meckley's Cidery,Somerset Center,SD
1985,Weim-R-Iner,Cider,16.0 oz,0.069,254,Great River Brewery,Somerset Center,MI
1984,Cherry Bomb,Cider,16.0 oz,0.069,254,Central Coast Brewing Company,Somerset Center,MI
2186,Tsunami IPA,American IPA,19.2 oz,0.072,203,Mehana Brewing Co.,Hilo,OR
2185,Tsunami IPA,American IPA,12.0 oz,0.072,203,Mehana Brewing Co.,Hilo,HI
2184,Humpback Blonde Ale,American Blonde Ale,12.0 oz,0.042,203,Mehana Brewing Co.,Hilo,HI
2178,Hawaiian Crow Porter,American Porter,12.0 oz,0.052,203,Mehana Brewing Co.,Hilo,HI
2177,Volcano Red Ale,American Amber / Red Ale,12.0 oz,0.052,203,Mehana Brewing Co.,Hilo,IN
2176,Mauna Kea Pale Ale,American Pale Ale (APA),12.0 oz,0.054,203,Mehana Brewing Co.,Hilo,ME
1508,Shark Bait,Fruit / Vegetable Beer,12.0 oz,0.053,393,Evil Czech Brewery,Miami,TX
1507,Gator Tail Brown Ale,American Brown Ale,12.0 oz,0.053,393,Miami Brewing Company,Miami,LA
1506,Miami Vice IPA,American IPA,12.0 oz,0.071,393,Montauk Brewing Company,Miami,FL
1325,Big Rod Coconut Ale,American Blonde Ale,12.0 oz,0.053,393,Miami Brewing Company,Miami,HI
174,Mickey Finn's Amber Ale,American Amber / Red Ale,12.0 oz,0.056,552,Baxter Brewing Company,Libertyville,MI
2093,Pleasure Town,American IPA,12.0 oz,0.063,223,Midnight Sun Brewing Company,Anchorage,ID
1814,Pleasure Town IPA,American IPA,12.0 oz,0.063,223,Confluence Brewing Company,Anchorage,AK
587,Snowshoe White Ale,Witbier,12.0 oz,0.048,223,Narragansett Brewing Company,Anchorage,PA
586,Kodiak Brown Ale,American Brown Ale,12.0 oz,0.05,223,Sly Fox Brewing Company,Anchorage,AK
434,Sockeye Red IPA,American IPA,12.0 oz,0.057,223,Midnight Sun Brewing Company,Anchorage,AK
2668,Habitus (2014),American Double / Imperial IPA,16.0 oz,0.08,3,Modern Times Beer,San Diego,CA
2667,Solis,American IPA,16.0 oz,0.075,3,Upland Brewing Company,San Diego,CA
2666,Jucundus,Wheat Ale,16.0 oz,0.06,3,Mike Hess Brewing Company,San Diego,CA
2664,Habitus,American Double / Imperial IPA,16.0 oz,0.08,3,Oskar Blues Brewery,San Diego,CA
2663,Grazias,Cream Ale,16.0 oz,0.063,3,Sierra Nevada Brewing Company,San Diego,CA
2662,Claritas,Kölsch,16.0 oz,0.058,3,450 North Brewing Company,San Diego,CA
2535,Vinyl Frontier,American Double / Imperial IPA,24.0 oz,0.083,65,Mikerphone Brewing,Chicago,IN
2534,Disco Superfly,American IPA,24.0 oz,0.08,65,Mikerphone Brewing,Chicago,IN
2533,Misty Mountain Hop,American IPA,24.0 oz,0.075,65,Snake River Brewing Company,Chicago,FL
2532,One-Hit Wonderful,Belgian IPA,24.0 oz,0.075,65,Mikerphone Brewing,Chicago,CO
2531,En Parfaite Harmonie,Saison / Farmhouse Ale,24.0 oz,0.065,65,Big Bend Brewing Company,Chicago,IL
2530,Daft Funk,Berliner Weissbier,24.0 oz,0.043,65,Mikerphone Brewing,Chicago,NC
2529,Love In An Ellavator,American IPA,24.0 oz,0.075,65,Branchline Brewing Company,Chicago,IL
2528,Spin Doctor,American Pale Ale (APA),24.0 oz,0.053,65,Mikerphone Brewing,Chicago,MI
1612,Keeper (Current),American Pilsner,12.0 oz,0.05,363,Mikkeller,Pottstown,PA
1611,Better Half,American IPA,12.0 oz,0.068,363,Grapevine Craft Brewery,Pottstown,PA
1273,SNO White Ale,Witbier,16.0 oz,0.048,440,MillKing It Productions,Royal Oak,NY
365,BRIK Irish Red Ale,Irish Red Ale,16.0 oz,0.048,440,MillKing It Productions,Royal Oak,MI
273,AXL Pale Ale,American Pale Ale (APA),16.0 oz,nan (wait to be cleaned),440,New Belgium Brewing Company,Royal Oak,WI
1884,Hop Freak,American Double / Imperial IPA,16.0 oz,0.087,284,Starr Hill Brewery,Milwaukee,NC
1272,Louie's Demise Amber Ale,American Amber / Red Ale,16.0 oz,0.051,284,Milwaukee Brewing Company,Milwaukee,WI
1080,Hop Happy,American IPA,16.0 oz,0.075,284,Crooked Fence Brewing Company,Milwaukee,WI
932,Booyah Farmhouse Ale,Saison / Farmhouse Ale,16.0 oz,0.065,284,Surly Brewing Company,Milwaukee,LA
776,O-Gii,Witbier,16.0 oz,0.092,284,Milwaukee Brewing Company,Milwaukee,WI
172,Flaming Damsel Lager (2010),Vienna Lager,16.0 oz,0.048,284,Milwaukee Brewing Company,Milwaukee,CO
171,Louie’s Demise Immort-Ale (2010),American Amber / Red Ale,16.0 oz,0.051,284,Milwaukee Brewing Company,Milwaukee,OH
2361,Axe Head Malt Liquor,American Malt Liquor,24.0 oz,0.099,134,Minhas Craft Brewery,Monroe,WI
2359,Huber Bock (2014),Bock,16.0 oz,0.054,134,Minhas Craft Brewery,Monroe,WI
2358,Minhas Light (2012),Light Lager,12.0 oz,0.04,134,Minhas Craft Brewery,Monroe,IN
2282,Huber,American Pale Lager,12.0 oz,0.05,134,Minhas Craft Brewery,Monroe,TX
2281,Clear Creek Ice,American Pale Lager,16.0 oz,0.062,134,Crazy Mountain Brewing Company,Monroe,WI
2280,Clear Creek Ice,American Pale Lager,12.0 oz,0.062,134,Mission Brewery,Monroe,IN
2279,Mountain Crest,American Pale Lager,16.0 oz,0.055,134,Natian Brewery,Monroe,WI
2278,Mountain Crest,American Pale Lager,12.0 oz,0.055,134,Stevens Point Brewery,Monroe,WI
2277,Mountain Creek (2013),American Pale Lager,12.0 oz,0.055,134,Burn 'Em Brewing,Monroe,WI
2276,Boxer,American Adjunct Lager,24.0 oz,0.05,134,Devil's Canyon Brewery,Monroe,NM
2275,Boxer Light,Light Lager,12.0 oz,0.042,134,Minhas Craft Brewery,Monroe,WI
2274,Boxer Ice,American Adjunct Lager,12.0 oz,0.055,134,Minhas Craft Brewery,Monroe,MI
2273,Boxer,American Adjunct Lager,12.0 oz,0.05,134,Foolproof Brewing Company,Monroe,WI
2442,Cortez Gold,Belgian Pale Ale,32.0 oz,0.05,98,Martin House Brewing Company,San Diego,CA
2441,Mission IPA,American IPA,32.0 oz,0.068,98,Brewery Vivant,San Diego,VA
1460,El Conquistador Extra Pale Ale,American Pale Ale (APA),32.0 oz,0.048,98,Great River Brewery,San Diego,TX
1459,Shipwrecked Double IPA,American Double / Imperial IPA,32.0 oz,0.092,98,Bold City Brewery,San Diego,CA
1476,Squeaky Bike Nut Brown Ale,American Brown Ale,16.0 oz,0.04,399,Moab Brewery,Moab,PA
902,Dead Horse Amber,American Pale Wheat Ale,16.0 oz,0.04,399,Moab Brewery,Moab,CO
645,Rocket Bike American Lager,California Common / Steam Beer,16.0 oz,0.04,399,Moab Brewery,Moab,UT
644,Johnny's American IPA,American IPA,16.0 oz,0.04,399,Moab Brewery,Moab,AR
337,Boneshaker Brown Ale,English Brown Ale,24.0 oz,0.055,547,Moat Mountain Smoke House & Brew...,North Conway,IL
336,Iron Mike Pale Ale,American Pale Ale (APA),24.0 oz,0.056,547,18th Street Brewery,North Conway,WA
2236,Monkadelic,American Pale Ale (APA),12.0 oz,0.042,189,Modern Monks Brewery,Lincoln,NE
2159,City of the Sun,American IPA,16.0 oz,0.075,209,Summit Brewing Company,San Diego,IN
2157,Booming Rollers,American IPA,16.0 oz,0.068,209,Snake River Brewing Company,San Diego,NY
2156,Oneida,American Pale Ale (APA),16.0 oz,0.052,209,White Flame Brewing Company,San Diego,MA
2154,Aurora,American Amber / Red Ale,16.0 oz,0.067,209,Modern Times Beer,San Diego,CA
1495,Lomaland,Saison / Farmhouse Ale,16.0 oz,0.055,209,Odyssey Beerwerks,San Diego,MI
1494,Fortunate Islands,American Pale Wheat Ale,16.0 oz,0.047,209,Spring House Brewing Company,San Diego,CA
1493,Black House,American Stout,16.0 oz,0.058,209,Modern Times Beer,San Diego,CA
1492,Blazing World,American Amber / Red Ale,16.0 oz,0.065,209,Modern Times Beer,San Diego,CA
327,Wapiti Amber Ale,American Amber / Red Ale,12.0 oz,0.05,549,Peak Organic Brewing Company,Flagstaff,MI
719,Sweet Georgia Brown,American Brown Ale,16.0 oz,0.054,514,Monkey Paw Pub & Brewery,San Diego,CA
718,Rich Man's IIPA,American Double / Imperial IPA,16.0 oz,0.087,514,21st Amendment Brewery,San Diego,CA
717,Monkey Paw Oatmeal Pale Ale,American Pale Ale (APA),16.0 oz,0.058,514,Crabtree Brewing Company,San Diego,CA
1907,Montauk Summer Ale,American Blonde Ale,12.0 oz,0.056,276,Montauk Brewing Company,Montauk,MI
1906,Driftwood Ale,Extra Special / Strong Bitter (ESB),12.0 oz,0.06,276,Pete's Brewing Company,Montauk,NY
1756,When Helles Freezes Over,Munich Helles Lager,12.0 oz,0.056,326,Morgan Street Brewery,Saint Louis,MO
1617,Morgan Street Oktoberfest,Märzen / Oktoberfest,12.0 oz,0.049,326,Morgan Street Brewery,Saint Louis,MO
1052,Honey Wheat,American Pale Wheat Ale,12.0 oz,0.047,326,Brewery Vivant,Saint Louis,MO
1051,Black Bear Dark Lager,Schwarzbier,12.0 oz,0.046,326,Morgan Street Brewery,Saint Louis,MO
1046,Golden Pilsner,German Pilsener,12.0 oz,0.05,326,Morgan Street Brewery,Saint Louis,MO
2413,Cali Creamin',Cream Ale,12.0 oz,0.052,111,Mother Earth Brew Company,Vista,CA
419,Second Wind Pale Ale,American Pale Ale (APA),12.0 oz,0.05,540,Great River Brewery,Kinston,IN
408,Sunny Haze,Hefeweizen,12.0 oz,0.05,540,Mother Earth Brewing Company,Kinston,NC
2237,Towhead,American Blonde Ale,12.0 oz,0.052,188,Mother's Brewing,Springfield,MO
2208,Lil' Helper,American IPA,12.0 oz,0.07,188,Mother's Brewing,Springfield,MO
1952,Train Wreck,American Amber / Red Ale,16.0 oz,0.082,260,Mountain Town Brewing Company,Mount Pleasant,MD
768,Full Moon Belgian White Ale,Witbier,12.0 oz,0.085,507,The Brewer's Art,Lake Havasu City,AZ
625,Desert Magic IPA,American IPA,12.0 oz,0.072,507,Aspen Brewing Company,Lake Havasu City,AZ
326,Up River Light,Light Lager,12.0 oz,0.042,507,Bonfire Brewing Company,Lake Havasu City,AZ
132,Full Moon Belgian White Ale (2007),Witbier,12.0 oz,0.085,507,Mudshark Brewing Company,Lake Havasu City,AZ
131,Dry Heat Hefeweizen (2006),Hefeweizen,12.0 oz,0.055,507,Goose Island Brewing Company,Lake Havasu City,AZ
1598,Mustang Sixty-Six,American Amber / Red Lager,12.0 oz,0.05,366,Mustang Brewing Company,Mustang,WA
862,Mustang '33,American Pale Lager,12.0 oz,0.04,366,Mustang Brewing Company,Mustang,OK
699,Session '33 (2011),American Pale Lager,12.0 oz,0.04,366,Mustang Brewing Company,Mustang,OK
421,Mustang Golden Ale,American Blonde Ale,12.0 oz,0.053,366,Mustang Brewing Company,Mustang,OK
420,Washita Wheat,American Pale Wheat Ale,12.0 oz,0.053,366,Mustang Brewing Company,Mustang,OK
2345,Gansett Light,Light Lager,16.0 oz,0.037,143,Voodoo Brewery,Providence,PA
2224,Bohemian Pils,American Pilsner,16.0 oz,0.052,143,Two Roads Brewing Company,Providence,RI
1775,Autocrat Coffee Milk Stout,Milk / Sweet Stout,16.0 oz,0.053,143,Sanitas Brewing Company,Providence,RI
1291,Narragansett Bohemian Pilsner,German Pilsener,16.0 oz,0.086,143,Hopworks Urban Brewery,Providence,RI
1093,Narragansett Summer Ale,American Pale Wheat Ale,12.0 oz,0.042,143,Narragansett Brewing Company,Providence,TX
580,Narragansett Cream Ale,Cream Ale,16.0 oz,0.05,143,Narragansett Brewing Company,Providence,CO
403,Narragansett Summer Ale,American Pale Wheat Ale,16.0 oz,0.042,143,Narragansett Brewing Company,Providence,OR
316,Narragansett Porter,American Porter,16.0 oz,0.07,143,Narragansett Brewing Company,Providence,TX
315,Narragansett Bock,Bock,16.0 oz,0.065,143,Baxter Brewing Company,Providence,RI
314,Narragansett Fest Lager,Märzen / Oktoberfest,16.0 oz,0.055,143,Southern Star Brewing Company,Providence,RI
1537,Undun Blonde Ale,American Blonde Ale,16.0 oz,0.053,387,Natian Brewery,Portland,OR
1536,CuDa Cascadian Dark Ale,American Black Ale,16.0 oz,0.074,387,Natian Brewery,Portland,OR
1265,Old Grogham Imperial India Pale Ale,American Double / Imperial IPA,16.0 oz,0.085,387,Natian Brewery,Portland,HI
747,Old Grogham Imperial India Pale Ale (2012),American Double / Imperial IPA,16.0 oz,0.085,387,Rochester Mills Brewing Company,Portland,CO
746,CuDa Cascadian Dark Ale (2012),American Black Ale,16.0 oz,0.074,387,Deep Ellum Brewing Company,Portland,ID
654,Undun Blonde Ale (2012),American Blonde Ale,16.0 oz,0.053,387,Natian Brewery,Portland,OR
1705,Wick For Brains,Pumpkin Ale,12.0 oz,0.061,337,Nebraska Brewing Company,Papillion,NE
1148,Nebraska India Pale Ale,American IPA,12.0 oz,0.065,337,Nebraska Brewing Company,Papillion,MI
1147,EOS Hefeweizen,Hefeweizen,12.0 oz,0.048,337,Nebraska Brewing Company,Papillion,NE
1146,Brunette Nut Brown Ale,English Brown Ale,12.0 oz,0.048,337,Nebraska Brewing Company,Papillion,NE
1145,Cardinal Pale Ale,American Pale Ale (APA),12.0 oz,0.057,337,Big Muddy Brewing,Papillion,NE
1758,County Line IPA,American IPA,12.0 oz,0.066,325,Big Sky Brewing Company,Croydon,PA
1757,Trauger Pilsner,German Pilsener,12.0 oz,0.048,325,Witch's Hat Brewing Company,Croydon,OR
2475,Slow Ride,American IPA,12.0 oz,0.045,82,New Belgium Brewing Company,Fort Collins,CO
2230,Ranger IPA,American IPA,12.0 oz,0.065,82,Southern Star Brewing Company,Fort Collins,TX
1987,Shift,American Pale Lager,12.0 oz,0.05,82,New Belgium Brewing Company,Fort Collins,AL
1978,1554 Black Lager,Euro Dark Lager,12.0 oz,0.056,82,New Belgium Brewing Company,Fort Collins,CO
1975,Blue Paddle,Czech Pilsener,12.0 oz,0.048,82,New Belgium Brewing Company,Fort Collins,CO
1737,California Route,American Amber / Red Lager,12.0 oz,0.055,82,New Belgium Brewing Company,Fort Collins,OH
1707,Snapshot,American Pale Wheat Ale,16.0 oz,0.052,82,New Belgium Brewing Company,Fort Collins,CO
1690,Sunshine Wheat Beer,American Pale Wheat Ale,12.0 oz,0.048,82,Sixpoint Craft Ales,Fort Collins,CA
1586,Fat Tire Amber Ale,American Amber / Red Ale,12.0 oz,0.052,82,Red Hare Brewing Company,Fort Collins,RI
952,Shift (1),American Pale Lager,12.0 oz,0.05,82,Crazy Mountain Brewing Company,Fort Collins,NY
748,Fat Tire Amber Ale (2011),American Amber / Red Ale,12.0 oz,0.052,82,Red Tank Cider Company,Fort Collins,CO
578,Shift,American Pale Lager,16.0 oz,0.05,82,Sixpoint Craft Ales,Fort Collins,CO
564,Ranger IPA,American IPA,16.0 oz,0.065,82,New Belgium Brewing Company,Fort Collins,FL
563,Fat Tire Amber Ale,American Amber / Red Ale,16.0 oz,0.052,82,New Belgium Brewing Company,Fort Collins,CO
115,Ranger IPA (Current),American IPA,12.0 oz,0.065,82,New Belgium Brewing Company,Fort Collins,CO
72,Sunshine Wheat Beer (2009),American Pale Wheat Ale,12.0 oz,0.048,82,New Belgium Brewing Company,Fort Collins,CO
71,Fat Tire Amber Ale (2008),American Amber / Red Ale,12.0 oz,0.052,82,New Belgium Brewing Company,Fort Collins,VA
1417,Weiss Trash Culture,Berliner Weissbier,12.0 oz,0.034,410,Oskar Blues Brewery,Woodbridge,CA
885,Sea Hag IPA,American IPA,12.0 oz,0.062,410,New England Brewing Company,Woodbridge,CT
884,Elm City Pilsner,American Pilsner,12.0 oz,0.05,410,Atwater Brewery,Woodbridge,CT
757,Atlantic Amber Ale (2004),American Amber / Red Ale,12.0 oz,0.05,410,New England Brewing Company,Woodbridge,CT
568,668 Neighbor of the Beast12 oz.,Belgian Pale Ale,12.0 oz,0.09,410,Indeed Brewing Company,Woodbridge,CT
320,Gandhi-Bot Double IPA (12 oz.),American Double / Imperial IPA,12.0 oz,0.088,410,Wynkoop Brewing Company,Woodbridge,CT
43,668 Neighbor of the Beast (16 oz.) (2010),Belgian Pale Ale,16.0 oz,0.09,410,Sly Fox Brewing Company,Woodbridge,CT
42,Gandhi-Bot Double IPA (16 oz.) (2010),American Double / Imperial IPA,16.0 oz,0.088,410,New England Brewing Company,Woodbridge,CT
41,Elm City Lager (2007),American Pilsner,12.0 oz,0.05,410,New England Brewing Company,Woodbridge,NY
40,Atlantic Amber Ale (2007),American Amber / Red Ale,12.0 oz,0.05,410,Blue Blood Brewing Company,Woodbridge,OK
39,Sea Hag IPA (Current),American IPA,12.0 oz,0.062,410,New England Brewing Company,Woodbridge,CT
2272,Rebirth Pale Ale,American Pale Ale (APA),12.0 oz,0.05,174,New Orleans Lager & Ale Brewing ...,New Orleans,CO
1582,Irish Channel Stout,American Stout,16.0 oz,0.068,174,Two Brothers Brewing Company,New Orleans,NE
1114,MechaHopzilla,American Double / Imperial IPA,16.0 oz,0.088,174,Rochester Mills Brewing Company,New Orleans,MA
486,Hopitoulas IPA,American IPA,16.0 oz,0.065,174,New Orleans Lager & Ale Brewing ...,New Orleans,LA
485,NOLA Brown Ale,English Dark Mild Ale,12.0 oz,0.039,174,Otter Creek Brewing,New Orleans,LA
484,NOLA Blonde Ale,American Blonde Ale,12.0 oz,0.049,174,Wachusett Brewing Company,New Orleans,PA
2043,Skylight,Dunkelweizen,12.0 oz,0.056,241,Back Forty Beer Company,College Station,TX
2042,Kadigan,American Blonde Ale,12.0 oz,0.056,241,New Republic Brewing Company,College Station,TX
2041,Dammit Jim!,American Amber / Red Ale,12.0 oz,0.052,241,New Republic Brewing Company,College Station,MT
646,Nut Brown Ale,English Brown Ale,12.0 oz,0.054,518,Golden Road Brewing,Myrtle Beach,SC
165,White Ale,Witbier,12.0 oz,0.046,518,Crow Peak Brewing Company,Myrtle Beach,SC
2050,Cream Ale,Cream Ale,12.0 oz,0.042,238,21st Amendment Brewery,Newburgh,MT
915,Green Head IPA,American IPA,12.0 oz,0.072,495,Newburyport Brewing Company,Newburyport,CO
914,Plum Island Belgian White,Witbier,12.0 oz,0.054,495,Newburyport Brewing Company,Newburyport,MA
913,Newburyport Pale Ale,American Pale Ale (APA),12.0 oz,0.055,495,Burn 'Em Brewing,Newburyport,MA
1811,Marblehead,American Amber / Red Ale,16.0 oz,0.055,305,Oskar Blues Brewery,Everett,TX
1622,Jam Session,American Pale Ale (APA),16.0 oz,0.051,359,Creature Comforts,Charlotte,NC
1621,Hop Drop 'N Roll IPA,American IPA,16.0 oz,0.072,359,Mikerphone Brewing,Charlotte,NC
1307,Paleo IPA,English India Pale Ale (IPA),12.0 oz,0.06,431,North Country Brewing Company,Slippery Rock,PA
1306,Buck Snort Stout,American Stout,12.0 oz,0.061,431,North Country Brewing Company,Slippery Rock,PA
1305,Station 33 Firehouse Red,Irish Red Ale,12.0 oz,0.055,431,Rivertowne Brewing Company,Slippery Rock,PA
1304,Slimy Pebble Pils,German Pilsener,12.0 oz,0.045,431,7 Seas Brewing Company,Slippery Rock,IA
2692,Get Together,American IPA,16.0 oz,0.045,0,NorthGate Brewing,Minneapolis,MN
2691,Maggie's Leap,Milk / Sweet Stout,16.0 oz,0.049,0,Half Acre Beer Company,Minneapolis,CA
2690,Wall's End,English Brown Ale,16.0 oz,0.048,0,NorthGate Brewing,Minneapolis,MN
2689,Pumpion,Pumpkin Ale,16.0 oz,0.06,0,Goodlife Brewing Co.,Minneapolis,MN
2688,Stronghold,American Porter,16.0 oz,0.06,0,NorthGate Brewing,Minneapolis,MN
2687,Parapet ESB,Extra Special / Strong Bitter (ESB),16.0 oz,0.056,0,18th Street Brewery,Minneapolis,MN
1854,Blue Boots IPA,American IPA,16.0 oz,0.069,293,Northampton Brewery,Northamtpon,CA
1227,Hoppy Bitch IPA,American IPA,16.0 oz,0.063,450,Fate Brewing Company,Pacific,WA
1226,Three Skulls Ale Pale Ale,American Pale Ale (APA),16.0 oz,0.063,450,Catawba Island Brewing,Pacific,WA
541,Walter's Premium Pilsener Beer,German Pilsener,12.0 oz,0.045,529,Alaskan Brewing Company,Eau Claire,WI
109,Floppin' Crappie,American Pale Wheat Ale,12.0 oz,0.045,529,Northwoods Brewpub,Eau Claire,WI
1917,Left of the Dial IPA,American IPA,12.0 oz,0.043,271,Hangar 24 Craft Brewery,Ipswich,MN
1190,Notch Session Pils,Czech Pilsener,12.0 oz,0.04,271,Denali Brewing Company,Ipswich,MO
1264,O'Fallon Pumpkin Beer,Pumpkin Ale,12.0 oz,0.055,442,O'Fallon Brewery,O'Fallon,CO
1258,5 Day IPA,American IPA,12.0 oz,0.061,442,Buckbean Brewing Company,O'Fallon,MO
128,O'Fallon Wheach,Fruit / Vegetable Beer,12.0 oz,0.051,442,O'Fallon Brewery,O'Fallon,OH
2331,Watershed IPA,American IPA,12.0 oz,0.067,150,Cedar Creek Brewery,Eugene,TX
1669,Oakshire Amber Ale,American Amber / Red Ale,12.0 oz,0.054,150,Oakshire Brewing,Eugene,MN
1668,Overcast Espresso Stout,American Stout,12.0 oz,0.058,150,Oakshire Brewing,Eugene,OR
999,Watershed IPA (2013),American IPA,12.0 oz,0.067,150,Oakshire Brewing,Eugene,RI
2247,Lake Monster,Baltic Porter,16.0 oz,0.082,184,Oasis Texas Brewing Company,Austin,TX
2071,London Homesick Ale,English Bitter,12.0 oz,0.049,184,Tin Man Brewing Company,Austin,MA
2070,Luchesa Lager,Keller Bier / Zwickel Bier,12.0 oz,0.048,184,Oskar Blues Brewery,Austin,CO
2069,Slow Ride,American Pale Ale (APA),12.0 oz,0.048,184,Great Divide Brewing Company,Austin,TX
2192,Occidental Hefeweizen,American Pale Wheat Ale,16.0 oz,0.047,200,Twisted X Brewing Company,Portland,VA
1130,Occidental Dunkel,Dunkelweizen,16.0 oz,0.051,200,Mudshark Brewing Company,Portland,CT
1129,Occidental Altbier,Altbier,16.0 oz,0.05,200,Occidental Brewing Company,Portland,TX
1081,Occidental Kölsch,Kölsch,16.0 oz,0.045,200,Cigar City Brewing Company,Portland,OR
2335,Perpetual Darkness,Belgian Strong Dark Ale,12.0 oz,0.092,148,Odyssey Beerwerks,Arvada,CO
2334,Clan Warrior,Scotch Ale / Wee Heavy,12.0 oz,0.087,148,Anthem Brewing Company,Arvada,UT
2333,Psycho Penguin Vanilla Porter,American Porter,12.0 oz,0.054,148,Great Northern Brewing Company,Arvada,SC
1721,Heliocentric Hefeweizen,Hefeweizen,12.0 oz,0.047,148,Odyssey Beerwerks,Arvada,CO
1720,Ghose Drifter Pale Ale,American Pale Ale (APA),12.0 oz,0.051,148,Brewery Vivant,Arvada,MN
1431,Ghost Rider Pale Ale (2013),American Pale Ale (APA),12.0 oz,0.051,148,Odyssey Beerwerks,Arvada,CO
1430,Helios Hefeweizen (2013),Hefeweizen,12.0 oz,0.047,148,MillKing It Productions,Arvada,MA
1059,The Hole in Hadrian's Wall,Scottish Ale,16.0 oz,0.095,471,Okoboji Brewing Company,Spirit Lake,IA
1058,33 Select Brown Ale,American Brown Ale,16.0 oz,0.065,471,Old Forge Brewing Company,Spirit Lake,IA
603,Midwest Charm Farmhouse Ale,Saison / Farmhouse Ale,16.0 oz,0.06,471,Sockeye Brewing Company,Spirit Lake,NY
602,Boji Blue Pale Ale,American Pale Ale (APA),16.0 oz,0.05,471,Tallgrass Brewing Company,Spirit Lake,IA
601,Winter Games Select #32 Stout,American Stout,16.0 oz,0.057,471,Tin Roof Brewing Company,Spirit Lake,CA
600,Boji Beach Golden Rye Ale,Rye Beer,16.0 oz,0.05,471,Okoboji Brewing Company,Spirit Lake,IA
1828,Hopsmith Pale Lager,American Pale Lager,16.0 oz,0.06,301,Foolproof Brewing Company,Danville,PA
1487,Falling Down Brown Ale,American Brown Ale,16.0 oz,0.065,301,Old Forge Brewing Company,Danville,PA
1486,Resolution Rye Stout,American Stout,16.0 oz,0.068,301,Nebraska Brewing Company,Danville,IL
1485,Plowshare Porter,American Porter,16.0 oz,0.055,301,Old Forge Brewing Company,Danville,MN
1394,Old Forge Pumpkin Ale,Pumpkin Ale,16.0 oz,0.046,301,Upslope Brewing Company,Danville,NC
1381,Endless Sun Ale,American Pale Wheat Ale,16.0 oz,0.045,301,Nebraska Brewing Company,Danville,LA
900,Celestial Blonde Ale,American Blonde Ale,16.0 oz,0.065,301,Midnight Sun Brewing Company,Danville,VT
891,Overbite IPA,American IPA,16.0 oz,0.075,301,Fate Brewing Company,Danville,PA
509,T-Rail Pale Ale,American Pale Ale (APA),16.0 oz,0.055,301,Meckley's Cidery,Danville,PA
508,Endless Summer Ale (2011),American Pale Wheat Ale,16.0 oz,0.048,301,Great Crescent Brewery,Danville,PA
1530,Clem's Gold,American Pale Lager,16.0 oz,0.053,390,Natian Brewery,Airway Heights,WA
1529,Lizzy's Red,American Amber / Red Lager,16.0 oz,0.055,390,Brooklyn Brewery,Airway Heights,WA
1528,Orlison India Pale Lager,American Pale Lager,16.0 oz,0.067,390,Kettle House Brewing Company,Airway Heights,WA
1527,Brünette,Euro Dark Lager,16.0 oz,0.042,390,Orlison Brewing Company,Airway Heights,WA
1526,Havanüther,Light Lager,16.0 oz,0.041,390,Sierra Nevada Brewing Company,Airway Heights,WA
2113,Lyric Ale,Saison / Farmhouse Ale,12.0 oz,0.065,216,Anderson Valley Brewing Company,Atlanta,IL
2112,Atalanta,Saison / Farmhouse Ale,12.0 oz,0.053,216,Sockeye Brewing Company,Atlanta,GA
2302,Pinner Throwback IPA,American IPA,12.0 oz,0.049,166,Oskar Blues Brewery,Longmont,CO
1883,Centennial State Pale Ale,American Pale Ale (APA),19.2 oz,0.052,166,Sun King Brewing Company,Longmont,CO
1859,Old Chub NITRO,Scotch Ale / Wee Heavy,16.0 oz,0.08,166,Golden Road Brewing,Longmont,CO
1796,The CROWLER,Scotch Ale / Wee Heavy,32.0 oz,nan (wait to be cleaned),32,Oskar Blues Brewery,Longmont,CA
1790,CAN'D AID Foundation,nan (wait to be cleaned),12.0 oz,nan (wait to be cleaned),166,Oskar Blues Brewery,Longmont,CO
1752,Icey.P.A.,American IPA,16.0 oz,nan (wait to be cleaned),166,Oskar Blues Brewery,Longmont,CO
1751,One Nut Brown,English Brown Ale,12.0 oz,0.05,166,Oskar Blues Brewery,Longmont,LA
1750,Birth IPA,American IPA,12.0 oz,nan (wait to be cleaned),166,Oskar Blues Brewery,Longmont,MI
1444,Dale's Pale Ale,American Pale Ale (APA),12.0 oz,0.065,166,Shipyard Brewing Company,Longmont,PA
1252,Dale's Pale Ale,American Pale Ale (APA),12.0 oz,0.065,166,Oskar Blues Brewery,Longmont,CO
1167,Mama's Little Yella Pils,Czech Pilsener,19.2 oz,0.053,166,Mudshark Brewing Company,Longmont,WY
993,oSKAr the G'Rauch,American IPA,19.2 oz,0.085,166,Oskar Blues Brewery,Longmont,CO
992,oSKAr the G'Rauch,American IPA,16.0 oz,0.085,166,Oskar Blues Brewery,Longmont,CO
955,Dale's Pale Ale,American Pale Ale (APA),19.2 oz,0.065,166,Oskar Blues Brewery,Longmont,CO
933,The Deuce,American Brown Ale,16.0 oz,0.07,166,Oskar Blues Brewery,Longmont,CO
892,Dale's Pale Ale (10 Year Anniversary),American Pale Ale (APA),12.0 oz,0.065,166,Three Pints Brewing,Longmont,CO
828,Dale's Pale Ale (2012),American Pale Ale (APA),12.0 oz,0.065,166,Oskar Blues Brewery,Longmont,IN
806,Gordon Imperial Red (2010),American Double / Imperial IPA,12.0 oz,0.087,166,Oskar Blues Brewery,Longmont,CO
755,Dale's Pale Ale (2011),American Pale Ale (APA),12.0 oz,0.065,166,Oskar Blues Brewery,Longmont,CO
754,Dale's Pale Ale (2010),American Pale Ale (APA),12.0 oz,0.065,166,Oskar Blues Brewery,Longmont,MI
726,G'KNIGHT (16 oz.),American Double / Imperial IPA,16.0 oz,0.087,166,Oskar Blues Brewery,Longmont,IN
720,15th Anniversary Abbey Ale (2012),Belgian Dark Ale,16.0 oz,0.09,166,Bell's Brewery,Longmont,CO
661,Chaka,Belgian Strong Pale Ale,16.0 oz,0.08,166,Southern Prohibition Brewing Com...,Longmont,WI
585,HGH (Home Grown Hops): Part Duh,American Strong Ale,12.0 oz,0.08,166,Great Crescent Brewery,Longmont,MS
565,Deviant Dale's IPA,American Double / Imperial IPA,16.0 oz,0.08,166,Oskar Blues Brewery,Longmont,MT
391,One Hit Wonder,American Double / Imperial IPA,12.0 oz,0.09,166,Round Guys Brewing,Longmont,CO
388,G'KNIGHT (12 oz.),American Double / Imperial IPA,12.0 oz,0.087,166,Oskar Blues Brewery,Longmont,CO
8,Ten Fidy Imperial Stout,Russian Imperial Stout,12.0 oz,0.099,166,Oskar Blues Brewery,Longmont,CO
7,Mama's Little Yella Pils,Czech Pilsener,12.0 oz,0.053,166,Rahr & Sons Brewing Company,Longmont,CO
6,GUBNA Imperial IPA,American Double / Imperial IPA,12.0 oz,0.099,166,Oskar Blues Brewery,Longmont,CO
5,Old Chub,Scottish Ale,12.0 oz,0.08,166,Oskar Blues Brewery,Longmont,TX
4,Gordon Ale (2009),American Double / Imperial IPA,12.0 oz,0.087,166,Oskar Blues Brewery,Longmont,CA
1,Dale's Pale Ale,American Pale Ale (APA),12.0 oz,0.065,166,Sun King Brewing Company,Longmont,CO
805,Gordon (2005),American Double / Imperial IPA,12.0 oz,0.092,503,Oskar Blues Brewery,Lyons,MI
804,Ten Fidy Imperial Stout (2008),Russian Imperial Stout,12.0 oz,0.095,503,MillKing It Productions,Lyons,TX
803,Ten Fidy Imperial Stout (2007),Russian Imperial Stout,12.0 oz,0.099,503,Oskar Blues Brewery,Lyons,NJ
787,Old Chub (2008),Scottish Ale,12.0 oz,0.08,503,Oskar Blues Brewery,Lyons,HI
786,Old Chub (2004),Scottish Ale,12.0 oz,0.08,503,Oskar Blues Brewery,Lyons,CO
785,Old Chub (2003),Scottish Ale,12.0 oz,0.08,503,Hilliard's Beer,Lyons,CO
745,Dale's Pale Ale (2008),American Pale Ale (APA),12.0 oz,0.065,503,Oskar Blues Brewery,Lyons,AZ
744,Dale's Pale Ale (2006),American Pale Ale (APA),12.0 oz,0.065,503,Oskar Blues Brewery,Lyons,CO
743,Dale's Pale Ale (2004),American Pale Ale (APA),12.0 oz,0.065,503,SanTan Brewing Company,Lyons,CO
742,Dale's Pale Ale (2003),American Pale Ale (APA),12.0 oz,0.065,503,"Woodstock Inn, Station & Brewery",Lyons,CO
741,Dale's Pale Ale (2002),American Pale Ale (APA),12.0 oz,0.065,503,Oskar Blues Brewery,Lyons,MI
734,Leroy (2005),American Brown Ale,12.0 oz,0.052,503,Oskar Blues Brewery,Lyons,CO
733,Gordon Beer (2006),American Double / Imperial IPA,12.0 oz,0.087,503,Mammoth Brewing Company,Lyons,CO
1533,G'KNIGHT,American Double / Imperial IPA,12.0 oz,0.087,389,Oskar Blues Brewery (North Carol...,Brevard,NC
1532,Ten Fidy,Russian Imperial Stout,12.0 oz,0.099,389,Sixpoint Craft Ales,Brevard,MN
1328,Deviant Dale's IPA,American Double / Imperial IPA,16.0 oz,0.08,389,Red Hare Brewing Company,Brevard,NC
1175,Old Chub,Scottish Ale,12.0 oz,0.08,389,Oskar Blues Brewery (North Carol...,Brevard,KY
1166,Dale's Pale Ale,American Pale Ale (APA),19.2 oz,0.065,389,Oskar Blues Brewery (North Carol...,Brevard,NC
1065,Dale's Pale Ale,American Pale Ale (APA),12.0 oz,0.065,389,Griffin Claw Brewing Company,Brevard,NC
1908,Fresh Slice White IPA,American White IPA,12.0 oz,0.055,275,Otter Creek Brewing,Middlebury,SC
1946,Overgrown American Pale Ale,American Pale Ale (APA),12.0 oz,0.055,261,Otter Creek Brewing,Waterbury,VT
1961,Ozark American Pale Ale,American Pale Ale (APA),12.0 oz,0.04,259,Hardywood Park Craft Brewery,Rogers,AR
1684,Hula Hoppie Session IPA,American IPA,12.0 oz,0.048,341,Palisade Brewing Company,Palisade,CO
927,Dirty Hippie Dark Wheat,American Dark Wheat Ale,12.0 oz,0.053,341,Southern Star Brewing Company,Palisade,MN
1268,Rustic Red,Irish Red Ale,16.0 oz,0.052,441,Pateros Creek Brewing Company,Fort Collins,CO
697,Stimulator Pale Ale,American Pale Ale (APA),16.0 oz,0.053,441,Catawba Brewing Company,Fort Collins,CA
696,Old Town Ale,Kölsch,16.0 oz,0.045,441,Pateros Creek Brewing Company,Fort Collins,CO
695,Car 21,English Bitter,16.0 oz,0.044,441,Pateros Creek Brewing Company,Fort Collins,CO
694,Cache La Porter,American Porter,16.0 oz,0.05,441,Northwoods Brewpub,Fort Collins,OR
1805,Rodeo Rye Pale Ale,American Pale Ale (APA),12.0 oz,0.042,307,Sun King Brewing Company,Garden City,AK
1048,Outlaw IPA,American IPA,12.0 oz,0.062,307,Banner Beer Company,Garden City,PA
1043,North Fork Lager,American Pale Lager,12.0 oz,0.044,307,Payette Brewing Company,Garden City,ID
890,Payette Pale Ale,American Pale Ale (APA),12.0 oz,0.048,307,Payette Brewing Company,Garden City,ID
775,Mutton Buster,American Brown Ale,12.0 oz,0.055,307,Payette Brewing Company,Garden City,ID
1087,Side Kick Kölsch,Kölsch,12.0 oz,0.05,468,Peace Tree Brewing Company,Knoxville,CO
1931,Fresh Cut Pilsner,American Pilsner,12.0 oz,0.046,266,Sun King Brewing Company,Portland,ME
1930,Summer Session Ale,American Pale Wheat Ale,12.0 oz,0.05,266,Peak Organic Brewing Company,Portland,ME
2238,Lobo Lito,Light Lager,12.0 oz,0.04,187,Pedernales Brewing Company,Fredericksburg,TX
2144,Robert Earl Keen Honey Pils,American Pilsner,12.0 oz,0.05,187,Pedernales Brewing Company,Fredericksburg,KY
2175,Mound Builder IPA,American IPA,12.0 oz,0.065,205,People's Brewing Company,Lafayette,ME
2168,Amazon Princess IPA,American IPA,12.0 oz,0.062,205,Coastal Extreme Brewing Company,Lafayette,IN
1956,Farmer's Daughter Wheat,American Pale Wheat Ale,12.0 oz,0.042,205,21st Amendment Brewery,Lafayette,IN
1794,People's Pilsner,German Pilsener,12.0 oz,0.045,205,People's Brewing Company,Lafayette,AZ
2633,Hotbox Brown,American Brown Ale,12.0 oz,0.055,13,Weston Brewing Company,Comstock Park,MI
2632,Gold,American Blonde Ale,12.0 oz,0.048,13,Beach Brewing Company,Comstock Park,MI
2631,Black,American Black Ale,12.0 oz,0.058,13,Perrin Brewing Company,Comstock Park,IL
2630,98 Problems (Cuz A Hop Ain't One),American IPA,12.0 oz,0.065,13,Mother Earth Brewing Company,Comstock Park,MI
2629,Veteran’s Pale Ale (VPA),American Pale Ale (APA),12.0 oz,0.05,13,Mehana Brewing Co.,Comstock Park,MI
2628,Grapefruit IPA,American IPA,12.0 oz,0.05,13,Perrin Brewing Company,Comstock Park,MI
1062,Pete's ESP Lager (1998),American Pale Lager,12.0 oz,0.051,470,Pete's Brewing Company,San Antonio,TX
1061,Pete's Wicked Summer Brew (1995),American Pale Wheat Ale,12.0 oz,0.047,470,Three Pints Brewing,San Antonio,NC
1060,Pete's Wicked Bohemian Pilsner (1997),Czech Pilsener,12.0 oz,0.049,470,Pete's Brewing Company,San Antonio,MI
1056,Pete's Wicked Pale Ale (1997),American Pale Ale (APA),12.0 oz,nan (wait to be cleaned),470,Pete's Brewing Company,San Antonio,NY
1055,Pete's Wicked Summer Brew (2002),American Pale Wheat Ale,12.0 oz,0.047,470,Fort George Brewery,San Antonio,TX
1054,Pete's Wicked Summer Brew (1997),American Pale Wheat Ale,12.0 oz,0.047,470,Westbrook Brewing Company,San Antonio,TX
1053,Pete's Wicked Summer Brew (1996),American Pale Wheat Ale,12.0 oz,0.047,470,Pete's Brewing Company,San Antonio,TN
2635,Sparkle,American Pale Lager,16.0 oz,0.041,11,The Right Brain Brewery,Petoskey,MI
1404,North 45 Amber Ale,American Amber / Red Ale,16.0 oz,0.059,11,Petoskey Brewing,Petoskey,NM
1403,Horny Monk,Dubbel,16.0 oz,0.069,11,Petoskey Brewing,Petoskey,CT
1402,Mind's Eye PA,American IPA,16.0 oz,0.067,11,Sierra Nevada Brewing Company,Petoskey,NY
2312,Camelback,American IPA,12.0 oz,0.061,157,Rising Tide Brewing Company,Phoenix,NE
1636,Local 5 Pale Ale,American Pale Ale (APA),16.0 oz,0.056,355,Kettle House Brewing Company,Monument,CO
1518,Devils Head Red Ale,American Amber / Red Ale,16.0 oz,0.073,355,Latitude 42 Brewing Company,Monument,FL
1384,Elephant Rock IPA,American IPA,12.0 oz,0.07,355,Real Ale Brewing Company,Monument,CA
1797,Black Bay Milk Stout,Milk / Sweet Stout,12.0 oz,0.05,310,Pine Street Brewery,San Francisco,IL
1437,Atom Splitter Pale Ale,American Pale Ale (APA),12.0 oz,0.05,310,Appalachian Mountain Brewery,San Francisco,OR
1791,Hot Date Ale,Chile Beer,16.0 oz,0.06,314,Piney River Brewing Company,Bucryus,MO
1540,Masked Bandit IPA,American Black Ale,16.0 oz,0.07,314,Two Beers Brewing Company,Bucryus,IL
1491,Sweet Potato Ale,Fruit / Vegetable Beer,16.0 oz,0.06,314,Magic Hat Brewing Company,Bucryus,WA
1335,Float Trip Ale,American Blonde Ale,16.0 oz,0.045,314,Freetail Brewing Company,Bucryus,MO
847,Old Tom Porter,American Porter,16.0 oz,0.055,314,Piney River Brewing Company,Bucryus,WA
846,Black Walnut Wheat,American Dark Wheat Ale,16.0 oz,0.045,314,Piney River Brewing Company,Bucryus,MO
521,McKinney Eddy Amber Ale,American Amber / Red Ale,16.0 oz,0.055,314,Piney River Brewing Company,Bucryus,MO
479,Missouri Mule India Pale Ale,American IPA,16.0 oz,0.07,314,Pug Ryan's Brewery,Bucryus,MO
2559,Blood of the Unicorn,American Amber / Red Ale,16.0 oz,0.065,52,Pipeworks Brewing Company,Chicago,MN
1760,GreyBeard�?IPA,American IPA,12.0 oz,0.069,324,Pisgah Brewing Company,Black Mountain,NC
1759,Pisgah Pale Ale,American Pale Ale (APA),12.0 oz,0.057,324,Sockeye Brewing Company,Black Mountain,TX
1589,PONTO S.I.P.A.,American IPA,16.0 oz,0.045,370,Pizza Port Brewing Company,Carlsbad,CA
1457,Chronic Ale,American Amber / Red Ale,16.0 oz,0.049,370,Pizza Port Brewing Company,Carlsbad,CA
1191,Swami's India Pale Ale,American IPA,16.0 oz,0.068,370,Stevens Point Brewery,Carlsbad,IL
2336,New Cleveland Palesner,American Pilsner,12.0 oz,0.05,147,Platform Beer Company,Cleveland,ME
2553,Mazzie,American Pale Ale (APA),12.0 oz,0.054,55,Pollyanna Brewing Company,Lemont,IL
1909,Big Chuck Barleywine,American Barleywine,12.0 oz,0.099,274,Bozeman Brewing Company,Cleveland,OH
335,Ponderosa IPA,American IPA,12.0 oz,nan (wait to be cleaned),548,Prescott Brewing Company,Prescott,NV
64,Liquid Amber Ale,American Amber / Red Ale,12.0 oz,nan (wait to be cleaned),548,Perrin Brewing Company,Prescott,IN
2360,Morning Wood Wheat (Current),American Pale Wheat Ale,12.0 oz,0.059,135,Pug Ryan's Brewery,Dillon,NC
1463,Hideout Helles,Munich Helles Lager,12.0 oz,0.069,135,Pug Ryan's Brewery,Dillon,CO
1462,Dead Eye Dunkel,Munich Dunkel Lager,12.0 oz,0.06,135,Pug Ryan's Brewery,Dillon,CO
1461,Peacemaker Pilsner,Czech Pilsener,12.0 oz,0.058,135,Pug Ryan's Brewery,Dillon,CO
711,Over the Rail Pale Ale,American Pale Ale (APA),12.0 oz,0.057,135,Pug Ryan's Brewery,Dillon,CA
188,Pallavicini Pilsner (2009),Czech Pilsener,12.0 oz,0.058,135,Pug Ryan's Brewery,Dillon,CA
130,Morning Wood Wheat (Current),American Pale Wheat Ale,12.0 oz,0.059,135,Pug Ryan's Brewery,Dillon,WI
399,Pyramid Hefeweizen (2011),Hefeweizen,12.0 oz,0.052,544,Pyramid Breweries,Seattle,WA
82,Haywire Hefeweizen (2010),Hefeweizen,16.0 oz,0.052,544,Four Corners Brewing Company,Seattle,WA
2031,Golden Fleece,Belgian Pale Ale,12.0 oz,0.045,246,Quest Brewing Company,Greenville,SC
2030,Smoking Mirror,American Porter,12.0 oz,0.055,246,Quest Brewing Company,Greenville,CA
2269,Rahr's Blonde,Munich Helles Lager,12.0 oz,0.046,176,Schlafly Brewing Company,Fort Worth,FL
2229,Pride of Texas Pale Ale,American Pale Ale (APA),12.0 oz,0.058,176,Rivertowne Brewing Company,Fort Worth,TX
2370,18th Anniversary Gose,Gose,12.0 oz,0.044,128,Real Ale Brewing Company,Blanco,TX
2211,White (2015),Witbier,12.0 oz,0.046,128,Real Ale Brewing Company,Blanco,TX
1861,BLAKKR,American Black Ale,12.0 oz,0.099,128,Real Ale Brewing Company,Blanco,TX
1718,Firemans #4 Blonde Ale (2013),American Blonde Ale,12.0 oz,0.051,128,Real Ale Brewing Company,Blanco,IN
1290,The Sword Iron Swan Ale,English Pale Ale,12.0 oz,0.059,128,Utah Brewers Cooperative,Blanco,TX
1091,Hans' Pils (2015),German Pilsener,12.0 oz,0.053,128,Howard Brewing Company,Blanco,TX
1086,Four Squared (2015),American Blonde Ale,12.0 oz,0.06,128,Real Ale Brewing Company,Blanco,TX
830,Firemans #4 Blonde Ale (2015),American Blonde Ale,12.0 oz,0.051,128,Carolina Beer & Beverage,Blanco,OR
1021,Watership Brown Ale,American Brown Ale,12.0 oz,0.072,475,Cedar Creek Brewery,Marietta,GA
938,Gangway IPA,American IPA,12.0 oz,0.062,475,Martin House Brewing Company,Marietta,GA
715,Long Day Lager,Czech Pilsener,12.0 oz,0.049,475,Red Hare Brewing Company,Marietta,GA
2516,Farmer's Daughter Blonde,American Blonde Ale,16.0 oz,0.051,68,Bell's Brewery,Mt. Airy,MD
2515,Pump House IPA,American IPA,16.0 oz,0.055,68,Red Shedman Farm Brewery and Hop...,Mt. Airy,MD
2514,Suicide Blonde IPA,Belgian IPA,16.0 oz,0.07,68,Red Shedman Farm Brewery and Hop...,Mt. Airy,ME
2513,Vanilla Porter,American Porter,16.0 oz,0.047,68,Red Shedman Farm Brewery and Hop...,Mt. Airy,WA
2512,Honey Rye,Rye Beer,16.0 oz,0.058,68,Red Shedman Farm Brewery and Hop...,Mt. Airy,MD
1467,Happy Cider,Cider,16.0 oz,0.055,403,Epic Brewing,Bend,VT
945,Long Hammer IPA,American IPA,16.0 oz,0.065,487,Coastal Empire Beer Company,Woodinville,OR
583,Long Hammer IPA,American IPA,12.0 oz,0.065,487,Daredevil Brewing Company,Woodinville,WI
339,Copper Hook (2011),American Amber / Red Ale,12.0 oz,0.058,487,Redhook Brewery,Woodinville,WA
1375,Nectar of the Hops,Mead,16.0 oz,0.08,421,Redstone Meadery,Boulder,UT
1374,Sunshine Nectar,Mead,16.0 oz,0.08,421,Redstone Meadery,Boulder,CO
1373,Black Raspberry Nectar,Mead,16.0 oz,0.08,421,Redstone Meadery,Boulder,OH
2087,Blood Orange Wit,Witbier,16.0 oz,0.05,225,Refuge Brewery,Temecula,CA
2414,Consilium,American Pale Ale (APA),12.0 oz,0.05,110,Cans Bar and Canteen,Denver,PA
1581,Hammer & Sickle,Russian Imperial Stout,12.0 oz,0.09,110,Renegade Brewing Company,Denver,PA
1176,Redacted Rye IPA,American IPA,16.0 oz,0.07,110,Round Guys Brewing,Denver,CO
1006,Elevation Triple India Pale Ale,American Double / Imperial IPA,12.0 oz,0.099,110,Goose Island Brewing Company,Denver,NY
1005,5:00 O'Clock Afternoon Ale,American Blonde Ale,16.0 oz,0.05,110,Karbach Brewing Company,Denver,IN
636,Ryeteous Rye IPA (2012),American IPA,16.0 oz,0.07,110,Cape Ann Brewing Company,Denver,CO
1538,Stout Ol' Friend,American Stout,16.0 oz,0.064,386,Lewis and Clark Brewing Company,Paonia,CO
1075,Stout Ol' Friend (2012),American Stout,16.0 oz,0.064,386,Snake River Brewing Company,Paonia,CO
710,Rye Porter,American Porter,16.0 oz,nan (wait to be cleaned),386,Revolution Brewing,Paonia,CO
709,Miner's Gold,American Blonde Ale,16.0 oz,0.05,386,New Belgium Brewing Company,Paonia,CO
708,Vienna Lager,Vienna Lager,16.0 oz,0.046,386,Mountain Town Brewing Company,Paonia,CO
706,Jessie's Garage,American Pale Ale (APA),16.0 oz,0.056,386,Milwaukee Brewing Company,Paonia,CO
220,Colorado Red Ale,American Amber / Red Ale,12.0 oz,0.062,386,Revolution Brewing,Paonia,CO
219,Miner's Gold,American Blonde Ale,12.0 oz,nan (wait to be cleaned),386,Revolution Brewing,Paonia,OR
2576,Fist City,American Pale Ale (APA),12.0 oz,0.055,44,Maui Brewing Company,Chicago,CO
1133,A Little Crazy,Belgian Pale Ale,12.0 oz,0.068,44,21st Amendment Brewery,Chicago,IL
609,Rosa Hibiscus Ale,Herbed / Spiced Beer,12.0 oz,0.058,44,Tin Roof Brewing Company,Chicago,IL
418,Fistmas Ale,Herbed / Spiced Beer,12.0 oz,0.061,44,Revolution Brewing Company,Chicago,IL
417,Oktoberfest Revolution,Märzen / Oktoberfest,12.0 oz,0.057,44,Big Wood Brewery,Chicago,MA
416,Eugene Porter,American Porter,12.0 oz,0.068,44,South Austin Brewery,Chicago,TX
415,Anti-Hero IPA,American IPA,12.0 oz,0.065,44,Revolution Brewing Company,Chicago,IL
414,Bottom Up Belgian Wit,Witbier,12.0 oz,0.05,44,Revolution Brewing Company,Chicago,WI
2452,Hustle,American Amber / Red Ale,12.0 oz,0.057,93,Rhinegeist Brewery,Cincinnati,OH
2451,Pure Fury,American Pale Ale (APA),12.0 oz,0.055,93,Flying Dog Brewery,Cincinnati,MI
2132,Dad,American Amber / Red Ale,12.0 oz,0.06,93,Hilliard's Beer,Cincinnati,MA
1993,Panther,American Porter,12.0 oz,0.058,93,Oskar Blues Brewery,Cincinnati,OH
1992,Franz,Märzen / Oktoberfest,12.0 oz,0.052,93,Sixpoint Craft Ales,Cincinnati,OH
1935,Zen,American Pale Ale (APA),12.0 oz,0.043,93,Oskar Blues Brewery,Cincinnati,PA
1852,Truth,American IPA,12.0 oz,0.072,93,Narragansett Brewing Company,Cincinnati,OH
1851,Cougar,American Blonde Ale,12.0 oz,0.048,93,Rhinegeist Brewery,Cincinnati,FL
2307,Smooth Operator,Cream Ale,16.0 oz,0.038,162,Right Brain Brewery,Traverse City,MI
2580,Gose,Gose,16.0 oz,0.035,42,Boulder Beer Company,Portland,ME
1807,Maine Island Trail Ale,American Pale Ale (APA),16.0 oz,0.043,42,Rising Tide Brewing Company,Portland,IL
1180,River North White Ale,Witbier,16.0 oz,0.05,459,Steamworks Brewing Company,Denver,HI
1179,River North Ale,American Amber / Red Ale,16.0 oz,0.05,459,Oskar Blues Brewery,Denver,CO
1771,Lil SIPA,American IPA,16.0 oz,0.05,321,New Orleans Lager & Ale Brewing ...,Lockland,OH
1654,Hop Bomber Rye Pale Ale,American Pale Ale (APA),16.0 oz,0.055,321,Rivertown Brewing Company,Lockland,OH
2579,Jah Mon,American IPA,12.0 oz,0.05,43,Kenai River Brewing Company,Export,VA
2373,Oktoberfest,Märzen / Oktoberfest,12.0 oz,0.062,43,Rivertowne Brewing Company,Export,PA
2049,Headless Wylie,Pumpkin Ale,12.0 oz,0.08,43,Angry Minnow,Export,MI
2048,Dayman IPA,American IPA,12.0 oz,0.05,43,Chatham Brewing,Export,PA
1880,All Aboard! Anniversary Stout,Oatmeal Stout,12.0 oz,0.071,43,4 Hands Brewing Company,Export,TX
1879,Hop Lace,American White IPA,12.0 oz,0.062,43,Payette Brewing Company,Export,PA
1878,OH-PA Session Pale Ale,American Pale Ale (APA),12.0 oz,0.048,43,High Noon Saloon And Brewery,Export,PA
1877,Patrick's Poison,American Amber / Red Ale,12.0 oz,0.08,43,Rivertowne Brewing Company,Export,GA
1764,Rudolph's Red,American Amber / Red Ale,12.0 oz,0.081,43,Monkey Paw Pub & Brewery,Export,MS
1103,Babbling Blonde,American Blonde Ale,12.0 oz,0.053,43,Rivertowne Brewing Company,Export,WI
1102,Maxwell's Scottish Ale,Scottish Ale,12.0 oz,0.051,43,Rivertowne Brewing Company,Export,IL
1101,Grateful White,Witbier,12.0 oz,0.061,43,Rivertowne Brewing Company,Export,OH
1100,RT Lager,American Amber / Red Lager,12.0 oz,0.055,43,Rivertowne Brewing Company,Export,PA
1099,Old Wylie's IPA,American IPA,12.0 oz,0.062,43,Boxcar Brewing Company,Export,PA
1098,Hala Kahiki Pineapple Beer,Fruit / Vegetable Beer,12.0 oz,0.048,43,Rivertowne Brewing Company,Export,PA
1330,Track 1 Amber Lager,American Amber / Red Lager,16.0 oz,0.045,427,Southern Prohibition Brewing Com...,Roanoke,MI
2074,Pine Knob Pilsner,Czech Pilsener,16.0 oz,0.053,229,Payette Brewing Company,Rochester,MI
1724,Cal and Co. Black Cherry Porter,American Porter,16.0 oz,nan (wait to be cleaned),229,Rochester Mills Brewing Company,Rochester,MI
1280,Lazy Daze Lager,American Adjunct Lager,16.0 oz,0.055,229,Revolution Brewing,Rochester,MI
899,Rochester Red Ale,American Amber / Red Ale,16.0 oz,0.059,229,Baxter Brewing Company,Rochester,CA
363,Milkshake Stout,Milk / Sweet Stout,16.0 oz,0.05,229,Rochester Mills Brewing Company,Rochester,MI
158,Cornerstone IPA,American IPA,16.0 oz,0.07,229,Rochester Mills Brewing Company,Rochester,ME
97,Lazy Daze Lager,American Adjunct Lager,12.0 oz,0.055,229,Destihl Brewery,Rochester,MI
1860,Rogue American Amber Ale,American Amber / Red Ale,16.0 oz,0.051,289,Rogue Ales,Newport,CA
1577,12th Round,American Strong Ale,16.0 oz,0.076,376,Vander Mill Ciders,Midwest City,WI
1576,RoughTail IPA,American IPA,16.0 oz,0.07,376,Northampton Brewery,Midwest City,OK
1575,Polar Night Stout,American Stout,16.0 oz,0.08,376,Brewery Vivant,Midwest City,OK
2304,Sundown,Saison / Farmhouse Ale,12.0 oz,0.071,164,Round Guys Brewing,Lansdale,PA
2249,Sanctified,Belgian Strong Pale Ale,12.0 oz,0.099,164,Round Guys Brewing,Lansdale,WI
2053,Fear of a Brett Planet,American Pale Ale (APA),12.0 oz,0.051,164,Round Guys Brewing,Lansdale,VA
1842,Original Slacker Ale,English Brown Ale,12.0 oz,0.056,164,Round Guys Brewing,Lansdale,PA
1841,Alpha Blackback,American Black Ale,12.0 oz,0.072,164,Round Guys Brewing,Lansdale,PA
1782,Kiss Off IPA,American IPA,12.0 oz,0.063,164,Round Guys Brewing,Lansdale,PA
1552,Dog Days Summer Ale,Kölsch,12.0 oz,0.045,164,Uinta Brewing Company,Lansdale,CA
1479,1881 California Red,American Amber / Red Ale,12.0 oz,0.056,397,Hop Valley Brewing Company,Sacramento,CA
1478,CAPT Black IPA,American Black Ale,12.0 oz,0.073,397,MillKing It Productions,Sacramento,CA
1370,Ruhstaller's Gilt Edge Lager Beer,American Amber / Red Lager,12.0 oz,0.048,397,Ruhstaller Beer Company,Sacramento,CO
883,CAPT Black IPA,American Black Ale,16.0 oz,0.073,397,Griffin Claw Brewing Company,Sacramento,CA
882,1881 California Red Ale,American Amber / Red Ale,16.0 oz,0.056,397,Ruhstaller Beer Company,Sacramento,CA
1868,Saint Archer White Ale,Witbier,12.0 oz,0.05,288,Aviator Brewing Company,San Diego,MI
1867,Saint Archer IPA,American IPA,12.0 oz,0.068,288,Saint Archer Brewery,San Diego,MA
1865,Saint Archer Pale Ale,American Pale Ale (APA),12.0 oz,0.052,288,4 Hands Brewing Company,San Diego,CA
1864,Saint Archer Blonde,Kölsch,12.0 oz,0.048,288,Tallgrass Brewing Company,San Diego,CA
2599,Sex Panther,American Porter,12.0 oz,0.069,30,Central Coast Brewing Company,Chandler,NC
2073,Winter Warmer (Vault Series),Winter Warmer,16.0 oz,0.095,30,SanTan Brewing Company,Chandler,AZ
2063,Count Hopula (Vault Series),American Double / Imperial IPA,16.0 oz,0.091,30,SanTan Brewing Company,Chandler,VA
1995,Oktoberfest,Märzen / Oktoberfest,12.0 oz,0.055,30,Hops & Grain Brewery,Chandler,CO
1934,SunSpot Golden Ale,American Blonde Ale,12.0 oz,0.05,30,SanTan Brewing Company,Chandler,AZ
1329,I.W.A. (2011),American Pale Wheat Ale,12.0 oz,0.06,30,SanTan Brewing Company,Chandler,AZ
1299,Supermonk I.P.A.,Belgian IPA,12.0 oz,0.065,30,Against the Grain Brewery,Chandler,MD
1073,Epicenter Amber Ale,American Amber / Red Ale,12.0 oz,0.055,30,SanTan Brewing Company,Chandler,AZ
1072,SanTan HefeWeizen,Hefeweizen,12.0 oz,0.05,30,Frankenmuth Brewery,Chandler,AZ
1071,Hop Shock IPA,American IPA,12.0 oz,0.07,30,SanTan Brewing Company,Chandler,AZ
852,Sex Panther (2014),American Porter,12.0 oz,0.069,30,Indeed Brewing Company,Chandler,OH
850,Devil’s Ale,American Pale Ale (APA),12.0 oz,0.055,30,Hop Valley Brewing Company,Chandler,AZ
839,Rail Slide Imperial Spiced Ale,Herbed / Spiced Beer,12.0 oz,0.081,30,SanTan Brewing Company,Chandler,AZ
777,Mr. Pineapple,Fruit / Vegetable Beer,12.0 oz,0.05,30,Vander Mill Ciders,Chandler,CO
764,American Idiot Ale (2012),American Pale Ale (APA),12.0 oz,0.055,30,SanTan Brewing Company,Chandler,AZ
317,Hop Shock IPA (2010),American IPA,12.0 oz,0.07,30,Sockeye Brewing Company,Chandler,SD
286,SanTan HefeWeizen (2010),Hefeweizen,12.0 oz,0.05,30,SanTan Brewing Company,Chandler,AZ
285,Devil’s Ale (2010),American Pale Ale (APA),12.0 oz,0.055,30,SanTan Brewing Company,Chandler,AZ
124,Epicenter Amber Ale (2010),American Amber / Red Ale,12.0 oz,0.055,30,SanTan Brewing Company,Chandler,TX
1392,Sanitas Saison Ale,Saison / Farmhouse Ale,12.0 oz,0.058,419,Buckbean Brewing Company,Boulder,MT
1391,Sanitas Black IPA,American Black Ale,12.0 oz,0.068,419,Astoria Brewing Company,Boulder,IN
2002,Giant DIPA,American Double / Imperial IPA,16.0 oz,0.089,252,Narragansett Brewing Company,Santa Cruz,CA
1683,Dread Brown Ale,American Brown Ale,12.0 oz,0.054,252,Anchor Brewing Company,Santa Cruz,CO
1362,Casinos IPA,English India Pale Ale (IPA),16.0 oz,0.07,252,Santa Cruz Mountain Brewing,Santa Cruz,CA
1519,Saison 88,Saison / Farmhouse Ale,12.0 oz,0.055,392,Santa Cruz Mountain Brewing,Santa Fe,NM
967,Black IPA,American Black Ale,12.0 oz,0.071,392,Wild Onion Brewing Company,Santa Fe,OH
599,Santa Fe Irish Red Ale,Irish Red Ale,12.0 oz,0.045,392,COAST Brewing Company,Santa Fe,MI
307,Santa Fe Oktoberfest,Märzen / Oktoberfest,12.0 oz,nan (wait to be cleaned),392,Avery Brewing Company,Santa Fe,NM
305,Imperial Java Stout,Russian Imperial Stout,12.0 oz,0.08,392,Okoboji Brewing Company,Santa Fe,NM
304,Freestyle Pilsner,German Pilsener,12.0 oz,0.055,392,Santa Fe Brewing Company,Santa Fe,NM
217,Happy Camper IPA,American IPA,12.0 oz,0.066,392,Wachusett Brewing Company,Santa Fe,NM
1477,Oval Beach Blonde Ale,American Blonde Ale,16.0 oz,0.05,398,Saugatuck Brewing Company,Douglas,CO
1503,Oak Aged Cider,Cider,12.0 oz,0.065,394,Moat Mountain Smoke House & Brew...,Seattle,WA
1466,Ginger Cider,Cider,12.0 oz,0.065,394,Schilling & Company,Seattle,CA
1245,Schilling Hard Cider,Cider,12.0 oz,0.065,394,Schilling & Company,Seattle,WA
1324,Schlafly Yakima Wheat Ale,American Pale Wheat Ale,12.0 oz,0.05,428,Schlafly Brewing Company,Saint Louis,MO
1323,Schlafly Black Lager,Schwarzbier,12.0 oz,0.05,428,People's Brewing Company,Saint Louis,MT
1078,Schlafly IPA,American IPA,12.0 oz,0.045,428,Schlafly Brewing Company,Saint Louis,OR
1077,Schlafly American Brown Ale,American Brown Ale,12.0 oz,0.05,428,Schlafly Brewing Company,Saint Louis,MI
588,Schlafly Hefeweizen,Hefeweizen,12.0 oz,0.041,428,Schlafly Brewing Company,Saint Louis,SC
53,Schlafly Summer Lager,Munich Helles Lager,12.0 oz,0.045,428,Schlafly Brewing Company,Saint Louis,MO
815,Sea Dog Wild Blueberry Wheat Ale,Fruit / Vegetable Beer,12.0 oz,0.047,502,Sea Dog Brewing Company,Portland,ME
1302,Blur India Pale Ale,American IPA,12.0 oz,0.074,432,Cigar City Brewing Company,Santa Cruz,NE
1416,Dry Cider,Cider,16.0 oz,0.065,411,Seattle Cider Company,Seattle,RI
1415,Dry Hard Cider,Cider,16.0 oz,0.065,411,Seattle Cider Company,Seattle,MA
918,Frankenlou's IPA,American IPA,16.0 oz,0.07,494,Uncle Billy's Brewery and Smokeh...,Silverton,OR
917,Becky's Black Cat Porter,American Porter,16.0 oz,0.07,494,Seven Brides Brewery,Silverton,OR
2250,Seventh Son of a Seventh Son,American Strong Ale,16.0 oz,0.077,183,Seventh Son Brewing Company,Columbus,OH
1768,Stone Fort Brown Ale,English Brown Ale,16.0 oz,0.053,183,Voodoo Brewery,Columbus,OH
1767,Seventh Son Hopped Red Ale,American Amber / Red Ale,16.0 oz,0.077,183,Seventh Son Brewing Company,Columbus,OR
1766,Humulus Nimbus Super Pale Ale,American Pale Ale (APA),16.0 oz,0.06,183,Seventh Son Brewing Company,Columbus,CO
1765,Golden Ratio IPA,American IPA,16.0 oz,0.07,183,Seventh Son Brewing Company,Columbus,OH
2368,Black Hop IPA,American Black Ale,12.0 oz,0.068,130,Hop Valley Brewing Company,Wolcott,CT
738,Archer's Ale (2004),English Pale Ale,12.0 oz,0.05,511,Narragansett Brewing Company,Marlborough,NY
1539,Monkey Fist IPA,American IPA,12.0 oz,0.069,385,Burnside Brewing Co.,Portland,CO
975,Shipyard Summer Ale,American Pale Wheat Ale,12.0 oz,0.051,385,Kalona Brewing Company,Portland,ME
814,Pumpkinhead Ale,Pumpkin Ale,12.0 oz,0.047,385,Shipyard Brewing Company,Portland,ME
727,Shipyard Export,American Blonde Ale,12.0 oz,0.051,385,Oskar Blues Brewery,Portland,ME
2474,Nooner,German Pilsener,12.0 oz,0.052,83,Utah Brewers Cooperative,Chico,CA
2239,Torpedo,American IPA,12.0 oz,0.072,83,Pug Ryan's Brewery,Chico,CO
1919,Yonder Bock,Maibock / Helles Bock,12.0 oz,0.06,83,Stillwater Artisanal Ales,Chico,CA
1918,CANfusion Rye Bock,Rye Beer,12.0 oz,0.06,83,Sierra Nevada Brewing Company,Chico,CA
1905,Sierra Nevada Pale Ale,American Pale Ale (APA),16.0 oz,0.056,83,Piney River Brewing Company,Chico,IA
1338,Old Chico Crystal Wheat,American Pale Wheat Ale,12.0 oz,0.048,83,Fate Brewing Company,Chico,CA
1295,Summerfest,Czech Pilsener,12.0 oz,0.05,83,Sierra Nevada Brewing Company,Chico,WY
426,Torpedo,American IPA,16.0 oz,0.072,83,Sierra Nevada Brewing Company,Chico,CA
400,Sierra Nevada Pale Ale,American Pale Ale (APA),12.0 oz,0.056,83,Sierra Nevada Brewing Company,Chico,TX
2353,Sietsema Red Label,Cider,16.0 oz,0.069,137,Sietsema Orchards and Cider Mill,Ada,MI
212,Bear Ass Brown,American Brown Ale,12.0 oz,0.042,551,Great River Brewery,Silverton,CO
161,Red Mountain Ale,American Amber / Red Ale,12.0 oz,0.06,551,Silverton Brewery,Silverton,CA
160,Ice Pick Ale,American IPA,12.0 oz,0.068,551,Silverton Brewery,Silverton,CO
2574,4Beans,Baltic Porter,12.0 oz,0.1,46,Big River Brewing Company,Brooklyn,TX
2479,Jammer,Gose,12.0 oz,0.042,46,Airways Brewing Company,Brooklyn,NY
2443,Abigale,Belgian Pale Ale,12.0 oz,0.08,46,Sixpoint Craft Ales,Brooklyn,NY
2266,Rad,Fruit / Vegetable Beer,16.0 oz,0.032,46,Sixpoint Craft Ales,Brooklyn,CA
2090,Bengali,American IPA,24.0 oz,0.065,46,Southern Star Brewing Company,Brooklyn,NY
1962,Sensi Harvest,American Pale Ale (APA),12.0 oz,0.047,46,Sixpoint Craft Ales,Brooklyn,NY
1696,Hi-Res,American Double / Imperial IPA,12.0 oz,0.099,46,Sixpoint Craft Ales,Brooklyn,MA
1608,Global Warmer,American Strong Ale,12.0 oz,0.07,46,Sixpoint Craft Ales,Brooklyn,NY
1591,Autumnation (2013),American IPA,16.0 oz,0.067,46,Sixpoint Craft Ales,Brooklyn,NY
1388,The Crisp,German Pilsener,16.0 oz,0.054,46,Sixpoint Craft Ales,Brooklyn,FL
1387,Sweet Action,Cream Ale,16.0 oz,0.052,46,Revolution Brewing,Brooklyn,ME
1386,Righteous Ale,Rye Beer,16.0 oz,0.063,46,Oskar Blues Brewery,Brooklyn,TX
1385,Bengali Tiger,American IPA,16.0 oz,0.064,46,Sixpoint Craft Ales,Brooklyn,OR
1020,3Beans,Baltic Porter,12.0 oz,0.099,46,Sixpoint Craft Ales,Brooklyn,NY
778,Brownstone,American Brown Ale,16.0 oz,0.059,46,Widmer Brothers Brewing Company,Brooklyn,IN
630,Apollo,American Pale Wheat Ale,16.0 oz,0.052,46,Sixpoint Craft Ales,Brooklyn,UT
629,Harbinger,Saison / Farmhouse Ale,16.0 oz,0.049,46,Sixpoint Craft Ales,Brooklyn,NY
628,Resin,American Double / Imperial IPA,12.0 oz,0.091,46,North Country Brewing Company,Brooklyn,NY
525,Diesel,American Stout,16.0 oz,0.063,46,Sixpoint Craft Ales,Brooklyn,NY
512,Autumnation (2011-12) (2011),Pumpkin Ale,16.0 oz,0.06,46,Sixpoint Craft Ales,Brooklyn,NY
425,The Crisp (2011),German Pilsener,16.0 oz,0.054,46,Sixpoint Craft Ales,Brooklyn,AZ
424,Sweet Action (2011),Cream Ale,16.0 oz,0.052,46,Sixpoint Craft Ales,Brooklyn,CO
423,Righteous Ale (2011),Rye Beer,16.0 oz,0.063,46,Sixpoint Craft Ales,Brooklyn,NY
422,Bengali Tiger (2011),American IPA,16.0 oz,0.064,46,Pug Ryan's Brewery,Brooklyn,MS
1942,Rudie Session IPA,American IPA,12.0 oz,0.045,264,Ska Brewing Company,Durango,MT
1708,Taster's Choice,Doppelbock,12.0 oz,0.074,264,Fargo Brewing Company,Durango,CA
1521,Modus Hoperandi,American IPA,12.0 oz,0.068,264,Ska Brewing Company,Durango,CO
1297,Estival Cream Stout,American Stout,12.0 oz,0.058,264,Vander Mill Ciders,Durango,CO
1192,Vernal Minthe Stout,American Stout,12.0 oz,0.058,264,Wynkoop Brewing Company,Durango,CO
1013,Hibernal Vinifera Stout,Foreign / Export Stout,12.0 oz,0.08,264,Slanted Rock Brewing Company,Durango,VT
774,Autumnal Molé Stout,American Stout,12.0 oz,nan (wait to be cleaned),264,Two Beers Brewing Company,Durango,CO
386,Mexican Logger,American Pale Lager,12.0 oz,0.042,264,The Black Tooth Brewing Company,Durango,HI
70,True Blonde Ale,American Blonde Ale,12.0 oz,0.053,264,Modern Times Beer,Durango,CO
69,Euphoria Pale Ale,American Pale Ale (APA),12.0 oz,0.061,264,Ska Brewing Company,Durango,CO
68,ESB Special Ale,Extra Special / Strong Bitter (ESB),12.0 oz,0.057,264,Prescott Brewing Company,Durango,CO
67,Modus Hoperandi,American IPA,12.0 oz,0.068,264,Ska Brewing Company,Durango,CO
1792,Iron Butt Red Ale,American Amber / Red Ale,12.0 oz,0.058,313,King Street Brewing Company,Meridian,OR
1609,Initial Point India Pale Ale,American IPA,12.0 oz,0.071,313,Renegade Brewing Company,Meridian,ID
2537,Monkey Dancing On A Razor Blade,Belgian IPA,24.0 oz,0.085,64,Round Guys Brewing,Chicago,IL
2536,Tripel Deke,Tripel,24.0 oz,0.082,64,SlapShot Brewing Company,Chicago,CO
30,Urban Wilderness Pale Ale,English Pale Ale,12.0 oz,0.049,557,Sleeping Lady Brewing Company,Anchorage,AK
2305,Homefront IPA,American IPA,12.0 oz,0.06,163,Caldera Brewing Company,Phoenixville,PA
1588,Sly Fox Christmas Ale 2013,Winter Warmer,12.0 oz,0.055,371,Ballast Point Brewing Company,Pottstown,PA
1363,Grisette,Grisette,12.0 oz,0.056,371,Sly Fox Brewing Company,Pottstown,PA
1211,360° India Pale Ale,American IPA,12.0 oz,0.062,371,Sly Fox Brewing Company,Pottstown,TX
1123,Helles Golden Lager,Munich Helles Lager,12.0 oz,0.049,371,Sly Fox Brewing Company,Pottstown,CA
926,Sly Fox Christmas Ale 2012 (2012),Winter Warmer,12.0 oz,0.055,371,Sly Fox Brewing Company,Pottstown,PA
894,Odyssey Imperial IPA,American Double / Imperial IPA,12.0 oz,0.084,371,Anthem Brewing Company,Pottstown,MO
166,Oktoberfest Lager,Märzen / Oktoberfest,12.0 oz,0.058,371,Sly Fox Brewing Company,Pottstown,PA
24,113 IPA,American IPA,12.0 oz,0.07,371,Harvest Moon Brewing Company,Pottstown,PA
23,Dunkel Lager,Munich Dunkel Lager,12.0 oz,0.053,371,Jailbreak Brewing Company,Pottstown,PA
22,Royal Weisse Ale,Hefeweizen,12.0 oz,0.056,371,Northwoods Brewpub,Pottstown,PA
21,Pikeland Pils,German Pilsener,12.0 oz,0.049,371,Sly Fox Brewing Company,Pottstown,AZ
20,Phoenix Pale Ale,American Pale Ale (APA),12.0 oz,0.051,371,Sly Fox Brewing Company,Pottstown,MN
2407,Rule G IPA,American IPA,12.0 oz,0.07,115,Hawai'i Nui Brewing Co.,Norfolk,CO
2406,Murphy's Law,American Amber / Red Ale,12.0 oz,0.058,115,Smartmouth Brewing Company,Norfolk,IN
2405,Alter Ego,Saison / Farmhouse Ale,12.0 oz,0.062,115,Martin House Brewing Company,Norfolk,VA
2234,Monarch Pilsner,American Pilsner,12.0 oz,0.05,191,Snake River Brewing Company,Jackson,NC
1606,Snow King Pale Ale,American Pale Ale (APA),12.0 oz,0.06,191,Pete's Brewing Company,Jackson,IA
617,Zonker Stout,Foreign / Export Stout,12.0 oz,0.054,191,Snake River Brewing Company,Jackson,OR
407,OB-1 Organic Ale,English Brown Ale,12.0 oz,0.05,191,Snake River Brewing Company,Jackson,TX
406,Snake River Lager,Vienna Lager,12.0 oz,0.05,191,Rivertowne Brewing Company,Jackson,IN
402,Snake River Pale Ale,American Pale Ale (APA),12.0 oz,0.052,191,Snake River Brewing Company,Jackson,MT
393,Pako’s EyePA,American IPA,12.0 oz,0.068,191,Snake River Brewing Company,Jackson,PA
1798,Thanksgiving Ale,Kölsch,12.0 oz,0.05,309,Brewery Vivant,Boise,ID
1655,Double Dagger Imperial IPA,American Double / Imperial IPA,12.0 oz,0.092,309,Catawba Island Brewing,Boise,ID
1596,Dagger Falls IPA,American IPA,12.0 oz,0.063,309,Sockeye Brewing Company,Boise,PA
1595,Dagger Falls IPA,American IPA,12.0 oz,0.063,309,Sockeye Brewing Company,Boise,OH
1482,Socktoberfest,Märzen / Oktoberfest,16.0 oz,0.06,309,Madtree Brewing Company,Boise,ID
1447,Hopnoxious Imperial IPA,American Double / Imperial IPA,12.0 oz,0.079,309,Sockeye Brewing Company,Boise,ID
1425,Barrel Aged Seven Devils Imperial Stout,American Double / Imperial Stout,12.0 oz,0.099,309,Sockeye Brewing Company,Boise,ID
1424,Boise Co-Op Two Score Ale,Saison / Farmhouse Ale,16.0 oz,0.055,309,Schlafly Brewing Company,Boise,ID
1298,Sockeye Belgian Style Summer Ale,Witbier,16.0 oz,0.05,309,18th Street Brewery,Boise,ID
1181,Sockeye Maibock,Maibock / Helles Bock,12.0 oz,0.064,309,Sockeye Brewing Company,Boise,PA
1160,Old Devil's Tooth,American Barleywine,12.0 oz,0.099,309,Sockeye Brewing Company,Boise,OR
1152,Galena Golden,American Blonde Ale,12.0 oz,0.043,309,Eddyline Brewery & Restaurant,Boise,ID
1151,Hell-Diver Pale Ale,American Pale Ale (APA),12.0 oz,0.052,309,Sockeye Brewing Company,Boise,ID
1150,Woolybugger Wheat,American Pale Wheat Ale,12.0 oz,0.046,309,Sockeye Brewing Company,Boise,OH
1076,Power House Porter,American Porter,12.0 oz,0.057,309,Sockeye Brewing Company,Boise,OR
995,Winterfest,American Strong Ale,16.0 oz,0.084,309,Hardywood Park Craft Brewery,Boise,ID
879,Dagger Falls IPA,American IPA,12.0 oz,0.063,309,Three Creeks Brewing,Boise,OR
1972,LuckenBock,Bock,16.0 oz,0.07,257,Sun King Brewing Company,South Austin,TX
1971,Texas Pale Ale (TPA),American IPA,16.0 oz,0.055,257,Fort George Brewery,South Austin,TX
1970,6 String Saison,Saison / Farmhouse Ale,16.0 oz,0.08,257,Rivertowne Brewing Company,South Austin,TX
1969,Kol' Beer,Kölsch,16.0 oz,0.05,257,South Austin Brewery,South Austin,CO
2024,Montauk Light,Light Lager,12.0 oz,0.035,249,Blue Blood Brewing Company,Southampton,CA
1283,Na Zdraví Pilsner,Czech Pilsener,16.0 oz,0.048,436,Southern Oregon Brewing Company,Medford,TN
1282,Nice Rack IPA,American IPA,16.0 oz,0.055,436,Southern Oregon Brewing Company,Medford,OR
2362,2014 IPA Cicada Series,American IPA,16.0 oz,0.075,133,Butcher's Brewing,Hattiesburg,MS
2346,Sinister Minister Black IPA,American IPA,16.0 oz,0.077,133,Refuge Brewery,Hattiesburg,MS
2320,Jack the Sipper,Extra Special / Strong Bitter (ESB),12.0 oz,0.053,133,Southern Prohibition Brewing Com...,Hattiesburg,MS
2297,Devil's Harvest Extra Pale Ale,American Pale Ale (APA),12.0 oz,0.058,133,Bonfire Brewing Company,Hattiesburg,MA
2296,Suzy B Dirty Blonde Ale,American Blonde Ale,12.0 oz,0.05,133,Coastal Extreme Brewing Company,Hattiesburg,WA
1745,Mississippi Fire Ant,American Amber / Red Ale,16.0 oz,0.08,133,Manzanita Brewing Company,Hattiesburg,MS
1120,Hipster Breakfast,Oatmeal Stout,16.0 oz,0.058,133,Southern Prohibition Brewing Com...,Hattiesburg,MS
1118,Suzy B Dirty Blonde Ale,American Blonde Ale,16.0 oz,0.05,133,New Orleans Lager & Ale Brewing ...,Hattiesburg,CO
1117,Devil's Harvest Extra Pale Ale,American Pale Ale (APA),16.0 oz,0.058,133,Big Wood Brewery,Hattiesburg,CA
2387,Pine Belt Pale Ale,American Pale Ale (APA),12.0 oz,0.065,118,Southern Star Brewing Company,Conroe,TX
2267,Walloon,Saison / Farmhouse Ale,12.0 oz,0.055,118,Southern Star Brewing Company,Conroe,TX
1740,Le Mort Vivant,Bière de Garde,12.0 oz,0.069,118,Southern Star Brewing Company,Conroe,TX
1728,Red Cockaded Ale,American Double / Imperial IPA,12.0 oz,0.085,118,Uinta Brewing Company,Conroe,KS
1497,Valkyrie Double IPA,American Double / Imperial IPA,12.0 oz,0.092,118,Brewery Vivant,Conroe,HI
1011,Red Cockaded Ale (2013),American Double / Imperial IPA,12.0 oz,0.085,118,Southern Star Brewing Company,Conroe,CO
1010,Old Potentate,Old Ale,12.0 oz,0.072,118,Southern Star Brewing Company,Conroe,TX
856,Bombshell Blonde,American Blonde Ale,16.0 oz,0.05,118,Tallgrass Brewing Company,Conroe,WI
853,PRO-AM (2012) (2012),American Double / Imperial IPA,12.0 oz,0.099,118,Southern Star Brewing Company,Conroe,TX
691,Walloon (2014),Saison / Farmhouse Ale,12.0 oz,0.055,118,The Right Brain Brewery,Conroe,ME
555,Le Mort Vivant (2011),Bière de Garde,12.0 oz,0.069,118,Utah Brewers Cooperative,Conroe,TX
46,Buried Hatchet Stout,Foreign / Export Stout,12.0 oz,0.083,118,Wild Onion Brewing Company,Conroe,TX
45,Pine Belt Pale Ale,American Pale Ale (APA),16.0 oz,0.065,118,Southern Star Brewing Company,Conroe,CO
44,Bombshell Blonde,American Blonde Ale,12.0 oz,0.05,118,Moat Mountain Smoke House & Brew...,Conroe,OK
2486,Baby Daddy Session IPA,American IPA,12.0 oz,0.047,78,Old Forge Brewing Company,San Francisco,CA
763,Hopluia (2004),English India Pale Ale (IPA),16.0 oz,nan (wait to be cleaned),508,Spilker Ales,Cortland,MO
2271,Ball & Chain (2014),American Pale Ale (APA),16.0 oz,0.058,175,Sixpoint Craft Ales,Chicago,MA
2206,Bitter Biker Double IPA,American Double / Imperial IPA,16.0 oz,0.096,175,Spiteful Brewing Company,Chicago,IL
2136,God Damn Pigeon Porter,American Porter,16.0 oz,0.082,175,SanTan Brewing Company,Chicago,IL
2135,Working for the Weekend,American Double / Imperial IPA,16.0 oz,0.079,175,Aviator Brewing Company,Chicago,CA
2134,Angry Adam,American Amber / Red Ale,16.0 oz,0.06,175,Schlafly Brewing Company,Chicago,IL
2109,Freedom Fries,American Stout,16.0 oz,0.055,175,Spiteful Brewing Company,Chicago,IL
1821,Bitter Biker Double IPA,American Double / Imperial IPA,12.0 oz,0.096,175,Catawba Brewing Company,Chicago,IL
1820,Ghost Bike Pale Ale,American Pale Ale (APA),16.0 oz,0.073,175,Spiteful Brewing Company,Chicago,IL
1819,Spiteful IPA,American IPA,12.0 oz,0.062,175,Spiteful Brewing Company,Chicago,IL
1634,Alley Time,American Pale Ale (APA),12.0 oz,0.06,175,Platform Beer Company,Chicago,IL
1633,Fat Badger,Irish Red Ale,12.0 oz,0.058,175,Spiteful Brewing Company,Chicago,IL
1632,In the Weeds,American Pale Wheat Ale,12.0 oz,0.055,175,Dad & Dude's Breweria,Chicago,IL
855,Special Amber,Vienna Lager,12.0 oz,0.05,498,Sprecher Brewing Company,Glendale,WI
445,Special Amber,Vienna Lager,12.0 oz,0.05,498,Sprecher Brewing Company,Glendale,MA
1587,Seven Gates Pale Ale,American Pale Ale (APA),12.0 oz,0.056,372,Saint Archer Brewery,Conestoga,PA
2242,Gunga Din,Cider,16.0 oz,0.052,186,St. Julian Winery,Paw Paw,IL
1544,Starr Pils,German Pilsener,12.0 oz,0.042,383,Starr Hill Brewery,Crozet,IN
1205,Northern Lights India Pale Ale,American IPA,16.0 oz,0.065,383,Hale's Ales,Crozet,NH
369,Festie,Märzen / Oktoberfest,12.0 oz,0.048,383,Atwater Brewery,Crozet,OH
368,Northern Lights India Pale Ale,American IPA,12.0 oz,0.065,383,Starr Hill Brewery,Crozet,CO
2386,Third Eye Enlightened Pale Ale,American Pale Ale (APA),12.0 oz,0.065,119,Pateros Creek Brewing Company,Durango,SC
92,Colorado Kölsch,Kölsch,12.0 oz,0.049,119,Brewery Vivant,Durango,OR
91,Steam Engine Lager,American Amber / Red Lager,12.0 oz,0.057,119,Seventh Son Brewing Company,Durango,CO
90,Third Eye Pale Ale,American IPA,12.0 oz,0.065,119,Steamworks Brewing Company,Durango,CO
2366,Point Special (Current),American Adjunct Lager,12.0 oz,0.047,131,Morgan Street Brewery,Stevens Point,WI
2365,Point Special,American Adjunct Lager,12.0 oz,0.047,131,Stevens Point Brewery,Stevens Point,CO
2270,Point Cascade Pale Ale (2013),American Pale Ale (APA),12.0 oz,0.054,131,Stevens Point Brewery,Stevens Point,WI
2228,Point Special,American Adjunct Lager,12.0 oz,0.047,131,Stevens Point Brewery,Stevens Point,UT
2151,Onyx Black Ale,American Black Ale,12.0 oz,0.052,131,Upslope Brewing Company,Stevens Point,WI
2150,Beyond The Pale IPA,American IPA,12.0 oz,0.063,131,Martin House Brewing Company,Stevens Point,HI
2122,Point Special (2013),American Adjunct Lager,12.0 oz,0.047,131,Brewery Vivant,Stevens Point,MA
2121,Point Special (2012),American Adjunct Lager,12.0 oz,0.047,131,Stevens Point Brewery,Stevens Point,WI
2115,Point Special Lager,American Adjunct Lager,16.0 oz,0.047,131,Stevens Point Brewery,Stevens Point,CT
1450,St. Benedict's Winter Ale,Winter Warmer,12.0 oz,0.062,131,Stevens Point Brewery,Stevens Point,WI
1357,Point Oktoberfest,Märzen / Oktoberfest,16.0 oz,0.057,131,Blue Blood Brewing Company,Stevens Point,WI
1225,Point Nude Beach Summer Wheat,American Pale Wheat Ale,16.0 oz,0.052,131,Stevens Point Brewery,Stevens Point,WI
816,Point Nude Beach Summer Wheat,American Pale Wheat Ale,12.0 oz,0.05,131,Stevens Point Brewery,Stevens Point,MD
772,Point Nude Beach Summer Wheat (2011),American Pale Wheat Ale,12.0 oz,0.05,131,Boston Beer Company,Stevens Point,WI
684,Drop Dead Blonde,American Blonde Ale,12.0 oz,0.035,131,Stevens Point Brewery,Stevens Point,AR
650,Three Kings Ale,Kölsch,12.0 oz,0.049,131,Baxter Brewing Company,Stevens Point,CA
456,Point Oktoberfest,Märzen / Oktoberfest,12.0 oz,0.057,131,Oasis Texas Brewing Company,Stevens Point,WI
357,2012 Black Ale,American Brown Ale,12.0 oz,0.054,131,7 Seas Brewing Company,Stevens Point,WI
141,Point Nude Beach Summer Wheat (2010),American Pale Wheat Ale,12.0 oz,0.05,131,Stevens Point Brewery,Stevens Point,MT
140,Point Cascade Pale Ale,American Pale Ale (APA),12.0 oz,0.054,131,Stevens Point Brewery,Stevens Point,WY
139,Point Amber Classic,American Amber / Red Lager,12.0 oz,0.047,131,Stevens Point Brewery,Stevens Point,WI
138,Point Special Lager,American Adjunct Lager,12.0 oz,0.047,131,Capital Brewery,Stevens Point,WI
953,Wisco Disco,American Amber / Red Ale,16.0 oz,0.051,486,Coastal Empire Beer Company,Green Bay,WI
1983,Brontide,American Black Ale,12.0 oz,0.05,255,Stillwater Artisanal Ales,Baltimore,MD
1631,Brontide,American Black Ale,12.0 oz,0.05,255,Stillwater Artisanal Ales,Baltimore,NC
1344,Classique,Saison / Farmhouse Ale,12.0 oz,0.045,255,Stillwater Artisanal Ales,Baltimore,MD
922,Sunsplash Golden Ale (2004),American Blonde Ale,12.0 oz,0.045,492,Stone Coast Brewing Company,Portland,IL
1410,Sand Island Lighthouse,Kölsch,12.0 oz,0.051,412,Brewery Vivant,Huntsville,WI
925,Lily Flagg Milk Stout,Milk / Sweet Stout,12.0 oz,0.05,412,Straight to Ale,Huntsville,RI
637,Monkeynaut IPA,American IPA,12.0 oz,0.072,412,Straight to Ale,Huntsville,WA
2369,Straub Beer (Current),American Adjunct Lager,12.0 oz,0.05,129,DC Brau Brewing Company,St Mary's,PA
2233,American Lager,American Adjunct Lager,12.0 oz,0.041,129,Straub Brewery,St Mary's,PA
2232,American Amber,American Amber / Red Lager,12.0 oz,0.041,129,Straub Brewery,St Mary's,MO
2231,American Light,Light Lager,12.0 oz,0.032,129,Straub Brewery,St Mary's,NV
2352,Extra Pale Ale,American Pale Ale (APA),12.0 oz,0.053,138,Summit Brewing Company,St Paul,MN
2549,Make It So,Extra Special / Strong Bitter (ESB),12.0 oz,0.053,58,Summit Brewing Company,St. Paul,CO
2473,Hopvale Organic Ale,American Pale Ale (APA),16.0 oz,0.047,58,Summit Brewing Company,St. Paul,CO
2415,Unchained #18 Hop Silo,American Double / Imperial IPA,16.0 oz,0.083,58,Three Creeks Brewing,St. Paul,MN
2605,Tip Off,Altbier,16.0 oz,0.052,25,Sun King Brewing Company,Indianapolis,IN
2215,Java Mac,Scottish Ale,16.0 oz,0.054,25,Sun King Brewing Company,Indianapolis,FL
2164,Cowbell,American Porter,16.0 oz,0.054,25,Southern Star Brewing Company,Indianapolis,IN
2085,Hop Up Offa That Brett (2014),Belgian Pale Ale,16.0 oz,0.058,25,Revolution Brewing,Indianapolis,CO
2084,PV Muckle (2013),Scotch Ale / Wee Heavy,16.0 oz,0.083,25,Lucette Brewing Company,Indianapolis,WI
2083,Bourbon Barrel Batch 666: Sympathy for the Devil,Belgian Dark Ale,16.0 oz,0.099,25,Sun King Brewing Company,Indianapolis,FL
2082,Whip Fight,Scotch Ale / Wee Heavy,16.0 oz,0.09,25,Brindle Dog Brewing Company,Indianapolis,IL
2081,Port Barrel Wee Mac,Scotch Ale / Wee Heavy,16.0 oz,0.053,25,Frankenmuth Brewery,Indianapolis,IN
2001,Fistful Of Hops Red,American IPA,16.0 oz,0.064,25,Denver Beer Company,Indianapolis,AZ
2000,Fistful of Hops Orange,American IPA,16.0 oz,0.063,25,Sun King Brewing Company,Indianapolis,IN
1999,Fistful Of Hops Blue,American IPA,16.0 oz,0.064,25,Sun King Brewing Company,Indianapolis,IN
1996,Fistful of Hops Green,American IPA,16.0 oz,0.064,25,Sun King Brewing Company,Indianapolis,IN
1948,30 Min Coma,Belgian IPA,16.0 oz,nan (wait to be cleaned),25,Sun King Brewing Company,Indianapolis,ID
1656,Wee Muckle,Scotch Ale / Wee Heavy,16.0 oz,0.09,25,Seattle Cider Company,Indianapolis,VT
1599,Royal Brat,Extra Special / Strong Bitter (ESB),16.0 oz,0.065,25,Sun King Brewing Company,Indianapolis,RI
1420,Grapefruit Jungle (GFJ),American IPA,16.0 oz,0.075,25,Sun King Brewing Company,Indianapolis,IN
1389,Osiris Pale Ale,American Pale Ale (APA),16.0 oz,0.056,25,Minhas Craft Brewery,Indianapolis,ME
1367,Bourbon Barrel Aged Timmie,Russian Imperial Stout,16.0 oz,0.099,25,Mike Hess Brewing Company,Indianapolis,CO
1366,Stupid Sexy Flanders,Flanders Oud Bruin,16.0 oz,0.063,25,Bale Breaker Brewing Company,Indianapolis,WI
1347,Bourbon Barrel Cowbell,American Porter,16.0 oz,nan (wait to be cleaned),25,O'Fallon Brewery,Indianapolis,IN
1314,Popcorn Pilsner,German Pilsener,16.0 oz,0.054,25,Chatham Brewing,Indianapolis,IN
1128,Ring of Dingle,Irish Dry Stout,16.0 oz,0.071,25,Sun King Brewing Company,Indianapolis,ID
1127,Bourbon Barrel Wee Mac,Scottish Ale,16.0 oz,0.054,25,Sun King Brewing Company,Indianapolis,MI
1049,Bourbon Barrel Johan,English Barleywine,16.0 oz,0.099,25,AC Golden Brewing Company,Indianapolis,IN
934,The Deuce,American Brown Ale,16.0 oz,0.07,25,Sun King Brewing Company,Indianapolis,CA
923,The Velvet Fog,Quadrupel (Quad),16.0 oz,0.09,25,Tractor Brewing Company,Indianapolis,IN
874,Sun King Oktoberfest,Märzen / Oktoberfest,16.0 oz,0.055,25,Sun King Brewing Company,Indianapolis,IN
739,Indianapolis Indians Lager,Dortmunder / Export Lager,16.0 oz,0.052,25,Sun King Brewing Company,Indianapolis,IN
698,Indians Victory Lager (2012),Dortmunder / Export Lager,16.0 oz,0.052,25,Starr Hill Brewery,Indianapolis,IN
660,Chaka,Belgian Strong Pale Ale,16.0 oz,0.08,25,Sun King Brewing Company,Indianapolis,IN
651,Isis,American Double / Imperial IPA,16.0 oz,0.091,25,Rivertowne Brewing Company,Indianapolis,CO
584,Wee Muckle (2011),Scotch Ale / Wee Heavy,16.0 oz,0.09,25,Sun King Brewing Company,Indianapolis,IN
532,Grapefruit Jungle (GFJ) (2011),American IPA,16.0 oz,0.075,25,White Birch Brewing,Indianapolis,MA
526,Sun King Oktoberfest (2011),Märzen / Oktoberfest,16.0 oz,0.055,25,Right Brain Brewery,Indianapolis,FL
394,Johan the Barleywine,English Barleywine,16.0 oz,0.099,25,Bonfire Brewing Company,Indianapolis,IN
213,Wee Mac Scottish-Style Ale,Scottish Ale,16.0 oz,0.054,25,Snake River Brewing Company,Indianapolis,TX
55,Sunlight Cream Ale,Cream Ale,16.0 oz,0.053,25,Sun King Brewing Company,Indianapolis,IN
54,Osiris Pale Ale (2010),American Pale Ale (APA),16.0 oz,0.056,25,Upslope Brewing Company,Indianapolis,WI
1207,Dam Lager,American Amber / Red Lager,12.0 oz,0.045,455,Palisade Brewing Company,Hardy,VA
1206,Red Clay IPA,American IPA,12.0 oz,0.07,455,Sunken City Brewing Company,Hardy,VA
2543,Todd the Axe Man,American IPA,16.0 oz,0.072,61,Atwater Brewery,Brooklyn Center,MN
2409,Doomtree,Extra Special / Strong Bitter (ESB),16.0 oz,0.057,61,Catawba Island Brewing,Brooklyn Center,MN
1739,BLAKKR,American Black Ale,16.0 oz,0.099,61,Pedernales Brewing Company,Brooklyn Center,WY
1112,Overrated! West Coast Style IPA,American IPA,16.0 oz,0.073,61,Bonfire Brewing Company,Brooklyn Center,CO
329,WET,American IPA,16.0 oz,0.075,61,Surly Brewing Company,Brooklyn Center,MN
19,Bitter Brewer,English Bitter,16.0 oz,0.04,61,Surly Brewing Company,Brooklyn Center,MN
18,SurlyFest,Rye Beer,16.0 oz,0.055,61,Great Crescent Brewery,Brooklyn Center,IL
17,Coffee Bender,American Brown Ale,16.0 oz,0.051,61,Surly Brewing Company,Brooklyn Center,MN
16,Bender,American Brown Ale,16.0 oz,0.051,61,Burnside Brewing Co.,Brooklyn Center,TX
15,Abrasive Ale,American Double / Imperial IPA,16.0 oz,0.097,61,Surly Brewing Company,Brooklyn Center,MN
14,Hell,Keller Bier / Zwickel Bier,16.0 oz,0.051,61,Surly Brewing Company,Brooklyn Center,MI
13,CynicAle,Saison / Farmhouse Ale,16.0 oz,0.067,61,Base Camp Brewing Co.,Brooklyn Center,OK
12,Furious,American IPA,16.0 oz,0.062,61,Tin Roof Brewing Company,Brooklyn Center,VT
1242,Big Nose,American IPA,12.0 oz,0.073,447,Swamp Head Brewery,Gainesville,MS
1241,Cotton Mouth,Witbier,12.0 oz,0.05,447,Swamp Head Brewery,Gainesville,FL
1240,Stump Knocker Pale Ale,American Pale Ale (APA),12.0 oz,0.056,447,Swamp Head Brewery,Gainesville,FL
1239,Midnight Oil,Oatmeal Stout,12.0 oz,0.05,447,Swamp Head Brewery,Gainesville,MO
1238,Wild Night,Cream Ale,12.0 oz,0.059,447,Pikes Peak Brewing Company,Gainesville,VA
1554,Bermuda Triangle Ginger Beer,Herbed / Spiced Beer,12.0 oz,0.045,381,Swashbuckler Brewing Company,Manheim,PA
2568,Take Two Pils,German Pilsener,12.0 oz,0.055,49,SweetWater Brewing Company,Atlanta,GA
2551,Waterkeeper,Hefeweizen,12.0 oz,0.057,49,Blackrocks Brewery,Atlanta,GA
1710,SweetWater IPA,American IPA,12.0 oz,0.064,49,Eddyline Brewery & Restaurant,Atlanta,GA
1709,420 Extra Pale Ale,American Pale Ale (APA),12.0 oz,0.054,49,Modern Times Beer,Atlanta,MN
1229,Dodgy Knight Imperial IPA,American Double / Imperial IPA,12.0 oz,0.08,449,TailGate Beer,San Diego,CA
1164,TailGate Saison,Saison / Farmhouse Ale,12.0 oz,0.05,449,Cedar Creek Brewery,San Diego,CA
663,TailGate IPA,American IPA,24.0 oz,0.05,449,Manzanita Brewing Company,San Diego,MN
662,TailGate IPA,American IPA,12.0 oz,0.05,449,TailGate Beer,San Diego,CA
623,TailGate Hefeweizen,Hefeweizen,24.0 oz,0.049,449,Bohemian Brewery,San Diego,CO
622,Blacktop Blonde,American Blonde Ale,24.0 oz,0.05,449,TailGate Beer,San Diego,IL
362,Blacktop Blonde,American Blonde Ale,12.0 oz,0.05,449,TailGate Beer,San Diego,CA
361,TailGate Hefeweizen,Hefeweizen,12.0 oz,0.049,449,Blue Dog Mead,San Diego,CA
2575,Wooden Rooster,Tripel,16.9 oz,0.085,45,Real Ale Brewing Company,Manhattan,FL
2555,Ginger Peach Saison,Saison / Farmhouse Ale,16.0 oz,0.048,45,Tallgrass Brewing Company,Manhattan,TX
1736,Zombie Monkie,American Porter,16.0 oz,0.062,45,Bitter Root Brewing,Manhattan,KS
1196,Wild Plum Farmhouse Ale,Saison / Farmhouse Ale,16.0 oz,0.056,45,Pisgah Brewing Company,Manhattan,KS
1063,Vanilla Bean Buffalo Sweat,Oatmeal Stout,16.0 oz,0.05,45,Old Forge Brewing Company,Manhattan,MI
1017,Ethos IPA,American IPA,16.0 oz,0.068,45,Tallgrass Brewing Company,Manhattan,CO
1009,Tallgrass Pub Ale,American Brown Ale,16.0 oz,0.044,45,Two Henrys Brewing Company,Manhattan,KS
912,Oasis,Extra Special / Strong Bitter (ESB),16.0 oz,0.072,45,Tallgrass Brewing Company,Manhattan,KS
765,Buffalo Sweat,Milk / Sweet Stout,16.0 oz,0.05,45,Tallgrass Brewing Company,Manhattan,TX
676,Halcyon Unfiltered Wheat,American Pale Wheat Ale,16.0 oz,0.05,45,Lewis and Clark Brewing Company,Manhattan,FL
595,8-Bit Pale Ale,American Pale Ale (APA),16.0 oz,0.052,45,Claremont Craft Ales,Manhattan,KS
537,Velvet Rooster,Tripel,16.0 oz,0.085,45,Tallgrass Brewing Company,Manhattan,CA
412,Halcyon Unfiltered Wheat,American Pale Wheat Ale,12.0 oz,0.05,45,Tallgrass Brewing Company,Manhattan,KS
105,Köld Lager (2010),German Pilsener,16.0 oz,0.05,45,SanTan Brewing Company,Manhattan,TX
104,Oasis (2010),American Double / Imperial IPA,16.0 oz,0.072,45,Great Crescent Brewery,Manhattan,MI
103,Tallgrass Ale,American Brown Ale,16.0 oz,0.044,45,Tallgrass Brewing Company,Manhattan,KS
102,Buffalo Sweat (2010),Milk / Sweet Stout,16.0 oz,0.05,45,Tallgrass Brewing Company,Manhattan,OR
101,Tallgrass IPA,American IPA,16.0 oz,0.063,45,Piney River Brewing Company,Manhattan,KS
1433,Hat Trick Hop IPA,American IPA,16.0 oz,0.068,409,Cheboygan Brewing Company,Lakeside,WI
1432,Yard Sale Amber Ale,American Amber / Red Ale,16.0 oz,0.056,409,Airways Brewing Company,Lakeside,MT
936,Loafin Bräu,Altbier,16.0 oz,0.055,490,Tampa Bay Brewing Company,Tampa,AL
544,Old Elephant Foot IPA,American IPA,16.0 oz,0.07,490,Pete's Brewing Company,Tampa,WI
2640,Peck's Porter,American Porter,16.0 oz,0.065,7,Twisted X Brewing Company,Bridgman,MI
2448,Reactor,American IPA,16.0 oz,0.07,7,Round Guys Brewing,Bridgman,CO
2447,Mr. Orange,Witbier,16.0 oz,0.057,7,Tapistry Brewing,Bridgman,MI
2601,Deduction,Dubbel,12.0 oz,0.08,28,Taxman Brewing Company,Bargersville,IN
973,Face Down Brown Ale,American Brown Ale,12.0 oz,0.057,480,Telluride Brewing Company,Telluride,CO
827,Tempter IPA,American IPA,12.0 oz,0.064,480,Telluride Brewing Company,Telluride,CO
589,Bridal Veil Rye Pale Ale,American Pale Ale (APA),12.0 oz,0.055,480,2 Towns Ciderhouse,Telluride,CO
2155,Smittytown,Extra Special / Strong Bitter (ESB),12.0 oz,0.048,210,Temperance Beer Company,Evanston,IL
1982,Greenwood Beach,Fruit / Vegetable Beer,12.0 oz,0.04,210,Temperance Beer Company,Evanston,IL
1939,Gatecrasher,English India Pale Ale (IPA),12.0 oz,0.066,210,Temperance Beer Company,Evanston,IL
1082,RecreationAle,American Pale Ale (APA),12.0 oz,0.047,469,Avery Brewing Company,Athens,GA
2119,First Stand,Saison / Farmhouse Ale,12.0 oz,0.055,215,MillKing It Productions,Richmond,NV
2118,Battle LIne,American Brown Ale,12.0 oz,0.063,215,Texian Brewing Co.,Richmond,OR
2117,Broken Bridge,Dunkelweizen,12.0 oz,0.056,215,Tallgrass Brewing Company,Richmond,TX
2116,Brutus,English India Pale Ale (IPA),12.0 oz,0.071,215,Texian Brewing Co.,Richmond,MI
1916,Petit Mutant,American Wild Ale,16.0 oz,0.06,272,The Alchemist,Waterbury,KY
1915,The Crusher,American Double / Imperial IPA,16.0 oz,0.096,272,Crow Peak Brewing Company,Waterbury,MI
1914,Beelzebub,American Double / Imperial Stout,16.0 oz,0.08,272,The Alchemist,Waterbury,VT
1810,Focal Banger,American IPA,16.0 oz,0.07,272,The Alchemist,Waterbury,NV
1111,Heady Topper,American Double / Imperial IPA,16.0 oz,0.08,272,Against the Grain Brewery,Waterbury,NY
379,Heady Topper,American Double / Imperial IPA,16.0 oz,0.08,272,Arctic Craft Brewery,Waterbury,VT
1200,Bomber Mountain Amber Ale (2013),American Amber / Red Ale,12.0 oz,0.046,457,The Black Tooth Brewing Company,Sheridan,MI
1199,Indian Paintbrush IPA,American IPA,12.0 oz,0.07,457,Starr Hill Brewery,Sheridan,WY
1198,Saddle Bronc Brown Ale (2013),English Brown Ale,12.0 oz,0.048,457,The Black Tooth Brewing Company,Sheridan,WI
1197,Wagon Box Wheat Beer,American Pale Wheat Ale,12.0 oz,0.059,457,Upslope Brewing Company,Sheridan,WA
1945,Birdhouse Pale Ale,Belgian Pale Ale,12.0 oz,0.05,262,Natian Brewery,Baltimore,MA
1079,Ozzy,Belgian Pale Ale,12.0 oz,0.073,262,The Brewer's Art,Baltimore,MD
94,Resurrection,Dubbel,12.0 oz,0.07,262,The Brewer's Art,Baltimore,MD
1748,Bronx Summer Pale Ale,American Pale Ale (APA),16.0 oz,0.052,329,The Bronx Brewery,Bronx,NY
1747,Bronx Black Pale Ale,American Black Ale,16.0 oz,0.057,329,The Bronx Brewery,Bronx,MI
1037,Bronx Pale Ale,American Pale Ale (APA),16.0 oz,0.063,329,The Bronx Brewery,Bronx,NY
2594,Surfrider,American Pale Ale (APA),16.0 oz,0.052,33,Warped Wing Brewing Company,Torrance,CA
2035,Kolschtal Eddy,Kölsch,16.0 oz,0.055,33,South Austin Brewery,Torrance,WI
2034,South Bay Session IPA,American IPA,16.0 oz,0.05,33,The Dudes' Brewing Company,Torrance,NH
1562,Grandma's Pecan,English Brown Ale,16.0 oz,0.069,33,The Dudes' Brewing Company,Torrance,LA
1561,Double Trunk,American Double / Imperial IPA,16.0 oz,0.099,33,The Dudes' Brewing Company,Torrance,CA
1749,Just IPA,American IPA,12.0 oz,0.046,328,Blue Mountain Brewery,Burlington,CO
2455,Lionshead,American Pilsner,12.0 oz,0.045,90,The Lion Brewery,Wilkes-Barre,PA
963,Manhattan Gold Lager (1990),American Amber / Red Lager,12.0 oz,nan (wait to be cleaned),484,Madtree Brewing Company,New York,IL
2638,G. B. Russo’s Italian Pistachio Pale Ale,American Pale Ale (APA),16.0 oz,0.052,9,New Belgium Brewing Company,Grand Rapids,MI
1278,Northern Hawk Owl Amber,American Amber / Red Ale,12.0 oz,0.058,438,The Right Brain Brewery,Traverse City,MI
1277,CEO Stout,American Stout,16.0 oz,0.059,438,Oskar Blues Brewery,Traverse City,MI
1276,Will Power Pale Ale,American Pale Ale (APA),16.0 oz,0.047,438,The Right Brain Brewery,Traverse City,MI
1732,Curious Traveler Shandy,Shandy,12.0 oz,0.044,334,The Traveler Beer Company,Burlington,VT
2347,Hunny Do Wheat,American Pale Wheat Ale,12.0 oz,0.048,142,Anchor Brewing Company,Cold Spring,MI
1781,Three Way Pale Ale,American Pale Ale (APA),12.0 oz,0.052,142,Third Street Brewhouse,Cold Spring,NC
1780,Rise to the Top,Cream Ale,12.0 oz,0.041,142,Third Street Brewhouse,Cold Spring,CO
1779,Lost Trout Brown Ale,American Brown Ale,12.0 oz,0.049,142,South Austin Brewery,Cold Spring,MN
2421,Watermelon Ale,Fruit / Vegetable Beer,12.0 oz,0.051,108,TailGate Beer,Bloomfield,CT
2319,Knotty Blonde Ale,American Blonde Ale,12.0 oz,0.04,153,Three Creeks Brewing,Sisters,CO
2317,Fivepine Chocolate Porter,American Porter,12.0 oz,0.062,153,Three Creeks Brewing,Sisters,OR
2316,Hoodoo Voodoo IPA,American IPA,12.0 oz,0.062,153,Big Storm Brewing Company,Sisters,MN
1913,Hydraulion Red,Irish Red Ale,12.0 oz,0.053,273,Three Notch'd Brewing Company,Charlottesville,VA
1912,40 Mile IPA,American IPA,12.0 oz,0.06,273,Three Notch'd Brewing Company,Charlottesville,VA
2617,Citra Faced,American Pale Wheat Ale,16.0 oz,0.055,21,Brewery Vivant,Martinsville,IN
2616,Pole Barn Stout,Oatmeal Stout,16.0 oz,0.055,21,Three Pints Brewing,Martinsville,IN
2615,Pale,American Pale Ale (APA),16.0 oz,0.054,21,Three Pints Brewing,Martinsville,IN
2614,Yoshi's Nectar,California Common / Steam Beer,16.0 oz,0.053,21,Cascadia Ciderworks United,Martinsville,MT
1889,Leatherhead Red,American Amber / Red Ale,12.0 oz,0.052,282,Modern Times Beer,Kearney,MA
1222,Cropduster Mid-American IPA,American IPA,12.0 oz,0.065,282,Thunderhead Brewing Company,Kearney,ID
122,Golden Frau Honey Wheat,Braggot,12.0 oz,0.075,282,Golden Road Brewing,Kearney,UT
121,Cornstalker Dark Wheat,American Dark Wheat Ale,12.0 oz,nan (wait to be cleaned),282,Thunderhead Brewing Company,Kearney,NE
2623,Cafe Leche,American Porter,16.0 oz,0.058,17,Tin Man Brewing Company,Evansville,MA
2622,Damascene Apricot Sour,Fruit / Vegetable Beer,16.0 oz,0.052,17,Tin Man Brewing Company,Evansville,AZ
2621,Csar,Russian Imperial Stout,16.0 oz,0.12,17,Tin Man Brewing Company,Evansville,AZ
1817,Klingon Warnog Roggen Dunkel,Roggenbier,16.0 oz,0.055,17,SanTan Brewing Company,Evansville,IN
1449,Overlord Imperial IPA,American Double / Imperial IPA,16.0 oz,0.085,17,Kenai River Brewing Company,Evansville,WA
951,Alloy,American IPA,16.0 oz,0.058,17,Tin Man Brewing Company,Evansville,IN
950,Rivet Irish Red Ale,Irish Red Ale,16.0 oz,0.051,17,Tin Man Brewing Company,Evansville,MI
949,3 Gear Robust Porter,American Porter,16.0 oz,0.052,17,Tin Man Brewing Company,Evansville,FL
948,Circuit Bohemian Pilsner,Czech Pilsener,16.0 oz,0.045,17,Tin Man Brewing Company,Evansville,VT
2321,Turnrow Harvest Ale,American Blonde Ale,12.0 oz,0.055,152,Piney River Brewing Company,Baton Rouge,OR
1755,Juke Joint IPA,American IPA,12.0 oz,0.07,152,Tin Roof Brewing Company,Baton Rouge,LA
1754,Parade Ground Coffee Porter,American Porter,12.0 oz,0.07,152,Triangle Brewing Company,Baton Rouge,LA
1428,Tin Roof Watermelon Wheat,Fruit / Vegetable Beer,12.0 oz,0.05,152,Tin Roof Brewing Company,Baton Rouge,TX
529,Tin Roof Blonde Ale,American Blonde Ale,12.0 oz,0.045,152,Tin Roof Brewing Company,Baton Rouge,TX
495,Voodoo Bengal Pale Ale,American Pale Ale (APA),12.0 oz,0.055,152,Thomas Hooker Brewing Company,Baton Rouge,MN
494,Perfect Tin Amber,American Amber / Red Ale,12.0 oz,0.045,152,Tin Roof Brewing Company,Baton Rouge,MI
1856,IPA & a Half,American IPA,12.0 oz,0.073,291,Tommyknocker Brewery,Idaho Springs,CO
736,Ornery Amber Lager (2003),Vienna Lager,12.0 oz,0.055,291,Revolution Brewing,Idaho Springs,IL
1027,Big Island Shandy,Shandy,16.0 oz,0.05,474,Tonka Beer Company,Minnetonka,MN
1026,Preservation IPA,American IPA,16.0 oz,0.068,474,Tonka Beer Company,Minnetonka,MN
1938,Almanac IPA,American IPA,12.0 oz,0.062,265,Tractor Brewing Company,Albuquerque,CA
1937,Milk Mustachio Stout,Milk / Sweet Stout,12.0 oz,0.065,265,Caldera Brewing Company,Albuquerque,VA
1936,Farmer's Tan Red Ale,American Amber / Red Ale,12.0 oz,0.06,265,Tractor Brewing Company,Albuquerque,NE
594,Triangle India Pale Ale,American IPA,12.0 oz,0.057,524,Surly Brewing Company,Durham,MI
114,Triangle White Ale,Witbier,12.0 oz,0.05,524,Triangle Brewing Company,Durham,VT
113,Triangle Belgian Golden Ale,Belgian Strong Pale Ale,12.0 oz,0.08,524,Triangle Brewing Company,Durham,NC
2445,Troegenator,Doppelbock,16.0 oz,0.082,97,Tröegs Brewing Company,Hershey,PA
2444,Nugget Nectar,American Amber / Red Ale,16.0 oz,0.075,97,Baxter Brewing Company,Hershey,PA
2203,Sunshine Pils,American Pilsner,12.0 oz,0.045,97,Avery Brewing Company,Hershey,IL
1510,Troegenator Doublebock,Doppelbock,16.0 oz,0.082,97,Pug Ryan's Brewery,Hershey,IL
1509,Perpetual IPA,American IPA,12.0 oz,0.075,97,Tröegs Brewing Company,Hershey,CA
433,Greenville Pale Ale,American Pale Ale (APA),12.0 oz,0.055,539,Twin Lakes Brewing Company,Greenville,DE
641,Hoppy Boy,American IPA,16.0 oz,0.062,520,Round Guys Brewing,Boulder,MI
2588,Cow Creek,American Amber / Red Lager,12.0 oz,0.054,38,Twisted X Brewing Company,Dripping Springs,TX
2458,Chupahopra,American IPA,12.0 oz,0.075,38,Twisted X Brewing Company,Dripping Springs,TX
2212,Twisted X,American Adjunct Lager,12.0 oz,0.051,38,Sockeye Brewing Company,Dripping Springs,TX
2235,Day Hike Session,American IPA,12.0 oz,0.041,190,Two Beers Brewing Company,Seattle,WA
1661,Trailhead ISA,American IPA,12.0 oz,0.048,190,High Noon Saloon And Brewery,Seattle,WA
1660,Immersion Amber,American Amber / Red Ale,12.0 oz,0.052,190,Cigar City Brewing Company,Seattle,CO
1659,Evo IPA,American IPA,12.0 oz,0.062,190,Two Beers Brewing Company,Seattle,CO
1438,Presidential Pils,Czech Pilsener,12.0 oz,0.048,190,4 Hands Brewing Company,Seattle,WA
1173,Evolutionary IPA (2012),American IPA,12.0 oz,0.062,190,Brewery Vivant,Seattle,WA
560,Persnickety Pale,American Pale Ale (APA),12.0 oz,0.057,190,Wild Onion Brewing Company,Seattle,OR
519,SoDo Brown Ale,American Brown Ale,12.0 oz,0.054,190,New England Brewing Company,Seattle,WA
518,Immersion Amber Ale (2011),American Amber / Red Ale,12.0 oz,0.052,190,Two Beers Brewing Company,Seattle,IN
505,Evolutionary IPA (2011),American IPA,12.0 oz,0.062,190,Two Beers Brewing Company,Seattle,WA
482,Trailhead India Style Session Ale (2011),American IPA,12.0 oz,0.048,190,Surly Brewing Company,Seattle,CO
451,Panorama Wheat Ale,American Pale Wheat Ale,12.0 oz,0.046,190,Two Beers Brewing Company,Seattle,WA
2497,Wobble,American IPA,16.0 oz,0.063,74,Two Brothers Brewing Company,Warrenville,IL
2246,Night Cat,American Dark Wheat Ale,12.0 oz,0.058,74,Two Brothers Brewing Company,Warrenville,OH
1630,Night Cat (2014),American Dark Wheat Ale,12.0 oz,0.058,74,Texian Brewing Co.,Warrenville,MA
1284,Dog Days Lager,Dortmunder / Export Lager,12.0 oz,0.051,74,Two Brothers Brewing Company,Warrenville,IL
1121,Sidekick Extra Pale Ale,American Pale Ale (APA),12.0 oz,0.051,74,Two Brothers Brewing Company,Warrenville,IL
1042,Atom Smasher,Märzen / Oktoberfest,12.0 oz,0.077,74,Two Brothers Brewing Company,Warrenville,IL
1041,Testudo,Bière de Garde,12.0 oz,0.045,74,Stevens Point Brewery,Warrenville,CA
1040,Hobnob B & B Pale Ale,American Pale Ale (APA),12.0 oz,0.065,74,Southern Oregon Brewing Company,Warrenville,OR
861,Cane and Ebel,American Strong Ale,12.0 oz,0.07,74,Jack's Abby Craft Lagers,Warrenville,LA
642,Outlaw IPA (2015),American IPA,12.0 oz,0.065,74,Great Crescent Brewery,Warrenville,IL
2037,The Gilded Age,Munich Helles Lager,12.0 oz,0.045,243,Two Henrys Brewing Company,Plant City,FL
1285,No Limits Hefeweizen,Hefeweizen,16.0 oz,0.05,435,Two Roads Brewing Company,Stratford,CA
1189,Honeyspot Road White IPA,American White IPA,12.0 oz,0.06,435,Frankenmuth Brewery,Stratford,CT
1171,Road 2 Ruin Double IPA,American Double / Imperial IPA,12.0 oz,0.072,435,TailGate Beer,Stratford,WI
1170,Workers Comp Saison,Saison / Farmhouse Ale,12.0 oz,0.048,435,Grand Canyon Brewing Company,Stratford,CT
1169,Ol' Factory Pils,German Pilsener,12.0 oz,0.05,435,Two Roads Brewing Company,Stratford,CT
2310,PUNK'N,Pumpkin Ale,12.0 oz,0.05,159,Grand Canyon Brewing Company,Salt Lake City,UT
2100,Yard Sale Winter Lager,American Amber / Red Lager,12.0 oz,0.04,159,Uinta Brewing Company,Salt Lake City,HI
1925,Trader Session IPA,American IPA,12.0 oz,0.04,159,Wachusett Brewing Company,Salt Lake City,UT
1723,Hop Nosh IPA,American IPA,12.0 oz,0.073,159,Santa Fe Brewing Company,Salt Lake City,UT
1212,SUM'R,American Blonde Ale,12.0 oz,0.04,159,Uinta Brewing Company,Salt Lake City,UT
1097,Organic Baba Black Lager,Schwarzbier,12.0 oz,0.04,159,Uinta Brewing Company,Salt Lake City,NY
1089,Hop Notch IPA (2013),American IPA,12.0 oz,0.073,159,Uinta Brewing Company,Salt Lake City,UT
1088,Cutthroat Pale Ale,American Pale Ale (APA),12.0 oz,0.04,159,Big Sky Brewing Company,Salt Lake City,UT
974,WYLD Extra Pale Ale,American Pale Ale (APA),12.0 oz,0.04,159,Uinta Brewing Company,Salt Lake City,UT
98,Pilsner Ukiah,German Pilsener,12.0 oz,0.055,555,Beer Works Brewery,Ukiah,IN
2372,The Green Room,American IPA,16.0 oz,0.06,126,Uncle Billy's Brewery and Smokeh...,Austin,TX
2367,Humbucker Helles,Maibock / Helles Bock,16.0 oz,0.047,126,Uncle Billy's Brewery and Smokeh...,Austin,TX
1704,Uncle John's Apple Cherry Cider,Cider,16.0 oz,0.065,338,Uncle John's Fruit House Winery,St. John's,MI
1703,Uncle John's Apricot Apple Cider,Cider,16.0 oz,0.065,338,Cigar City Brewing Company,St. John's,MD
877,Draught Hard Apple Cider,Cider,16.0 oz,0.065,338,Uncle John's Fruit House Winery,St. John's,MI
606,Scotty K NA,Low Alcohol Beer,16.0 oz,0.001,522,Oskar Blues Brewery,Santa Cruz,OR
543,Bacon Brown Ale,American Brown Ale,16.0 oz,0.068,522,Mikerphone Brewing,Santa Cruz,CA
347,Golden State Ale,Belgian Pale Ale,16.0 oz,0.064,522,Uncommon Brewers,Santa Cruz,CO
346,Baltic Porter,Baltic Porter,16.0 oz,0.078,522,Uncommon Brewers,Santa Cruz,AK
25,Siamese twin,Dubbel,16.0 oz,0.085,522,Uncommon Brewers,Santa Cruz,CA
2507,Double Duckpin,American Double / Imperial IPA,12.0 oz,0.085,71,River North Brewery,Baltimore,MD
2506,Old Pro,Gose,12.0 oz,0.042,71,Union Craft Brewing,Baltimore,MD
829,Duckpin Pale Ale,American Pale Ale (APA),12.0 oz,0.055,71,Buffalo Bayou Brewing Company,Baltimore,MD
582,Balt Altbier,Altbier,12.0 oz,0.06,71,Union Craft Brewing,Baltimore,TX
2190,Campside Session IPA,American IPA,16.0 oz,0.045,202,Upland Brewing Company,Bloomington,IN
1951,Upland Wheat Ale,Witbier,16.0 oz,0.045,202,Cape Ann Brewing Company,Bloomington,IN
1950,Dragonfly IPA,American IPA,16.0 oz,0.06,202,Upland Brewing Company,Bloomington,MN
2565,Lee Hill Series Vol. 5 - Belgian Style Quadrupel Ale,Quadrupel (Quad),19.2 oz,0.128,51,Upslope Brewing Company,Boulder,CO
2564,Lee Hill Series Vol. 4 - Manhattan Style Rye Ale,Rye Beer,19.2 oz,0.104,51,Wild Wolf Brewing Company,Boulder,IA
2563,Lee Hill Series Vol. 2 - Wild Saison,American Wild Ale,19.2 oz,0.068,51,Upslope Brewing Company,Boulder,CO
2562,Lee Hill Series Vol. 3 - Barrel Aged Imperial Stout,American Double / Imperial Stout,19.2 oz,0.099,51,Upslope Brewing Company,Boulder,CO
2561,Lee Hill Series Vol. 1 - Barrel Aged Brown Ale,American Brown Ale,19.2 oz,0.076,51,Upslope Brewing Company,Boulder,AZ
2560,Blood Orange Saison,Saison / Farmhouse Ale,12.0 oz,0.06,51,Upslope Brewing Company,Boulder,MT
1932,Thai Style White IPA,American White IPA,12.0 oz,0.065,51,Brewery Vivant,Boulder,CO
1853,Ferus Fluxus Wild Belgian Pale Ale,American Wild Ale,19.2 oz,0.075,51,Sun King Brewing Company,Boulder,MN
1315,Upslope Imperial India Pale Ale,American Double / Imperial IPA,19.2 oz,0.099,51,New Belgium Brewing Company,Boulder,CO
907,Upslope Christmas Ale,Winter Warmer,16.0 oz,0.082,51,Wild Onion Brewing Company,Boulder,IN
906,Upslope Pumpkin Ale,Pumpkin Ale,16.0 oz,0.077,51,Schlafly Brewing Company,Boulder,CO
683,Upslope Belgian Style Pale Ale,Belgian Pale Ale,12.0 oz,0.075,51,Evil Czech Brewery,Boulder,NM
614,Upslope Foreign Style Stout,Foreign / Export Stout,12.0 oz,0.069,51,MillKing It Productions,Boulder,CO
466,Top Rope Mexican-style Craft Lager,Vienna Lager,12.0 oz,0.048,51,Upslope Brewing Company,Boulder,CO
444,Upslope Craft Lager,Vienna Lager,12.0 oz,0.048,51,Upslope Brewing Company,Boulder,CO
345,Upslope Brown Ale,English Brown Ale,12.0 oz,0.067,51,Upslope Brewing Company,Boulder,IN
80,Upslope Pale Ale,American Pale Ale (APA),12.0 oz,0.058,51,Aspen Brewing Company,Boulder,MD
79,Upslope India Pale Ale,American IPA,12.0 oz,0.072,51,Upslope Brewing Company,Boulder,CO
382,Common Sense Kentucky Common Ale,American Brown Ale,16.0 oz,0.053,546,DC Brau Brewing Company,Elmira,MN
381,Upstate I.P.W.,American IPA,12.0 oz,0.065,546,Upstate Brewing Company,Elmira,NY
1826,Squatters Full Suspension Pale Ale,American Pale Ale (APA),12.0 oz,0.04,302,Utah Brewers Cooperative,Salt Lake City,IN
1825,Squatters Hop Rising Double IPA,American Double / Imperial IPA,12.0 oz,0.09,302,Utah Brewers Cooperative,Salt Lake City,UT
1824,Devastator Double Bock,Doppelbock,12.0 oz,0.08,302,Utah Brewers Cooperative,Salt Lake City,CO
1823,Wasatch Ghostrider White IPA,American White IPA,12.0 oz,0.06,302,Mehana Brewing Co.,Salt Lake City,IN
1682,Wasatch Ghostrider White IPA (2014),American White IPA,12.0 oz,0.06,302,Utah Brewers Cooperative,Salt Lake City,UT
1681,Wasatch Apricot Hefeweizen,Fruit / Vegetable Beer,12.0 oz,0.04,302,Grapevine Craft Brewery,Salt Lake City,UT
1680,Squatters Hop Rising Double IPA (2014),American Double / Imperial IPA,12.0 oz,0.09,302,Utah Brewers Cooperative,Salt Lake City,UT
1679,Squatters Full Suspension Pale Ale,American Pale Ale (APA),12.0 oz,0.04,302,Revolution Brewing,Salt Lake City,UT
2245,Nunica Pine,Cider,16.0 oz,0.068,185,Vander Mill Ciders,Spring Lake,NV
2244,Ginger Peach,Cider,16.0 oz,0.069,185,Great Divide Brewing Company,Spring Lake,CO
1378,Totally Roasted,Cider,16.0 oz,0.068,185,Base Camp Brewing Co.,Spring Lake,MI
1377,Blue Gold,Cider,16.0 oz,0.068,185,Vander Mill Ciders,Spring Lake,GA
1376,Hard Apple,Cider,16.0 oz,0.068,185,Mustang Brewing Company,Spring Lake,AZ
2411,Nitro Can Coffee Stout,American Stout,12.0 oz,0.052,113,Vault Brewing Company,Yardley,DE
1770,Voodoo Love Child,Tripel,12.0 oz,0.092,322,Voodoo Brewery,Meadville,PA
1769,White Magick of the Sun,Witbier,12.0 oz,0.079,322,Voodoo Brewery,Meadville,AL
1730,Wynona's Big Brown Ale,American Brown Ale,12.0 oz,0.075,322,Voodoo Brewery,Meadville,PA
1729,Gran Met,Belgian Strong Pale Ale,12.0 oz,0.092,322,Voodoo Brewery,Meadville,TX
1603,Good Vibes IPA,American IPA,12.0 oz,0.073,322,Twisted Pine Brewing Company,Meadville,PA
1488,Pilzilla,American Double / Imperial Pilsner,12.0 oz,0.075,322,Harpoon Brewery,Meadville,AR
1846,Wachusett Light IPA,American IPA,12.0 oz,0.04,295,Wachusett Brewing Company,Westminster,TX
1845,Green Monsta IPA,American IPA,12.0 oz,0.06,295,Broken Tooth Brewing Company,Westminster,OR
1844,Wachusett IPA,American IPA,12.0 oz,0.056,295,Sockeye Brewing Company,Westminster,MA
1843,Strawberry White,Witbier,12.0 oz,0.047,295,Wachusett Brewing Company,Westminster,IL
1418,Larry Imperial IPA,American Double / Imperial IPA,12.0 oz,0.085,295,Wachusett Brewing Company,Westminster,MA
1038,Wachusett Summer,American Pale Wheat Ale,12.0 oz,0.047,295,Wisconsin Brewing Company,Westminster,CO
1030,Country Pale Ale,English Pale Ale,12.0 oz,0.051,295,Great Crescent Brewery,Westminster,MI
1029,Wachusett Light IPA (2013),American IPA,12.0 oz,0.04,295,Wachusett Brewing Company,Westminster,FL
908,Pumpkan,Pumpkin Ale,12.0 oz,0.052,295,Wachusett Brewing Company,Westminster,MA
619,Wachusett Blueberry Ale,Fruit / Vegetable Beer,12.0 oz,0.045,295,Wachusett Brewing Company,Westminster,MA
618,Green Monsta IPA,American IPA,12.0 oz,0.06,295,Eddyline Brewery & Restaurant,Westminster,RI
780,T-6 Red Ale (2004),American Amber / Red Ale,12.0 oz,0.047,506,Upland Brewing Company,Fort Wayne,IN
2450,Self Starter,American IPA,16.0 oz,0.052,94,Warped Wing Brewing Company,Dayton,OH
2223,Ermal's,Cream Ale,16.0 oz,0.054,94,4 Hands Brewing Company,Dayton,FL
2222,10 Ton,Oatmeal Stout,16.0 oz,0.07,94,Warped Wing Brewing Company,Dayton,OH
2221,Flyin' Rye,American IPA,16.0 oz,0.07,94,Warped Wing Brewing Company,Dayton,OH
2439,Christmas Ale,Herbed / Spiced Beer,12.0 oz,0.09,100,Freetail Brewing Company,Lexington,KY
2356,Pay It Forward Cocoa Porter,American Porter,12.0 oz,0.07,100,West Sixth Brewing,Lexington,CA
1069,West Sixth Amber Ale,American Amber / Red Ale,12.0 oz,0.055,100,Mehana Brewing Co.,Lexington,MS
652,West Sixth IPA,American IPA,12.0 oz,nan (wait to be cleaned),100,SanTan Brewing Company,Lexington,IL
1542,One Claw,American Pale Ale (APA),12.0 oz,0.055,384,Westbrook Brewing Company,Mt. Pleasant,DE
1312,Westbrook Gose,Gose,12.0 oz,0.04,384,Westbrook Brewing Company,Mt. Pleasant,OK
576,White Thai,Witbier,12.0 oz,0.05,384,Back Forty Beer Company,Mt. Pleasant,SC
575,Westbrook IPA,American IPA,12.0 oz,0.068,384,Cigar City Brewing Company,Mt. Pleasant,SC
1645,Westfield Octoberfest,Märzen / Oktoberfest,12.0 oz,0.057,351,Upslope Brewing Company,Westfield,MA
1551,Pop's Old Fashioned Lager,American Amber / Red Lager,12.0 oz,0.052,351,Westfield River Brewing Company,Westfield,MA
1550,Charlie in the Rye,American IPA,12.0 oz,0.058,351,Westfield River Brewing Company,Westfield,MA
2364,Royal Lager,American Pale Lager,16.0 oz,nan (wait to be cleaned),132,Oskar Blues Brewery (North Carol...,Weston,CO
2348,Rip Van Winkle (Current),Bock,12.0 oz,0.08,132,Weston Brewing Company,Weston,MO
2344,O’Malley’s Stout,English Stout,12.0 oz,nan (wait to be cleaned),132,Weston Brewing Company,Weston,MI
2343,O’Malley’s IPA,American IPA,12.0 oz,0.075,132,Golden Road Brewing,Weston,MO
2342,O’Malley’s Irish Style Cream Ale,Cream Ale,12.0 oz,nan (wait to be cleaned),132,Weston Brewing Company,Weston,MO
2341,L'il Lucy's Hot Pepper Ale,Chile Beer,12.0 oz,0.049,132,Weston Brewing Company,Weston,MO
2340,Drop Kick Ale,American Amber / Red Ale,12.0 oz,0.052,132,Weston Brewing Company,Weston,WI
2573,Raspberry Berliner Weisse,Berliner Weissbier,12.0 oz,0.055,47,Carolina Beer & Beverage,Hooksett,NH
2572,Hop Session,American IPA,12.0 oz,0.05,47,White Birch Brewing,Hooksett,NH
2571,Blueberry Berliner Weisse,Berliner Weissbier,12.0 oz,0.055,47,White Birch Brewing,Hooksett,WI
2570,Berliner Weisse,Berliner Weissbier,12.0 oz,0.055,47,White Birch Brewing,Hooksett,NH
1498,Super G IPA,American IPA,16.0 oz,0.06,396,Eddyline Brewery & Restaurant,Hudsonville,FL
1838,Hefe Lemon,Radler,12.0 oz,0.049,296,Widmer Brothers Brewing Company,Portland,CO
1837,Hefe Black,Hefeweizen,12.0 oz,0.049,296,Widmer Brothers Brewing Company,Portland,OR
1836,Widmer Brothers Hefeweizen,Hefeweizen,12.0 oz,0.049,296,Widmer Brothers Brewing Company,Portland,OR
1619,Hop Slayer Double IPA,American Double / Imperial IPA,12.0 oz,0.082,361,Wild Onion Brewing Company,Lake Barrington,IL
1618,Pumpkin Ale,Pumpkin Ale,12.0 oz,0.045,361,Bohemian Brewery,Lake Barrington,IL
1364,Big Bowl Blonde Ale,American Brown Ale,12.0 oz,0.05,361,Grey Sail Brewing of Rhode Island,Lake Barrington,MD
971,Phat Chance,American Blonde Ale,12.0 oz,0.052,361,Wild Onion Brewing Company,Lake Barrington,OR
740,Hop Slayer Double IPA (2011),American Double / Imperial IPA,12.0 oz,0.082,361,21st Amendment Brewery,Lake Barrington,AZ
430,Hop Slayer Double IPA (2011),American Double / Imperial IPA,12.0 oz,0.082,361,Rivertowne Brewing Company,Lake Barrington,MN
398,Wild Onion Summer Wit,Witbier,12.0 oz,0.042,361,Wild Onion Brewing Company,Lake Barrington,IL
366,Jack Stout,Oatmeal Stout,12.0 oz,0.06,361,Wild Onion Brewing Company,Lake Barrington,IN
334,Wild Onion Pumpkin Ale (2010),Pumpkin Ale,12.0 oz,0.045,361,Sly Fox Brewing Company,Lake Barrington,IL
162,Paddy Pale Ale,American Pale Ale (APA),12.0 oz,0.056,361,Wild Onion Brewing Company,Lake Barrington,NE
2253,Blonde Hunny,Belgian Pale Ale,12.0 oz,0.068,181,Wild Wolf Brewing Company,Nellysford,NY
1318,Wild Wolf Wee Heavy Scottish Style Ale,Scotch Ale / Wee Heavy,12.0 oz,0.057,181,Wild Wolf Brewing Company,Nellysford,IL
1195,Wild Wolf American Pilsner,American Pilsner,12.0 oz,0.045,181,Utah Brewers Cooperative,Nellysford,CA
1194,Alpha Ale,American Pale Ale (APA),12.0 oz,0.051,181,Kenai River Brewing Company,Nellysford,VA
826,Mystical Stout,Irish Dry Stout,16.0 oz,0.054,499,Wildwood Brewing Company,Stevensville,MT
825,Bodacious Bock,Bock,16.0 oz,0.075,499,Tröegs Brewing Company,Stevensville,OK
813,Ambitious Lager,Munich Helles Lager,16.0 oz,0.05,499,Tin Roof Brewing Company,Stevensville,MT
324,Wyoming Pale Ale,American Pale Ale (APA),16.0 oz,0.072,550,Wind River Brewing Company,Pinedale,WY
323,Wind River Blonde Ale,American Blonde Ale,16.0 oz,0.05,550,Four Fathers Brewing,Pinedale,WI
762,Ace IPA,American IPA,16.0 oz,0.074,509,Oakshire Brewing,Tacoma,IN
761,P-51 Porter,American Porter,16.0 oz,0.08,509,New Belgium Brewing Company,Tacoma,ID
2149,#001 Golden Amber Lager,American Amber / Red Lager,12.0 oz,0.055,211,Engine House 9,Verona,WI
2148,#002 American I.P.A.,American IPA,12.0 oz,0.071,211,Aspen Brewing Company,Verona,FL
2147,#003 Brown & Robust Porter,American Porter,12.0 oz,0.052,211,Maui Brewing Company,Verona,WI
2146,#004 Session I.P.A.,American IPA,12.0 oz,0.048,211,Manayunk Brewing Company,Verona,WI
2047,Tarasque,Saison / Farmhouse Ale,12.0 oz,0.059,239,Wiseacre Brewing Company,Memphis,TN
1470,Ananda India Pale Ale,American IPA,12.0 oz,0.062,239,Wiseacre Brewing Company,Memphis,TN
1469,Tiny Bomb,American Pilsner,12.0 oz,0.045,239,Wiseacre Brewing Company,Memphis,MI
2627,Train Hopper,American IPA,12.0 oz,0.058,14,Spiteful Brewing Company,South Lyon,TX
2626,Edward’s Portly Brown,American Brown Ale,12.0 oz,0.045,14,Witch's Hat Brewing Company,South Lyon,MI
1676,Troopers Alley IPA,American IPA,12.0 oz,0.059,344,Wolf Hills Brewing Company,Abingdon,VA
1468,Wolverine Premium Lager,American Pale Lager,12.0 oz,0.047,402,Wolverine State Brewing Company,Ann Arbor,AK
822,Woodchuck Amber Hard Cider,Cider,12.0 oz,0.05,501,Astoria Brewing Company,Middlebury,WI
2417,4000 Footer IPA,American IPA,12.0 oz,0.065,109,Martin House Brewing Company,North Woodstock,HI
2306,Summer Brew,American Pilsner,12.0 oz,0.028,109,"Woodstock Inn, Station & Brewery",North Woodstock,CO
1697,Be Hoppy IPA,American IPA,16.0 oz,0.065,339,Wormtown Brewery,Worcester,KY
2194,Worthy IPA,American IPA,12.0 oz,0.069,199,Worthy Brewing Company,Bend,TX
1514,Easy Day Kolsch,Kölsch,12.0 oz,0.045,199,Fort George Brewery,Bend,OR
1513,Lights Out Vanilla Cream Extra Stout,American Double / Imperial IPA,12.0 oz,0.077,199,Griffin Claw Brewing Company,Bend,OR
1512,Worthy IPA (2013),American IPA,12.0 oz,0.069,199,Rahr & Sons Brewing Company,Bend,IN
1511,Worthy Pale,American Pale Ale (APA),12.0 oz,0.06,199,Worthy Brewing Company,Bend,MI
1345,Patty's Chile Beer,Chile Beer,12.0 oz,0.042,424,Lewis and Clark Brewing Company,Denver,WI
1316,Colorojo Imperial Red Ale,American Strong Ale,12.0 oz,0.082,424,Wynkoop Brewing Company,Denver,CO
1045,Wynkoop Pumpkin Ale,Pumpkin Ale,12.0 oz,0.055,424,Wynkoop Brewing Company,Denver,MI
1035,Rocky Mountain Oyster Stout,American Stout,12.0 oz,0.075,424,Wynkoop Brewing Company,Denver,CO
928,Belgorado,Belgian IPA,12.0 oz,0.067,424,Four Corners Brewing Company,Denver,CO
807,Rail Yard Ale,American Amber / Red Ale,12.0 oz,0.052,424,Midnight Sun Brewing Company,Denver,TX
620,B3K Black Lager,Schwarzbier,12.0 oz,0.055,424,Finch's Beer Company,Denver,CO
145,Silverback Pale Ale,American Pale Ale (APA),12.0 oz,0.055,424,Wynkoop Brewing Company,Denver,CO
84,Rail Yard Ale (2009),American Amber / Red Ale,12.0 oz,0.052,424,Manzanita Brewing Company,Denver,CO
