src,flight,sched_dep_time,act_dep_time,sched_arr_time,act_arr_time
aa,AA-3859-IAH-ORD,7:10 a.m.,7:16 a.m.,9:40 a.m.,9:32 a.m.
aa,AA-1733-ORD-PHX,7:45 p.m.,,,?
aa,AA-1640-MIA-MCO,6:30 p.m.,6:30 p.m.,7:25 p.m.,7:25 p.m.
aa,AA-518-MIA-JFK,6:40 a.m.,6:54 a.m.,9:25 a.m.,9:28 a.m.
aa,,12:15 p.m.,12:41 p.m.,2:45 p.m.,2:50 p.m.
aa,AA-204-LAX-MCO,11:25 p.m.,11:25 p.m.,6:55 a.m.,N/A
aa,AA-3468-CVG-MIA,7:00 a.m.,7:25 a.m.,,9:45 a.m.
aa,AA-484-DFW-MIA,4:15 p.m.,4:29 p.m.,7:55 p.m.,7:39 p.m.
aa,AA-446-DFW-PHL,11:50 a.m.,,missing,4:09 p.m.
aa,AA-466-IAH-MIA,6:00 a.m.,6:08 a.m.,9:20 a.m.,9:05 a.m.
aa,AA-1886-BOS-MIA,10:45 a.m.,10:55 a.m.,?,1:40 p.m.
aa,AA-2957-DFW-CVG,7:55 a.m.,8:04 a.m.,11:05 a.m.,11:01 a.m.
aa,AA-1664-MIA-ATL,10:15 a.m.,10:18 a.m.,12:10 p.m.,11:56 a.m.
aa,AA-3979-CVG-ORD,7:30 a.m.,NULL,8:00 a.m.,
aa,AA-1279-DFW-PHX,1:00 p.m.,2:04 p.m.,2:35 p.m.,3:30 p.m.
aa,AA-616-DFW-DTW,9:05 a.m.,10:10 a.m.,12:35 p.m.,1:27 p.m.
aa,AA-4344-ORD-DTW,11:45 a.m.,12:13 p.m.,2:00 p.m.,2:10 p.m.
,NULL,7:25 a.m.,7:39 a.m.,11:10 a.m.,missing
aa,,6:45 a.m.,6:57 a.m.,NULL,
aa,AA-271-MIA-LAX,11:35 a.m.,N/A,2:25 p.m.,2:27 p.m.
aa,AA-2050-ORD-MIA,10:40 a.m.,11:05 a.m.,2:45 p.m.,2:46 p.m.
aa,AA-4330-CVG-ORD,3:35 p.m.,3:36 p.m.,4:00 p.m.,missing
aa,AA-1434-DFW-MCO,?,7:21 a.m.,10:35 a.m.,missing
aa,AA-4307-ORD-DTW,6:45 p.m.,6:55 p.m.,9:10 p.m.,8:53 p.m.
aa,AA-3-JFK-LAX,,12:11 p.m.,3:15 p.m.,3:16 p.m.
aa,AA-3842-MSP-ORD,6:00 a.m.,6:56 a.m.,7:30 a.m.,7:51 a.m.
aa,AA-643-MIA-ORD,7:10 a.m.,7:30 a.m.,9:35 a.m.,9:31 a.m.
aa,AA-1007-MIA-PHX,N/A,,8:05 p.m.,7:55 p.m.
aa,AA-1221-MCO-ORD,8:00 p.m.,8:23 p.m.,9:45 p.m.,9:53 p.m.
aa,missing,10:40 a.m.,11:01 a.m.,2:59 p.m.,3:04 p.m.
aa,AA-4198-ORD-CLE,10:40 a.m.,10:54 a.m.,12:55 p.m.,12:50 p.m.
aa,AA-1522-SFO-ORD,11:55 p.m.,11:55 p.m.,5:50 a.m.,5:50 a.m.
aa,AA-3823-LAX-DEN,9:00 p.m.,9:00 p.m.,12:15 a.m.,12:15 a.m.
aa,AA-2312-DFW-DTW,8:25 p.m.,8:25 p.m.,11:50 p.m.,11:50 p.m.
aa,AA-1165-JFK-MIA,,?,10:34 a.m.,10:04 a.m.
aa,AA-431-MIA-SFO,8:35 a.m.,8:51 a.m.,11:50 a.m.,11:44 a.m.
aa,AA-649-ORD-SNA,,1:30 p.m.,3:50 p.m.,3:50 p.m.
aa,AA-3063-SLC-LAX,8:20 p.m.,8:39 p.m.,9:20 p.m.,
aa,AA-3804-PHL-ORD,NULL,2:44 p.m.,4:05 p.m.,3:43 p.m.
aa,AA-1917-JFK-MCO,2:55 p.m.,3:27 p.m.,5:55 p.m.,5:43 p.m.
aa,AA-2268-PHX-ORD,7:15 a.m.,7:22 a.m.,11:35 a.m.,11:06 a.m.
aa,AA-4277-CVG-JFK,12:10 p.m.,12:10 p.m.,2:15 p.m.,1:43 p.m.
aa,AA-789-ORD-DEN,,1:19 p.m.,2:35 p.m.,3:13 p.m.
aa,AA-415-BOS-ORD,8:35 a.m.,NULL,10:40 a.m.,10:16 a.m.
aa,AA-85-JFK-SFO,3:05 p.m.,3:36 p.m.,6:30 p.m.,6:43 p.m.
aa,AA-1544-SAN-ORD,11:25 a.m.,11:40 a.m.,5:25 p.m.,4:56 p.m.
aa,,4:00 p.m.,4:12 p.m.,6:40 p.m.,6:15 p.m.
aa,AA-222-LAX-BOS,,,3:30 p.m.,3:14 p.m.
aa,AA-3809-PHX-LAX,6:00 a.m.,6:10 a.m.,6:40 a.m.,6:19 a.m.
aa,NULL,7:10 a.m.,7:39 a.m.,10:45 a.m.,11:12 a.m.
helloflight,AA-3859-IAH-ORD,,7:16 a.m.,9:40 a.m.,9:32 a.m.
helloflight,CO-1586-IAH-MCO,7:00 p.m.,7:14 p.m.,10:15 p.m.,10:29 p.m.
helloflight,AA-518-MIA-JFK,6:40 a.m.,6:54 a.m.,9:25 a.m.,9:28 a.m.
NULL,UA-397-JFK-SFO,8:00 a.m.,,?,11:58 a.m.
helloflight,UA-3925-IAD-ORF,8:41 a.m.,8:42 a.m.,9:54 a.m.,9:43 a.m.
helloflight,AA-1733-ORD-PHX,7:45 p.m.,,10:30 p.m.,10:30 p.m.
helloflight,UA-2830-MCO-CLT,3:27 p.m.,3:27 p.m.,5:05 p.m.,5:17 p.m.
helloflight,N/A,missing,11:32 a.m.,2:50 p.m.,3:31 p.m.
helloflight,,11:25 a.m.,11:40 a.m.,,N/A
helloflight,UA-5487-SFO-MRY,10:39 a.m.,10:33 a.m.,11:19 a.m.,
helloflight,AA-204-LAX-MCO,11:25 p.m.,11:25 p.m.,6:55 a.m.,6:55 a.m.
helloflight,UA-414-LAX-SFO,N/A,5:56 a.m.,7:23 a.m.,7:17 a.m.
helloflight,,12:30 a.m.,12:41 a.m.,5:35 a.m.,5:26 a.m.
NULL,UA-2726-FLL-PHL,4:00 p.m.,4:00 p.m.,6:46 p.m.,6:28 p.m.
helloflight,CO-52-IAH-LAX,7:35 a.m.,7:29 a.m.,9:21 a.m.,9:14 a.m.
,CO-1090-BOS-IAH,9:45 a.m.,10:19 a.m.,1:16 p.m.,1:19 p.m.
helloflight,AA-616-DFW-DTW,,10:10 a.m.,12:35 p.m.,1:27 p.m.
helloflight,UA-3515-IAD-MSP,8:15 a.m.,8:12 a.m.,10:06 a.m.,9:56 a.m.
helloflight,AA-3468-CVG-MIA,7:00 a.m.,7:25 a.m.,9:55 a.m.,9:45 a.m.
helloflight,AA-484-DFW-MIA,NULL,4:29 p.m.,7:55 p.m.,7:39 p.m.
helloflight,AA-1886-BOS-MIA,10:45 a.m.,,2:20 p.m.,1:40 p.m.
helloflight,CO-62-IAH-EWR,2:30 p.m.,2:48 p.m.,7:03 p.m.,7:10 p.m.
helloflight,CO-1561-PHX-IAH,missing,NULL,11:35 a.m.,11:32 a.m.
helloflight,UA-2314-ATL-PHL,2:55 p.m.,2:55 p.m.,missing,4:47 p.m.
N/A,AA-446-DFW-PHL,11:50 a.m.,12:12 p.m.,3:50 p.m.,
helloflight,CO-1023-IAH-DEN,11:40 a.m.,11:56 a.m.,1:17 p.m.,1:14 p.m.
missing,AA-466-IAH-MIA,6:00 a.m.,6:08 a.m.,9:20 a.m.,9:05 a.m.
helloflight,UA-3050-PHX-CLT,11:05 a.m.,11:30 a.m.,4:57 p.m.,5:05 p.m.
,CO-89-IAH-EWR,6:00 a.m.,6:02 a.m.,10:20 a.m.,10:27 a.m.
helloflight,CO-1088-CLE-IAH,8:40 a.m.,8:40 a.m.,10:54 a.m.,10:56 a.m.
helloflight,AA-1664-MIA-ATL,10:15 a.m.,?,12:10 p.m.,NULL
helloflight,AA-1279-DFW-PHX,1:00 p.m.,?,2:35 p.m.,3:30 p.m.
helloflight,UA-854-SFO-IAH,7:53 a.m.,7:49 a.m.,1:39 p.m.,1:30 p.m.
helloflight,NULL,12:30 p.m.,12:35 p.m.,missing,3:21 p.m.
helloflight,missing,11:45 a.m.,12:13 p.m.,2:00 p.m.,2:10 p.m.
helloflight,UA-257-JFK-SFO,N/A,2:26 p.m.,6:15 p.m.,5:42 p.m.
helloflight,,12:00 a.m.,,1:45 p.m.,1:15 p.m.
helloflight,CO-63-EWR-IAH,5:25 p.m.,5:22 p.m.,8:22 p.m.,8:03 p.m.
NULL,CO-47-IAH-LAX,NULL,,8:56 p.m.,9:52 p.m.
helloflight,missing,10:40 a.m.,11:05 a.m.,missing,
helloflight,UA-248-PHX-ORD,12:57 p.m.,1:32 p.m.,5:15 p.m.,
helloflight,AA-4330-CVG-ORD,3:35 p.m.,3:36 p.m.,missing,3:33 p.m.
,AA-1434-DFW-MCO,N/A,7:21 a.m.,10:35 a.m.,?
helloflight,,6:30 p.m.,6:30 p.m.,7:25 p.m.,7:25 p.m.
helloflight,AA-4307-ORD-DTW,6:45 p.m.,6:55 p.m.,9:10 p.m.,8:53 p.m.
helloflight,AA-3-JFK-LAX,12:00 p.m.,12:11 p.m.,3:15 p.m.,3:16 p.m.
helloflight,CO-1694-LAX-IAH,7:15 p.m.,N/A,,NULL
helloflight,UA-843-LAX-ORD,1:55 p.m.,2:10 p.m.,7:53 p.m.,7:58 p.m.
helloflight,CO-1193-EWR-MCO,9:15 a.m.,9:14 a.m.,12:18 p.m.,12:09 p.m.
helloflight,AA-3842-MSP-ORD,6:00 a.m.,6:56 a.m.,,7:51 a.m.
helloflight,AA-643-MIA-ORD,7:10 a.m.,7:30 a.m.,9:35 a.m.,9:31 a.m.
helloflight,AA-1007-MIA-PHX,4:55 p.m.,5:08 p.m.,8:05 p.m.,7:55 p.m.
helloflight,AA-2525-DFW-MIA,7:25 a.m.,7:39 a.m.,11:10 a.m.,11:06 a.m.
helloflight,UA-2906-PHL-MCO,,4:28 p.m.,6:23 p.m.,6:38 p.m.
N/A,UA-938-DEN-ORD,4:16 p.m.,N/A,7:35 p.m.,7:36 p.m.
helloflight,AA-1221-MCO-ORD,8:00 p.m.,8:23 p.m.,9:45 p.m.,9:53 p.m.
helloflight,CO-16-LAX-EWR,10:25 a.m.,10:20 a.m.,?,6:34 p.m.
helloflight,missing,7:05 a.m.,7:05 a.m.,NULL,NULL
helloflight,AA-400-DFW-JFK,10:40 a.m.,11:01 a.m.,,3:04 p.m.
helloflight,UA-664-ORD-PHL,NULL,1:31 p.m.,4:31 p.m.,4:23 p.m.
helloflight,AA-3756-ORD-SLC,?,12:41 p.m.,2:45 p.m.,2:50 p.m.
helloflight,UA-37-EWR-MCO,1:29 p.m.,1:48 p.m.,4:17 p.m.,4:17 p.m.
,NULL,11:55 p.m.,11:55 p.m.,5:50 a.m.,5:50 a.m.
helloflight,?,4:25 p.m.,4:25 p.m.,12:29 a.m.,12:29 a.m.
helloflight,AA-3823-LAX-DEN,9:00 p.m.,9:00 p.m.,12:15 a.m.,12:15 a.m.
,AA-2312-DFW-DTW,8:25 p.m.,8:25 p.m.,11:50 p.m.,11:50 p.m.
helloflight,AA-1165-JFK-MIA,6:59 a.m.,7:22 a.m.,10:34 a.m.,N/A
helloflight,AA-431-MIA-SFO,8:35 a.m.,8:51 a.m.,11:50 a.m.,
helloflight,UA-3373-IAD-PHL,8:29 a.m.,8:26 a.m.,9:24 a.m.,9:13 a.m.
helloflight,AA-649-ORD-SNA,1:30 p.m.,1:30 p.m.,3:50 p.m.,3:50 p.m.
helloflight,CO-1250-MIA-IAH,2:53 p.m.,NULL,4:48 p.m.,4:59 p.m.
helloflight,UA-6273-YYC-SFO,NULL,7:27 a.m.,9:43 a.m.,8:45 a.m.
helloflight,UA-828-SFO-ORD,11:08 p.m.,11:08 p.m.,5:11 a.m.,5:11 a.m.
helloflight,CO-4888-IAH-DAL,,5:30 p.m.,?,6:40 p.m.
helloflight,,1:45 p.m.,1:32 p.m.,8:27 a.m.,8:02 a.m.
helloflight,UA-2704-DTW-PHX,11:15 a.m.,11:15 a.m.,1:40 p.m.,
helloflight,AA-3063-SLC-LAX,8:20 p.m.,missing,missing,9:20 p.m.
helloflight,,2:55 p.m.,2:55 p.m.,,4:44 p.m.
helloflight,UA-62-IAH-EWR,2:30 p.m.,N/A,7:03 p.m.,7:10 p.m.
helloflight,UA-1500-IAH-GUA,8:55 a.m.,NULL,11:45 a.m.,11:56 a.m.
helloflight,AA-3804-PHL-ORD,2:35 p.m.,2:44 p.m.,4:05 p.m.,3:43 p.m.
helloflight,AA-1917-JFK-MCO,NULL,3:27 p.m.,?,
helloflight,AA-2268-PHX-ORD,7:15 a.m.,7:22 a.m.,11:35 a.m.,11:06 a.m.
helloflight,AA-4277-CVG-JFK,12:10 p.m.,12:10 p.m.,2:15 p.m.,1:43 p.m.
helloflight,AA-2957-DFW-CVG,7:55 a.m.,8:04 a.m.,11:05 a.m.,11:01 a.m.
helloflight,,9:05 a.m.,8:52 a.m.,11:53 a.m.,12:09 p.m.
helloflight,N/A,1:05 p.m.,1:19 p.m.,2:35 p.m.,3:13 p.m.
helloflight,AA-415-BOS-ORD,8:35 a.m.,8:56 a.m.,10:40 a.m.,10:16 a.m.
helloflight,AA-85-JFK-SFO,3:05 p.m.,3:36 p.m.,6:30 p.m.,6:43 p.m.
helloflight,AA-3979-CVG-ORD,missing,8:04 a.m.,8:00 a.m.,8:06 a.m.
helloflight,AA-3786-IAH-ORD,4:00 p.m.,4:12 p.m.,6:40 p.m.,6:15 p.m.
helloflight,AA-271-MIA-LAX,11:35 a.m.,11:52 a.m.,2:25 p.m.,2:27 p.m.
N/A,NULL,2:55 p.m.,3:31 p.m.,4:49 p.m.,5:26 p.m.
missing,UA-3099-PHX-PHL,,11:55 a.m.,6:17 p.m.,5:38 p.m.
helloflight,AA-4198-ORD-CLE,10:40 a.m.,10:54 a.m.,12:55 p.m.,12:50 p.m.
helloflight,AA-404-MIA-MCO,,6:57 a.m.,7:45 a.m.,7:40 a.m.
helloflight,CO-45-EWR-MIA,4:00 p.m.,3:58 p.m.,7:05 p.m.,6:36 p.m.
,AA-3809-PHX-LAX,6:00 a.m.,6:10 a.m.,6:40 a.m.,?
helloflight,AA-59-JFK-SFO,7:10 a.m.,N/A,10:45 a.m.,11:12 a.m.
helloflight,AA-222-LAX-BOS,7:10 a.m.,7:31 a.m.,3:30 p.m.,3:14 p.m.
boston,AA-3859-IAH-ORD,7:10 a.m.,N/A,9:40 a.m.,9:32 a.m.
N/A,CO-1586-IAH-MCO,7:00 p.m.,7:14 p.m.,10:15 p.m.,10:29 p.m.
boston,AA-518-MIA-JFK,,?,9:25 a.m.,9:28 a.m.
boston,UA-397-JFK-SFO,,8:29 a.m.,11:55 a.m.,11:58 a.m.
boston,UA-3925-IAD-ORF,8:41 a.m.,8:42 a.m.,9:54 a.m.,9:43 a.m.
boston,AA-1733-ORD-PHX,7:45 p.m.,7:58 p.m.,10:30 p.m.,10:30 p.m.
boston,AA-3-JFK-LAX,12:00 p.m.,12:11 p.m.,3:15 p.m.,3:16 p.m.
boston,UA-2830-MCO-CLT,missing,3:27 p.m.,5:05 p.m.,5:17 p.m.
,CO-58-DEN-IAH,11:25 a.m.,11:32 a.m.,2:50 p.m.,3:31 p.m.
boston,UA-5487-SFO-MRY,10:39 a.m.,10:33 a.m.,N/A,11:21 a.m.
boston,AA-204-LAX-MCO,11:25 p.m.,,6:55 a.m.,6:55 a.m.
boston,NULL,6:00 a.m.,5:56 a.m.,?,7:17 a.m.
boston,CO-1614-LAX-IAH,12:30 a.m.,12:41 a.m.,5:35 a.m.,5:26 a.m.
boston,UA-2726-FLL-PHL,,4:00 p.m.,NULL,6:28 p.m.
NULL,CO-52-IAH-LAX,,7:29 a.m.,9:21 a.m.,9:14 a.m.
,?,9:45 a.m.,10:19 a.m.,1:16 p.m.,1:19 p.m.
boston,AA-616-DFW-DTW,9:05 a.m.,10:10 a.m.,12:35 p.m.,1:27 p.m.
boston,UA-3515-IAD-MSP,8:15 a.m.,8:12 a.m.,10:06 a.m.,9:56 a.m.
N/A,AA-3468-CVG-MIA,7:00 a.m.,7:25 a.m.,9:55 a.m.,9:45 a.m.
boston,AA-484-DFW-MIA,,4:29 p.m.,7:55 p.m.,7:39 p.m.
boston,AA-1886-BOS-MIA,10:45 a.m.,10:55 a.m.,2:20 p.m.,1:40 p.m.
boston,CO-62-IAH-EWR,2:30 p.m.,2:48 p.m.,7:03 p.m.,7:10 p.m.
boston,CO-1561-PHX-IAH,8:05 a.m.,N/A,11:35 a.m.,11:32 a.m.
boston,UA-2314-ATL-PHL,2:55 p.m.,2:55 p.m.,5:00 p.m.,4:47 p.m.
boston,AA-446-DFW-PHL,11:50 a.m.,12:12 p.m.,3:50 p.m.,4:09 p.m.
boston,CO-1023-IAH-DEN,11:40 a.m.,11:56 a.m.,1:17 p.m.,1:14 p.m.
boston,AA-466-IAH-MIA,6:00 a.m.,6:08 a.m.,9:20 a.m.,9:05 a.m.
boston,UA-3050-PHX-CLT,11:05 a.m.,11:30 a.m.,missing,5:05 p.m.
boston,CO-89-IAH-EWR,6:00 a.m.,6:02 a.m.,10:20 a.m.,?
boston,CO-1088-CLE-IAH,8:40 a.m.,,10:54 a.m.,10:56 a.m.
boston,AA-1664-MIA-ATL,10:15 a.m.,10:18 a.m.,12:10 p.m.,11:56 a.m.
boston,AA-1279-DFW-PHX,?,2:04 p.m.,2:35 p.m.,3:30 p.m.
boston,UA-854-SFO-IAH,7:53 a.m.,N/A,1:39 p.m.,1:30 p.m.
boston,,12:30 p.m.,12:35 p.m.,3:19 p.m.,3:21 p.m.
boston,AA-4344-ORD-DTW,11:45 a.m.,,,
boston,N/A,2:30 p.m.,2:26 p.m.,6:15 p.m.,NULL
,UA-2945-PHL-CLT,12:00 a.m.,3:11 a.m.,1:45 p.m.,1:15 p.m.
boston,CO-63-EWR-IAH,5:25 p.m.,5:22 p.m.,8:22 p.m.,8:03 p.m.
boston,CO-47-IAH-LAX,7:10 p.m.,8:25 p.m.,,9:52 p.m.
boston,AA-2050-ORD-MIA,10:40 a.m.,11:05 a.m.,2:45 p.m.,2:46 p.m.
boston,UA-248-PHX-ORD,12:57 p.m.,1:32 p.m.,5:15 p.m.,5:34 p.m.
boston,AA-4330-CVG-ORD,3:35 p.m.,,4:00 p.m.,3:33 p.m.
boston,AA-1434-DFW-MCO,7:15 a.m.,7:21 a.m.,10:35 a.m.,10:36 a.m.
boston,AA-1640-MIA-MCO,6:30 p.m.,6:30 p.m.,7:25 p.m.,7:25 p.m.
boston,AA-4307-ORD-DTW,6:45 p.m.,6:55 p.m.,9:10 p.m.,8:53 p.m.
boston,CO-1694-LAX-IAH,7:15 p.m.,NULL,12:21 a.m.,12:21 a.m.
boston,UA-843-LAX-ORD,1:55 p.m.,2:10 p.m.,7:53 p.m.,7:58 p.m.
boston,?,N/A,9:14 a.m.,12:18 p.m.,12:09 p.m.
boston,AA-3842-MSP-ORD,6:00 a.m.,6:56 a.m.,7:30 a.m.,7:51 a.m.
boston,AA-643-MIA-ORD,7:10 a.m.,7:30 a.m.,9:35 a.m.,9:31 a.m.
boston,,4:55 p.m.,,8:05 p.m.,7:55 p.m.
missing,,3:50 p.m.,4:28 p.m.,6:23 p.m.,
boston,UA-938-DEN-ORD,4:16 p.m.,4:15 p.m.,7:35 p.m.,7:36 p.m.
boston,AA-1221-MCO-ORD,NULL,,9:45 p.m.,9:53 p.m.
boston,CO-16-LAX-EWR,10:25 a.m.,,,6:34 p.m.
boston,UA-2515-DFW-CLT,7:05 a.m.,,10:31 a.m.,10:47 a.m.
boston,AA-400-DFW-JFK,10:40 a.m.,11:01 a.m.,N/A,3:04 p.m.
boston,UA-664-ORD-PHL,1:33 p.m.,1:31 p.m.,4:31 p.m.,4:23 p.m.
boston,AA-3756-ORD-SLC,12:15 p.m.,12:41 p.m.,2:45 p.m.,2:50 p.m.
boston,?,1:29 p.m.,1:48 p.m.,4:17 p.m.,4:17 p.m.
boston,AA-1522-SFO-ORD,,11:55 p.m.,5:50 a.m.,5:50 a.m.
boston,UA-233-LAX-JFK,4:25 p.m.,4:25 p.m.,12:29 a.m.,12:29 a.m.
boston,AA-3823-LAX-DEN,9:00 p.m.,9:00 p.m.,12:15 a.m.,missing
boston,AA-2312-DFW-DTW,8:25 p.m.,8:25 p.m.,11:50 p.m.,11:50 p.m.
boston,AA-1165-JFK-MIA,,7:22 a.m.,,10:04 a.m.
boston,AA-431-MIA-SFO,8:35 a.m.,8:51 a.m.,11:50 a.m.,11:44 a.m.
boston,UA-3373-IAD-PHL,8:29 a.m.,,9:24 a.m.,9:13 a.m.
boston,AA-649-ORD-SNA,1:30 p.m.,?,3:50 p.m.,3:50 p.m.
boston,CO-1250-MIA-IAH,2:53 p.m.,3:01 p.m.,4:48 p.m.,4:59 p.m.
boston,UA-6273-YYC-SFO,7:35 a.m.,7:27 a.m.,9:43 a.m.,?
boston,UA-828-SFO-ORD,missing,11:08 p.m.,5:11 a.m.,5:11 a.m.
boston,CO-4888-IAH-DAL,5:30 p.m.,5:30 p.m.,6:40 p.m.,6:40 p.m.
boston,UA-858-PVG-SFO,1:45 p.m.,1:32 p.m.,8:27 a.m.,?
boston,UA-2704-DTW-PHX,11:15 a.m.,11:15 a.m.,1:40 p.m.,2:00 p.m.
boston,AA-3063-SLC-LAX,8:20 p.m.,8:39 p.m.,9:20 p.m.,9:20 p.m.
NULL,UA-2708-EWR-CLT,2:55 p.m.,2:55 p.m.,4:53 p.m.,4:44 p.m.
boston,UA-62-IAH-EWR,2:30 p.m.,2:48 p.m.,7:03 p.m.,7:10 p.m.
boston,UA-1500-IAH-GUA,8:55 a.m.,9:16 a.m.,11:45 a.m.,11:56 a.m.
boston,AA-3804-PHL-ORD,2:35 p.m.,2:44 p.m.,4:05 p.m.,3:43 p.m.
boston,AA-1917-JFK-MCO,,3:27 p.m.,5:55 p.m.,5:43 p.m.
boston,AA-2268-PHX-ORD,7:15 a.m.,7:22 a.m.,11:35 a.m.,11:06 a.m.
boston,AA-4277-CVG-JFK,12:10 p.m.,12:10 p.m.,2:15 p.m.,1:43 p.m.
boston,AA-2957-DFW-CVG,NULL,8:04 a.m.,11:05 a.m.,11:01 a.m.
boston,?,9:05 a.m.,8:52 a.m.,11:53 a.m.,12:09 p.m.
boston,AA-789-ORD-DEN,1:05 p.m.,1:19 p.m.,2:35 p.m.,3:13 p.m.
boston,AA-415-BOS-ORD,8:35 a.m.,8:56 a.m.,10:40 a.m.,
boston,AA-85-JFK-SFO,,3:36 p.m.,6:30 p.m.,6:43 p.m.
boston,AA-3979-CVG-ORD,7:30 a.m.,8:04 a.m.,8:00 a.m.,8:06 a.m.
boston,AA-1544-SAN-ORD,NULL,11:40 a.m.,N/A,4:56 p.m.
boston,AA-3786-IAH-ORD,4:00 p.m.,4:12 p.m.,6:40 p.m.,6:15 p.m.
boston,AA-271-MIA-LAX,11:35 a.m.,N/A,2:25 p.m.,2:27 p.m.
boston,AA-2525-DFW-MIA,7:25 a.m.,7:39 a.m.,11:10 a.m.,11:06 a.m.
boston,CO-50-CLE-EWR,2:55 p.m.,3:31 p.m.,4:49 p.m.,5:26 p.m.
boston,UA-3099-PHX-PHL,11:55 a.m.,NULL,6:17 p.m.,5:38 p.m.
missing,AA-4198-ORD-CLE,10:40 a.m.,10:54 a.m.,12:55 p.m.,
boston,AA-404-MIA-MCO,6:45 a.m.,N/A,7:45 a.m.,7:40 a.m.
,CO-45-EWR-MIA,4:00 p.m.,3:58 p.m.,7:05 p.m.,6:36 p.m.
,,6:00 a.m.,6:10 a.m.,6:40 a.m.,6:19 a.m.
boston,AA-59-JFK-SFO,7:10 a.m.,7:39 a.m.,10:45 a.m.,11:12 a.m.
NULL,NULL,7:10 a.m.,NULL,3:30 p.m.,NULL
weather,AA-3859-IAH-ORD,7:10 a.m.,7:16 a.m.,,9:32 a.m.
weather,AA-518-MIA-JFK,missing,N/A,9:25 a.m.,9:28 a.m.
missing,UA-397-JFK-SFO,8:00 a.m.,8:29 a.m.,11:55 a.m.,11:58 a.m.
weather,UA-3925-IAD-ORF,8:41 a.m.,NULL,9:54 a.m.,9:43 a.m.
,AA-1733-ORD-PHX,7:45 p.m.,7:58 p.m.,10:30 p.m.,10:30 p.m.
weather,AA-1640-MIA-MCO,6:30 p.m.,6:30 p.m.,,7:25 p.m.
,UA-2830-MCO-CLT,3:27 p.m.,3:27 p.m.,,5:17 p.m.
missing,CO-58-DEN-IAH,11:25 a.m.,11:32 a.m.,2:50 p.m.,3:31 p.m.
weather,AA-1544-SAN-ORD,11:25 a.m.,11:40 a.m.,5:25 p.m.,4:56 p.m.
weather,UA-5487-SFO-MRY,10:39 a.m.,10:33 a.m.,11:19 a.m.,11:21 a.m.
weather,AA-204-LAX-MCO,11:25 p.m.,11:25 p.m.,6:55 a.m.,6:55 a.m.
weather,UA-414-LAX-SFO,6:00 a.m.,5:56 a.m.,7:23 a.m.,7:17 a.m.
weather,AA-3756-ORD-SLC,12:15 p.m.,12:41 p.m.,2:45 p.m.,2:50 p.m.
weather,UA-2726-FLL-PHL,N/A,N/A,6:46 p.m.,6:28 p.m.
weather,CO-1090-BOS-IAH,9:45 a.m.,10:19 a.m.,,1:19 p.m.
weather,AA-3468-CVG-MIA,7:00 a.m.,7:25 a.m.,9:55 a.m.,9:45 a.m.
weather,UA-3515-IAD-MSP,8:15 a.m.,8:12 a.m.,10:06 a.m.,9:56 a.m.
weather,AA-484-DFW-MIA,4:15 p.m.,4:29 p.m.,,
weather,CO-62-IAH-EWR,2:30 p.m.,2:48 p.m.,7:03 p.m.,7:10 p.m.
weather,AA-446-DFW-PHL,11:50 a.m.,12:12 p.m.,3:50 p.m.,NULL
NULL,AA-466-IAH-MIA,N/A,6:08 a.m.,9:20 a.m.,9:05 a.m.
weather,?,11:05 a.m.,11:30 a.m.,missing,5:05 p.m.
weather,CO-89-IAH-EWR,6:00 a.m.,6:02 a.m.,10:20 a.m.,10:27 a.m.
weather,CO-1088-CLE-IAH,8:40 a.m.,8:40 a.m.,10:54 a.m.,10:56 a.m.
weather,AA-1886-BOS-MIA,10:45 a.m.,10:55 a.m.,2:20 p.m.,1:40 p.m.
weather,AA-1664-MIA-ATL,N/A,,12:10 p.m.,11:56 a.m.
weather,AA-3979-CVG-ORD,7:30 a.m.,8:04 a.m.,8:00 a.m.,8:06 a.m.
weather,AA-1279-DFW-PHX,1:00 p.m.,,2:35 p.m.,3:30 p.m.
weather,N/A,12:30 a.m.,12:41 a.m.,5:35 a.m.,
NULL,AA-616-DFW-DTW,9:05 a.m.,10:10 a.m.,12:35 p.m.,1:27 p.m.
weather,missing,11:45 a.m.,12:13 p.m.,2:00 p.m.,2:10 p.m.
weather,UA-2945-PHL-CLT,12:00 a.m.,3:11 a.m.,1:45 p.m.,
N/A,AA-2525-DFW-MIA,7:25 a.m.,7:39 a.m.,11:10 a.m.,11:06 a.m.
weather,AA-271-MIA-LAX,11:35 a.m.,11:52 a.m.,2:25 p.m.,2:27 p.m.
weather,AA-2050-ORD-MIA,10:40 a.m.,11:05 a.m.,2:45 p.m.,2:46 p.m.
weather,AA-1434-DFW-MCO,7:15 a.m.,7:21 a.m.,10:35 a.m.,
?,N/A,8:05 a.m.,8:00 a.m.,11:35 a.m.,11:32 a.m.
weather,AA-4307-ORD-DTW,N/A,NULL,9:10 p.m.,8:53 p.m.
weather,AA-3-JFK-LAX,12:00 p.m.,12:11 p.m.,3:15 p.m.,3:16 p.m.
weather,CO-1694-LAX-IAH,7:15 p.m.,7:15 p.m.,12:21 a.m.,?
,UA-843-LAX-ORD,1:55 p.m.,2:10 p.m.,N/A,7:58 p.m.
,CO-1193-EWR-MCO,9:15 a.m.,9:14 a.m.,12:18 p.m.,12:09 p.m.
weather,AA-3842-MSP-ORD,6:00 a.m.,6:56 a.m.,7:30 a.m.,7:51 a.m.
weather,AA-643-MIA-ORD,NULL,7:30 a.m.,9:35 a.m.,9:31 a.m.
?,UA-2906-PHL-MCO,3:50 p.m.,4:28 p.m.,6:23 p.m.,6:38 p.m.
,UA-938-DEN-ORD,4:16 p.m.,NULL,,7:36 p.m.
weather,AA-1221-MCO-ORD,8:00 p.m.,?,9:45 p.m.,9:53 p.m.
weather,CO-16-LAX-EWR,10:25 a.m.,10:20 a.m.,6:44 p.m.,6:34 p.m.
weather,UA-2515-DFW-CLT,?,7:05 a.m.,10:31 a.m.,10:47 a.m.
missing,AA-400-DFW-JFK,10:40 a.m.,11:01 a.m.,2:59 p.m.,3:04 p.m.
weather,UA-664-ORD-PHL,1:33 p.m.,1:31 p.m.,4:31 p.m.,4:23 p.m.
weather,AA-1522-SFO-ORD,11:55 p.m.,11:55 p.m.,5:50 a.m.,5:50 a.m.
weather,UA-233-LAX-JFK,4:25 p.m.,4:25 p.m.,12:29 a.m.,12:29 a.m.
,AA-3823-LAX-DEN,9:00 p.m.,N/A,12:15 a.m.,12:15 a.m.
weather,AA-2312-DFW-DTW,8:25 p.m.,8:25 p.m.,11:50 p.m.,11:50 p.m.
weather,AA-1165-JFK-MIA,6:59 a.m.,7:22 a.m.,10:34 a.m.,10:04 a.m.
weather,AA-431-MIA-SFO,?,8:51 a.m.,NULL,11:44 a.m.
weather,UA-257-JFK-SFO,NULL,2:26 p.m.,6:15 p.m.,5:42 p.m.
weather,UA-3373-IAD-PHL,8:29 a.m.,missing,9:24 a.m.,9:13 a.m.
weather,AA-649-ORD-SNA,1:30 p.m.,1:30 p.m.,3:50 p.m.,3:50 p.m.
weather,CO-1250-MIA-IAH,2:53 p.m.,3:01 p.m.,4:48 p.m.,4:59 p.m.
weather,UA-6273-YYC-SFO,7:35 a.m.,7:27 a.m.,9:43 a.m.,8:45 a.m.
weather,UA-858-PVG-SFO,1:45 p.m.,1:32 p.m.,8:27 a.m.,8:02 a.m.
weather,UA-2704-DTW-PHX,11:15 a.m.,11:15 a.m.,1:40 p.m.,2:00 p.m.
missing,AA-3063-SLC-LAX,8:20 p.m.,8:39 p.m.,9:20 p.m.,9:20 p.m.
weather,UA-2708-EWR-CLT,2:55 p.m.,2:55 p.m.,?,4:44 p.m.
weather,UA-62-IAH-EWR,,2:48 p.m.,7:03 p.m.,7:10 p.m.
weather,AA-3804-PHL-ORD,2:35 p.m.,2:44 p.m.,missing,3:43 p.m.
weather,AA-1917-JFK-MCO,2:55 p.m.,3:27 p.m.,,5:43 p.m.
weather,?,7:15 a.m.,7:22 a.m.,11:35 a.m.,11:06 a.m.
weather,UA-2314-ATL-PHL,2:55 p.m.,2:55 p.m.,5:00 p.m.,4:47 p.m.
weather,AA-4277-CVG-JFK,12:10 p.m.,12:10 p.m.,2:15 p.m.,1:43 p.m.
weather,NULL,?,8:04 a.m.,11:05 a.m.,11:01 a.m.
missing,UA-37-EDI-EWR,9:05 a.m.,8:52 a.m.,11:53 a.m.,12:09 p.m.
weather,AA-789-ORD-DEN,1:05 p.m.,1:19 p.m.,2:35 p.m.,3:13 p.m.
weather,UA-854-SFO-IAH,,7:49 a.m.,1:39 p.m.,1:30 p.m.
weather,?,?,8:56 a.m.,10:40 a.m.,10:16 a.m.
weather,AA-85-JFK-SFO,3:05 p.m.,,6:30 p.m.,6:43 p.m.
weather,AA-3786-IAH-ORD,NULL,N/A,6:40 p.m.,6:15 p.m.
weather,CO-50-CLE-EWR,2:55 p.m.,3:31 p.m.,4:49 p.m.,5:26 p.m.
,UA-3099-PHX-PHL,11:55 a.m.,11:55 a.m.,6:17 p.m.,5:38 p.m.
weather,AA-4198-ORD-CLE,10:40 a.m.,10:54 a.m.,NULL,NULL
weather,AA-404-MIA-MCO,6:45 a.m.,6:57 a.m.,7:45 a.m.,7:40 a.m.
weather,CO-45-EWR-MIA,4:00 p.m.,3:58 p.m.,N/A,6:36 p.m.
weather,missing,6:00 a.m.,6:10 a.m.,6:40 a.m.,6:19 a.m.
weather,AA-59-JFK-SFO,7:10 a.m.,7:39 a.m.,10:45 a.m.,?
weather,N/A,missing,7:31 a.m.,3:30 p.m.,3:14 p.m.
?,AA-3859-IAH-ORD,7:10 a.m.,,9:40 a.m.,9:32 a.m.
airtravelcenter,CO-1586-IAH-MCO,7:00 p.m.,7:14 p.m.,10:15 p.m.,N/A
airtravelcenter,AA-518-MIA-JFK,6:40 a.m.,6:54 a.m.,9:25 a.m.,N/A
,UA-397-JFK-SFO,8:00 a.m.,8:29 a.m.,11:55 a.m.,11:58 a.m.
airtravelcenter,UA-3925-IAD-ORF,8:41 a.m.,8:42 a.m.,9:54 a.m.,9:43 a.m.
airtravelcenter,AA-1733-ORD-PHX,7:45 p.m.,7:58 p.m.,10:30 p.m.,10:30 p.m.
airtravelcenter,UA-2830-MCO-CLT,NULL,N/A,5:05 p.m.,5:17 p.m.
airtravelcenter,CO-58-DEN-IAH,11:25 a.m.,11:32 a.m.,2:50 p.m.,3:31 p.m.
airtravelcenter,AA-1544-SAN-ORD,11:25 a.m.,11:40 a.m.,5:25 p.m.,4:56 p.m.
airtravelcenter,UA-5487-SFO-MRY,10:39 a.m.,,11:19 a.m.,11:21 a.m.
airtravelcenter,AA-204-LAX-MCO,11:25 p.m.,11:25 p.m.,?,6:55 a.m.
airtravelcenter,UA-414-LAX-SFO,6:00 a.m.,5:56 a.m.,7:23 a.m.,7:17 a.m.
airtravelcenter,CO-1614-LAX-IAH,12:30 a.m.,,5:35 a.m.,5:26 a.m.
airtravelcenter,UA-2726-FLL-PHL,4:00 p.m.,4:00 p.m.,6:46 p.m.,6:28 p.m.
airtravelcenter,CO-52-IAH-LAX,7:35 a.m.,7:29 a.m.,9:21 a.m.,9:14 a.m.
airtravelcenter,CO-1090-BOS-IAH,9:45 a.m.,10:19 a.m.,1:16 p.m.,1:19 p.m.
N/A,AA-616-DFW-DTW,NULL,10:10 a.m.,12:35 p.m.,1:27 p.m.
airtravelcenter,UA-3515-IAD-MSP,8:15 a.m.,8:12 a.m.,10:06 a.m.,9:56 a.m.
airtravelcenter,AA-3468-CVG-MIA,7:00 a.m.,7:25 a.m.,,9:45 a.m.
airtravelcenter,N/A,4:15 p.m.,4:29 p.m.,7:55 p.m.,7:39 p.m.
airtravelcenter,AA-1886-BOS-MIA,10:45 a.m.,10:55 a.m.,2:20 p.m.,
airtravelcenter,CO-62-IAH-EWR,2:30 p.m.,NULL,,7:10 p.m.
airtravelcenter,CO-1561-PHX-IAH,8:05 a.m.,8:00 a.m.,11:35 a.m.,11:32 a.m.
airtravelcenter,UA-2314-ATL-PHL,2:55 p.m.,2:55 p.m.,5:00 p.m.,4:47 p.m.
airtravelcenter,AA-446-DFW-PHL,N/A,12:12 p.m.,3:50 p.m.,4:09 p.m.
airtravelcenter,CO-1023-IAH-DEN,11:40 a.m.,11:56 a.m.,1:17 p.m.,1:14 p.m.
airtravelcenter,N/A,6:00 a.m.,6:08 a.m.,9:20 a.m.,9:05 a.m.
airtravelcenter,UA-3050-PHX-CLT,11:05 a.m.,11:30 a.m.,4:57 p.m.,5:05 p.m.
NULL,CO-89-IAH-EWR,6:00 a.m.,6:02 a.m.,10:20 a.m.,10:27 a.m.
airtravelcenter,CO-1088-CLE-IAH,8:40 a.m.,8:40 a.m.,10:54 a.m.,N/A
airtravelcenter,AA-1664-MIA-ATL,10:15 a.m.,10:18 a.m.,12:10 p.m.,11:56 a.m.
airtravelcenter,AA-1279-DFW-PHX,1:00 p.m.,2:04 p.m.,2:35 p.m.,3:30 p.m.
airtravelcenter,N/A,7:53 a.m.,7:49 a.m.,1:39 p.m.,1:30 p.m.
airtravelcenter,UA-382-IAD-LAX,12:30 p.m.,,3:19 p.m.,missing
airtravelcenter,AA-4344-ORD-DTW,11:45 a.m.,12:13 p.m.,2:00 p.m.,2:10 p.m.
airtravelcenter,UA-257-JFK-SFO,2:30 p.m.,2:26 p.m.,,5:42 p.m.
airtravelcenter,UA-2945-PHL-CLT,12:00 a.m.,3:11 a.m.,1:45 p.m.,1:15 p.m.
airtravelcenter,CO-63-EWR-IAH,5:25 p.m.,5:22 p.m.,?,8:03 p.m.
airtravelcenter,,7:10 p.m.,8:25 p.m.,8:56 p.m.,
airtravelcenter,?,10:40 a.m.,11:05 a.m.,2:45 p.m.,2:46 p.m.
airtravelcenter,UA-248-PHX-ORD,12:57 p.m.,1:32 p.m.,5:15 p.m.,NULL
missing,AA-4330-CVG-ORD,3:35 p.m.,3:36 p.m.,,3:33 p.m.
,AA-1434-DFW-MCO,7:15 a.m.,7:21 a.m.,,10:36 a.m.
airtravelcenter,AA-1640-MIA-MCO,6:30 p.m.,6:30 p.m.,7:25 p.m.,7:25 p.m.
missing,AA-4307-ORD-DTW,6:45 p.m.,6:55 p.m.,9:10 p.m.,8:53 p.m.
airtravelcenter,AA-3-JFK-LAX,12:00 p.m.,12:11 p.m.,3:15 p.m.,3:16 p.m.
,CO-1694-LAX-IAH,7:15 p.m.,7:15 p.m.,12:21 a.m.,12:21 a.m.
airtravelcenter,UA-843-LAX-ORD,1:55 p.m.,2:10 p.m.,7:53 p.m.,7:58 p.m.
,CO-1193-EWR-MCO,9:15 a.m.,9:14 a.m.,12:18 p.m.,12:09 p.m.
airtravelcenter,AA-3842-MSP-ORD,6:00 a.m.,6:56 a.m.,NULL,
airtravelcenter,AA-643-MIA-ORD,7:10 a.m.,7:30 a.m.,9:35 a.m.,9:31 a.m.
airtravelcenter,AA-1007-MIA-PHX,4:55 p.m.,missing,8:05 p.m.,7:55 p.m.
airtravelcenter,AA-2525-DFW-MIA,7:25 a.m.,7:39 a.m.,11:10 a.m.,11:06 a.m.
,UA-2906-PHL-MCO,?,N/A,N/A,6:38 p.m.
airtravelcenter,UA-938-DEN-ORD,4:16 p.m.,,7:35 p.m.,N/A
airtravelcenter,AA-1221-MCO-ORD,8:00 p.m.,,9:45 p.m.,9:53 p.m.
airtravelcenter,CO-16-LAX-EWR,10:25 a.m.,10:20 a.m.,6:44 p.m.,6:34 p.m.
airtravelcenter,N/A,,7:05 a.m.,missing,10:47 a.m.
airtravelcenter,AA-400-DFW-JFK,10:40 a.m.,,missing,3:04 p.m.
,UA-664-ORD-PHL,,,4:31 p.m.,4:23 p.m.
airtravelcenter,missing,NULL,12:41 p.m.,2:45 p.m.,2:50 p.m.
airtravelcenter,UA-37-EWR-MCO,1:29 p.m.,1:48 p.m.,4:17 p.m.,NULL
N/A,AA-1522-SFO-ORD,11:55 p.m.,11:55 p.m.,5:50 a.m.,5:50 a.m.
airtravelcenter,UA-233-LAX-JFK,4:25 p.m.,4:25 p.m.,12:29 a.m.,12:29 a.m.
airtravelcenter,AA-3823-LAX-DEN,9:00 p.m.,9:00 p.m.,12:15 a.m.,12:15 a.m.
airtravelcenter,AA-2312-DFW-DTW,8:25 p.m.,8:25 p.m.,11:50 p.m.,11:50 p.m.
airtravelcenter,AA-1165-JFK-MIA,6:59 a.m.,7:22 a.m.,10:34 a.m.,10:04 a.m.
airtravelcenter,AA-431-MIA-SFO,8:35 a.m.,8:51 a.m.,11:50 a.m.,11:44 a.m.
airtravelcenter,UA-3373-IAD-PHL,8:29 a.m.,8:26 a.m.,9:24 a.m.,NULL
airtravelcenter,,1:30 p.m.,1:30 p.m.,3:50 p.m.,3:50 p.m.
airtravelcenter,CO-1250-MIA-IAH,2:53 p.m.,3:01 p.m.,4:48 p.m.,4:59 p.m.
airtravelcenter,UA-6273-YYC-SFO,7:35 a.m.,7:27 a.m.,9:43 a.m.,NULL
airtravelcenter,UA-828-SFO-ORD,11:08 p.m.,11:08 p.m.,5:11 a.m.,5:11 a.m.
?,CO-4888-IAH-DAL,5:30 p.m.,5:30 p.m.,6:40 p.m.,6:40 p.m.
?,UA-858-PVG-SFO,1:45 p.m.,1:32 p.m.,8:27 a.m.,8:02 a.m.
N/A,UA-2704-DTW-PHX,11:15 a.m.,11:15 a.m.,1:40 p.m.,2:00 p.m.
airtravelcenter,AA-3063-SLC-LAX,8:20 p.m.,8:39 p.m.,9:20 p.m.,9:20 p.m.
missing,UA-2708-EWR-CLT,N/A,2:55 p.m.,4:53 p.m.,4:44 p.m.
airtravelcenter,UA-62-IAH-EWR,2:30 p.m.,2:48 p.m.,missing,7:10 p.m.
airtravelcenter,,,9:16 a.m.,11:45 a.m.,11:56 a.m.
airtravelcenter,AA-3804-PHL-ORD,2:35 p.m.,2:44 p.m.,4:05 p.m.,3:43 p.m.
airtravelcenter,AA-1917-JFK-MCO,2:55 p.m.,3:27 p.m.,5:55 p.m.,5:43 p.m.
airtravelcenter,AA-2268-PHX-ORD,7:15 a.m.,7:22 a.m.,11:35 a.m.,11:06 a.m.
airtravelcenter,?,12:10 p.m.,12:10 p.m.,2:15 p.m.,1:43 p.m.
airtravelcenter,AA-2957-DFW-CVG,7:55 a.m.,8:04 a.m.,11:05 a.m.,
airtravelcenter,UA-37-EDI-EWR,9:05 a.m.,8:52 a.m.,11:53 a.m.,
airtravelcenter,AA-789-ORD-DEN,1:05 p.m.,missing,2:35 p.m.,3:13 p.m.
airtravelcenter,AA-415-BOS-ORD,8:35 a.m.,8:56 a.m.,10:40 a.m.,10:16 a.m.
airtravelcenter,AA-85-JFK-SFO,3:05 p.m.,3:36 p.m.,6:30 p.m.,6:43 p.m.
airtravelcenter,AA-3979-CVG-ORD,7:30 a.m.,8:04 a.m.,8:00 a.m.,8:06 a.m.
airtravelcenter,AA-3786-IAH-ORD,4:00 p.m.,missing,,6:15 p.m.
airtravelcenter,AA-271-MIA-LAX,11:35 a.m.,11:52 a.m.,NULL,2:27 p.m.
airtravelcenter,CO-50-CLE-EWR,2:55 p.m.,3:31 p.m.,4:49 p.m.,5:26 p.m.
airtravelcenter,N/A,11:55 a.m.,11:55 a.m.,6:17 p.m.,N/A
airtravelcenter,AA-4198-ORD-CLE,10:40 a.m.,10:54 a.m.,12:55 p.m.,12:50 p.m.
airtravelcenter,AA-404-MIA-MCO,6:45 a.m.,6:57 a.m.,7:45 a.m.,7:40 a.m.
airtravelcenter,CO-45-EWR-MIA,4:00 p.m.,3:58 p.m.,7:05 p.m.,6:36 p.m.
airtravelcenter,AA-3809-PHX-LAX,6:00 a.m.,6:10 a.m.,6:40 a.m.,6:19 a.m.
airtravelcenter,AA-59-JFK-SFO,7:10 a.m.,7:39 a.m.,10:45 a.m.,11:12 a.m.
airtravelcenter,AA-222-LAX-BOS,7:10 a.m.,7:31 a.m.,3:30 p.m.,N/A
flightview,AA-3859-IAH-ORD,7:10 a.m.,7:16 a.m.,?,9:32 a.m.
flightview,CO-1586-IAH-MCO,7:00 p.m.,7:14 p.m.,,NULL
flightview,AA-518-MIA-JFK,6:40 a.m.,6:54 a.m.,,9:28 a.m.
N/A,UA-397-JFK-SFO,8:00 a.m.,8:29 a.m.,11:55 a.m.,11:58 a.m.
flightview,UA-3925-IAD-ORF,8:41 a.m.,8:42 a.m.,9:54 a.m.,9:43 a.m.
flightview,AA-1733-ORD-PHX,7:45 p.m.,7:58 p.m.,,10:30 p.m.
flightview,AA-3-JFK-LAX,12:00 p.m.,12:11 p.m.,3:15 p.m.,3:16 p.m.
flightview,UA-2830-MCO-CLT,3:27 p.m.,3:27 p.m.,5:05 p.m.,5:17 p.m.
flightview,,11:25 a.m.,11:32 a.m.,NULL,3:31 p.m.
flightview,UA-5487-SFO-MRY,10:39 a.m.,10:33 a.m.,11:19 a.m.,11:21 a.m.
,AA-204-LAX-MCO,?,11:25 p.m.,6:55 a.m.,6:55 a.m.
flightview,UA-414-LAX-SFO,,5:56 a.m.,7:23 a.m.,7:17 a.m.
flightview,CO-1614-LAX-IAH,12:30 a.m.,12:41 a.m.,5:35 a.m.,5:26 a.m.
flightview,UA-2726-FLL-PHL,4:00 p.m.,4:00 p.m.,6:46 p.m.,6:28 p.m.
flightview,CO-52-IAH-LAX,7:35 a.m.,7:29 a.m.,9:21 a.m.,9:14 a.m.
flightview,CO-1090-BOS-IAH,9:45 a.m.,10:19 a.m.,1:16 p.m.,1:19 p.m.
?,AA-616-DFW-DTW,9:05 a.m.,10:10 a.m.,12:35 p.m.,missing
flightview,UA-3515-IAD-MSP,N/A,N/A,10:06 a.m.,9:56 a.m.
flightview,AA-3468-CVG-MIA,7:00 a.m.,7:25 a.m.,9:55 a.m.,9:45 a.m.
flightview,AA-484-DFW-MIA,4:15 p.m.,4:29 p.m.,7:55 p.m.,7:39 p.m.
flightview,,10:45 a.m.,10:55 a.m.,2:20 p.m.,1:40 p.m.
flightview,CO-62-IAH-EWR,?,2:48 p.m.,7:03 p.m.,7:10 p.m.
flightview,CO-1561-PHX-IAH,8:05 a.m.,8:00 a.m.,11:35 a.m.,11:32 a.m.
flightview,UA-2314-ATL-PHL,2:55 p.m.,2:55 p.m.,?,4:47 p.m.
missing,AA-446-DFW-PHL,11:50 a.m.,12:12 p.m.,3:50 p.m.,4:09 p.m.
flightview,CO-1023-IAH-DEN,11:40 a.m.,,1:17 p.m.,1:14 p.m.
flightview,AA-466-IAH-MIA,6:00 a.m.,6:08 a.m.,9:20 a.m.,missing
flightview,UA-3050-PHX-CLT,11:05 a.m.,NULL,4:57 p.m.,5:05 p.m.
flightview,CO-89-IAH-EWR,6:00 a.m.,6:02 a.m.,10:20 a.m.,10:27 a.m.
flightview,CO-1088-CLE-IAH,8:40 a.m.,8:40 a.m.,10:54 a.m.,10:56 a.m.
flightview,AA-1664-MIA-ATL,10:15 a.m.,10:18 a.m.,12:10 p.m.,
flightview,AA-1279-DFW-PHX,1:00 p.m.,2:04 p.m.,2:35 p.m.,
flightview,UA-854-SFO-IAH,7:53 a.m.,7:49 a.m.,1:39 p.m.,1:30 p.m.
flightview,UA-382-IAD-LAX,12:30 p.m.,12:35 p.m.,3:19 p.m.,3:21 p.m.
flightview,AA-4344-ORD-DTW,11:45 a.m.,12:13 p.m.,2:00 p.m.,2:10 p.m.
flightview,UA-257-JFK-SFO,2:30 p.m.,,6:15 p.m.,5:42 p.m.
flightview,UA-2945-PHL-CLT,12:00 a.m.,3:11 a.m.,1:45 p.m.,1:15 p.m.
flightview,CO-63-EWR-IAH,5:25 p.m.,5:22 p.m.,?,
flightview,CO-47-IAH-LAX,missing,8:25 p.m.,8:56 p.m.,9:52 p.m.
,AA-2050-ORD-MIA,10:40 a.m.,,2:45 p.m.,2:46 p.m.
flightview,UA-248-PHX-ORD,12:57 p.m.,1:32 p.m.,5:15 p.m.,5:34 p.m.
flightview,,3:35 p.m.,3:36 p.m.,4:00 p.m.,3:33 p.m.
flightview,AA-1434-DFW-MCO,7:15 a.m.,NULL,10:35 a.m.,10:36 a.m.
flightview,,,,7:25 p.m.,7:25 p.m.
flightview,AA-4307-ORD-DTW,6:45 p.m.,6:55 p.m.,9:10 p.m.,8:53 p.m.
flightview,CO-1694-LAX-IAH,7:15 p.m.,7:15 p.m.,12:21 a.m.,?
flightview,UA-843-LAX-ORD,1:55 p.m.,2:10 p.m.,7:53 p.m.,7:58 p.m.
flightview,CO-1193-EWR-MCO,9:15 a.m.,9:14 a.m.,missing,N/A
flightview,AA-3842-MSP-ORD,6:00 a.m.,6:56 a.m.,7:30 a.m.,7:51 a.m.
?,NULL,7:10 a.m.,7:30 a.m.,missing,9:31 a.m.
,AA-1007-MIA-PHX,4:55 p.m.,5:08 p.m.,8:05 p.m.,missing
,UA-2906-PHL-MCO,3:50 p.m.,4:28 p.m.,6:23 p.m.,6:38 p.m.
flightview,UA-938-DEN-ORD,4:16 p.m.,4:15 p.m.,7:35 p.m.,7:36 p.m.
flightview,AA-1221-MCO-ORD,8:00 p.m.,8:23 p.m.,NULL,9:53 p.m.
?,CO-16-LAX-EWR,,10:20 a.m.,?,
flightview,UA-2515-DFW-CLT,7:05 a.m.,7:05 a.m.,10:31 a.m.,10:47 a.m.
?,NULL,10:40 a.m.,11:01 a.m.,2:59 p.m.,3:04 p.m.
flightview,UA-664-ORD-PHL,1:33 p.m.,NULL,4:31 p.m.,4:23 p.m.
flightview,AA-3756-ORD-SLC,12:15 p.m.,12:41 p.m.,2:45 p.m.,2:50 p.m.
flightview,UA-37-EWR-MCO,1:29 p.m.,1:48 p.m.,N/A,
flightview,AA-1522-SFO-ORD,11:55 p.m.,?,5:50 a.m.,5:50 a.m.
flightview,UA-233-LAX-JFK,4:25 p.m.,4:25 p.m.,12:29 a.m.,12:29 a.m.
flightview,AA-3823-LAX-DEN,9:00 p.m.,9:00 p.m.,12:15 a.m.,12:15 a.m.
flightview,AA-2312-DFW-DTW,8:25 p.m.,8:25 p.m.,11:50 p.m.,11:50 p.m.
flightview,AA-1165-JFK-MIA,?,7:22 a.m.,10:34 a.m.,10:04 a.m.
NULL,N/A,8:35 a.m.,8:51 a.m.,missing,11:44 a.m.
flightview,NULL,8:29 a.m.,8:26 a.m.,9:24 a.m.,9:13 a.m.
flightview,AA-649-ORD-SNA,1:30 p.m.,1:30 p.m.,3:50 p.m.,3:50 p.m.
flightview,CO-1250-MIA-IAH,2:53 p.m.,3:01 p.m.,4:48 p.m.,4:59 p.m.
flightview,UA-6273-YYC-SFO,7:35 a.m.,7:27 a.m.,,8:45 a.m.
,UA-828-SFO-ORD,11:08 p.m.,11:08 p.m.,5:11 a.m.,5:11 a.m.
flightview,CO-4888-IAH-DAL,?,5:30 p.m.,6:40 p.m.,6:40 p.m.
flightview,UA-858-PVG-SFO,1:45 p.m.,1:32 p.m.,8:27 a.m.,8:02 a.m.
flightview,UA-2704-DTW-PHX,11:15 a.m.,,1:40 p.m.,2:00 p.m.
flightview,AA-3063-SLC-LAX,8:20 p.m.,NULL,9:20 p.m.,9:20 p.m.
flightview,UA-2708-EWR-CLT,2:55 p.m.,2:55 p.m.,,4:44 p.m.
flightview,UA-62-IAH-EWR,?,2:48 p.m.,,7:10 p.m.
flightview,UA-1500-IAH-GUA,8:55 a.m.,9:16 a.m.,11:45 a.m.,11:56 a.m.
flightview,AA-3804-PHL-ORD,,2:44 p.m.,4:05 p.m.,missing
flightview,AA-1917-JFK-MCO,?,3:27 p.m.,5:55 p.m.,5:43 p.m.
flightview,AA-2268-PHX-ORD,7:15 a.m.,7:22 a.m.,11:35 a.m.,N/A
flightview,AA-4277-CVG-JFK,12:10 p.m.,12:10 p.m.,2:15 p.m.,1:43 p.m.
,AA-2957-DFW-CVG,7:55 a.m.,8:04 a.m.,missing,11:01 a.m.
NULL,UA-37-EDI-EWR,?,8:52 a.m.,11:53 a.m.,12:09 p.m.
?,,1:05 p.m.,1:19 p.m.,2:35 p.m.,3:13 p.m.
flightview,AA-415-BOS-ORD,8:35 a.m.,8:56 a.m.,NULL,10:16 a.m.
flightview,AA-85-JFK-SFO,3:05 p.m.,?,6:30 p.m.,6:43 p.m.
flightview,AA-3979-CVG-ORD,7:30 a.m.,8:04 a.m.,8:00 a.m.,8:06 a.m.
flightview,AA-1544-SAN-ORD,11:25 a.m.,11:40 a.m.,NULL,4:56 p.m.
flightview,AA-3786-IAH-ORD,4:00 p.m.,4:12 p.m.,6:40 p.m.,6:15 p.m.
flightview,AA-271-MIA-LAX,?,11:52 a.m.,2:25 p.m.,2:27 p.m.
flightview,AA-2525-DFW-MIA,7:25 a.m.,7:39 a.m.,11:10 a.m.,11:06 a.m.
flightview,CO-50-CLE-EWR,N/A,3:31 p.m.,4:49 p.m.,N/A
flightview,UA-3099-PHX-PHL,11:55 a.m.,11:55 a.m.,,5:38 p.m.
flightview,AA-4198-ORD-CLE,10:40 a.m.,10:54 a.m.,12:55 p.m.,12:50 p.m.
flightview,AA-404-MIA-MCO,6:45 a.m.,6:57 a.m.,7:45 a.m.,7:40 a.m.
flightview,CO-45-EWR-MIA,4:00 p.m.,3:58 p.m.,7:05 p.m.,?
flightview,,?,6:10 a.m.,6:40 a.m.,6:19 a.m.
flightview,AA-59-JFK-SFO,7:10 a.m.,7:39 a.m.,10:45 a.m.,11:12 a.m.
N/A,AA-222-LAX-BOS,7:10 a.m.,7:31 a.m.,3:30 p.m.,3:14 p.m.
flightstats,AA-3859-IAH-ORD,N/A,7:16 a.m.,9:40 a.m.,9:32 a.m.
flightstats,CO-1586-IAH-MCO,7:00 p.m.,7:14 p.m.,10:15 p.m.,10:29 p.m.
flightstats,AA-518-MIA-JFK,6:40 a.m.,6:54 a.m.,9:25 a.m.,9:28 a.m.
missing,UA-397-JFK-SFO,8:00 a.m.,8:29 a.m.,11:55 a.m.,11:58 a.m.
flightstats,UA-3925-IAD-ORF,8:41 a.m.,8:42 a.m.,9:54 a.m.,9:43 a.m.
flightstats,AA-1733-ORD-PHX,7:45 p.m.,NULL,10:30 p.m.,N/A
flightstats,AA-4344-ORD-DTW,11:45 a.m.,12:13 p.m.,2:00 p.m.,2:10 p.m.
flightstats,NULL,,6:30 p.m.,7:25 p.m.,7:25 p.m.
missing,UA-2830-MCO-CLT,3:27 p.m.,3:27 p.m.,5:05 p.m.,N/A
flightstats,CO-58-DEN-IAH,?,11:32 a.m.,2:50 p.m.,3:31 p.m.
flightstats,NULL,11:25 p.m.,11:25 p.m.,6:55 a.m.,6:55 a.m.
flightstats,UA-414-LAX-SFO,6:00 a.m.,5:56 a.m.,7:23 a.m.,7:17 a.m.
flightstats,CO-1614-LAX-IAH,12:30 a.m.,12:41 a.m.,NULL,5:26 a.m.
flightstats,UA-2726-FLL-PHL,4:00 p.m.,4:00 p.m.,6:46 p.m.,
flightstats,CO-52-IAH-LAX,7:35 a.m.,7:29 a.m.,9:21 a.m.,9:14 a.m.
flightstats,CO-1090-BOS-IAH,9:45 a.m.,10:19 a.m.,N/A,1:19 p.m.
flightstats,?,7:00 a.m.,7:25 a.m.,9:55 a.m.,9:45 a.m.
NULL,UA-3515-IAD-MSP,8:15 a.m.,8:12 a.m.,10:06 a.m.,9:56 a.m.
flightstats,AA-484-DFW-MIA,4:15 p.m.,missing,7:55 p.m.,7:39 p.m.
flightstats,AA-616-DFW-DTW,9:05 a.m.,10:10 a.m.,12:35 p.m.,1:27 p.m.
flightstats,CO-62-IAH-EWR,2:30 p.m.,2:48 p.m.,7:03 p.m.,?
flightstats,CO-63-EWR-IAH,missing,5:22 p.m.,N/A,8:03 p.m.
flightstats,AA-446-DFW-PHL,11:50 a.m.,12:12 p.m.,3:50 p.m.,4:09 p.m.
flightstats,CO-1023-IAH-DEN,11:40 a.m.,11:56 a.m.,1:17 p.m.,1:14 p.m.
flightstats,AA-466-IAH-MIA,6:00 a.m.,6:08 a.m.,9:20 a.m.,9:05 a.m.
flightstats,UA-3050-PHX-CLT,,11:30 a.m.,4:57 p.m.,5:05 p.m.
flightstats,,6:00 a.m.,6:02 a.m.,10:20 a.m.,10:27 a.m.
flightstats,CO-1088-CLE-IAH,8:40 a.m.,8:40 a.m.,10:54 a.m.,NULL
flightstats,AA-2957-DFW-CVG,7:55 a.m.,8:04 a.m.,11:05 a.m.,11:01 a.m.
flightstats,AA-1664-MIA-ATL,10:15 a.m.,10:18 a.m.,NULL,N/A
flightstats,AA-3979-CVG-ORD,N/A,8:04 a.m.,8:00 a.m.,NULL
flightstats,AA-1279-DFW-PHX,1:00 p.m.,,2:35 p.m.,3:30 p.m.
flightstats,,6:45 a.m.,6:57 a.m.,7:45 a.m.,7:40 a.m.
flightstats,AA-3756-ORD-SLC,12:15 p.m.,12:41 p.m.,?,
flightstats,UA-382-IAD-LAX,?,12:35 p.m.,3:19 p.m.,3:21 p.m.
flightstats,UA-2945-PHL-CLT,12:00 a.m.,3:11 a.m.,1:45 p.m.,1:15 p.m.
flightstats,NULL,missing,8:25 p.m.,,9:52 p.m.
?,,11:35 a.m.,11:52 a.m.,,2:27 p.m.
flightstats,AA-2050-ORD-MIA,10:40 a.m.,?,2:45 p.m.,missing
flightstats,UA-248-PHX-ORD,,1:32 p.m.,5:15 p.m.,5:34 p.m.
flightstats,NULL,,3:36 p.m.,4:00 p.m.,3:33 p.m.
?,AA-1434-DFW-MCO,7:15 a.m.,7:21 a.m.,10:35 a.m.,10:36 a.m.
flightstats,CO-1561-PHX-IAH,8:05 a.m.,8:00 a.m.,11:35 a.m.,11:32 a.m.
flightstats,AA-4307-ORD-DTW,6:45 p.m.,?,9:10 p.m.,8:53 p.m.
flightstats,?,12:00 p.m.,12:11 p.m.,N/A,3:16 p.m.
flightstats,CO-1694-LAX-IAH,7:15 p.m.,7:15 p.m.,12:21 a.m.,12:21 a.m.
N/A,UA-843-LAX-ORD,1:55 p.m.,2:10 p.m.,7:53 p.m.,NULL
flightstats,CO-1193-EWR-MCO,missing,9:14 a.m.,12:18 p.m.,12:09 p.m.
flightstats,AA-3842-MSP-ORD,N/A,6:56 a.m.,7:30 a.m.,7:51 a.m.
flightstats,AA-643-MIA-ORD,missing,7:30 a.m.,9:35 a.m.,9:31 a.m.
flightstats,AA-1007-MIA-PHX,4:55 p.m.,5:08 p.m.,8:05 p.m.,7:55 p.m.
,AA-2525-DFW-MIA,7:25 a.m.,7:39 a.m.,NULL,11:06 a.m.
flightstats,UA-2906-PHL-MCO,3:50 p.m.,,missing,6:38 p.m.
flightstats,UA-938-DEN-ORD,4:16 p.m.,4:15 p.m.,7:35 p.m.,7:36 p.m.
flightstats,AA-1221-MCO-ORD,8:00 p.m.,8:23 p.m.,9:45 p.m.,9:53 p.m.
flightstats,CO-16-LAX-EWR,10:25 a.m.,?,6:44 p.m.,6:34 p.m.
flightstats,UA-2515-DFW-CLT,7:05 a.m.,7:05 a.m.,10:31 a.m.,10:47 a.m.
,AA-400-DFW-JFK,10:40 a.m.,11:01 a.m.,2:59 p.m.,3:04 p.m.
flightstats,UA-664-ORD-PHL,1:33 p.m.,1:31 p.m.,4:31 p.m.,4:23 p.m.
,UA-37-EWR-MCO,,1:48 p.m.,4:17 p.m.,4:17 p.m.
flightstats,AA-1522-SFO-ORD,11:55 p.m.,11:55 p.m.,5:50 a.m.,5:50 a.m.
flightstats,UA-233-LAX-JFK,4:25 p.m.,4:25 p.m.,12:29 a.m.,12:29 a.m.
flightstats,AA-3823-LAX-DEN,9:00 p.m.,9:00 p.m.,12:15 a.m.,
flightstats,AA-2312-DFW-DTW,missing,8:25 p.m.,11:50 p.m.,11:50 p.m.
flightstats,UA-2314-ATL-PHL,2:55 p.m.,2:55 p.m.,5:00 p.m.,4:47 p.m.
flightstats,AA-1165-JFK-MIA,6:59 a.m.,7:22 a.m.,10:34 a.m.,10:04 a.m.
flightstats,,8:35 a.m.,8:51 a.m.,11:50 a.m.,N/A
flightstats,UA-257-JFK-SFO,2:30 p.m.,,missing,5:42 p.m.
flightstats,UA-3373-IAD-PHL,8:29 a.m.,N/A,9:24 a.m.,9:13 a.m.
flightstats,CO-1250-MIA-IAH,2:53 p.m.,3:01 p.m.,4:48 p.m.,4:59 p.m.
flightstats,UA-828-SFO-ORD,?,11:08 p.m.,5:11 a.m.,5:11 a.m.
flightstats,missing,5:30 p.m.,5:30 p.m.,6:40 p.m.,6:40 p.m.
flightstats,UA-2704-DTW-PHX,11:15 a.m.,,1:40 p.m.,2:00 p.m.
flightstats,AA-3063-SLC-LAX,8:20 p.m.,8:39 p.m.,9:20 p.m.,9:20 p.m.
flightstats,UA-2708-EWR-CLT,2:55 p.m.,2:55 p.m.,N/A,
flightstats,UA-62-IAH-EWR,N/A,,7:03 p.m.,
flightstats,AA-3804-PHL-ORD,2:35 p.m.,2:44 p.m.,4:05 p.m.,3:43 p.m.
flightstats,?,2:55 p.m.,3:27 p.m.,5:55 p.m.,5:43 p.m.
flightstats,AA-2268-PHX-ORD,?,7:22 a.m.,11:35 a.m.,11:06 a.m.
flightstats,AA-4277-CVG-JFK,missing,12:10 p.m.,2:15 p.m.,1:43 p.m.
?,AA-789-ORD-DEN,1:05 p.m.,1:19 p.m.,2:35 p.m.,3:13 p.m.
flightstats,UA-854-SFO-IAH,7:53 a.m.,7:49 a.m.,1:39 p.m.,1:30 p.m.
flightstats,AA-415-BOS-ORD,8:35 a.m.,N/A,10:40 a.m.,10:16 a.m.
flightstats,AA-85-JFK-SFO,3:05 p.m.,3:36 p.m.,6:30 p.m.,6:43 p.m.
flightstats,AA-3786-IAH-ORD,?,4:12 p.m.,6:40 p.m.,6:15 p.m.
flightstats,AA-222-LAX-BOS,7:10 a.m.,,3:30 p.m.,3:14 p.m.
flightstats,CO-50-CLE-EWR,2:55 p.m.,3:31 p.m.,4:49 p.m.,5:26 p.m.
flightstats,UA-3099-PHX-PHL,11:55 a.m.,11:55 a.m.,6:17 p.m.,5:38 p.m.
flightstats,,10:40 a.m.,10:54 a.m.,12:55 p.m.,12:50 p.m.
flightstats,CO-45-EWR-MIA,4:00 p.m.,3:58 p.m.,,6:36 p.m.
,AA-3809-PHX-LAX,6:00 a.m.,6:10 a.m.,6:40 a.m.,6:19 a.m.
flightstats,AA-59-JFK-SFO,7:10 a.m.,7:39 a.m.,10:45 a.m.,11:12 a.m.
panynj,AA-3859-IAH-ORD,?,7:16 a.m.,missing,9:32 a.m.
panynj,CO-1586-IAH-MCO,7:00 p.m.,7:14 p.m.,10:15 p.m.,10:29 p.m.
panynj,AA-518-MIA-JFK,6:40 a.m.,6:54 a.m.,9:25 a.m.,9:28 a.m.
panynj,missing,8:00 a.m.,8:29 a.m.,N/A,
panynj,UA-3925-IAD-ORF,8:41 a.m.,8:42 a.m.,9:54 a.m.,9:43 a.m.
panynj,AA-1733-ORD-PHX,NULL,7:58 p.m.,10:30 p.m.,?
panynj,AA-3-JFK-LAX,12:00 p.m.,12:11 p.m.,3:15 p.m.,3:16 p.m.
panynj,UA-2830-MCO-CLT,3:27 p.m.,3:27 p.m.,5:05 p.m.,5:17 p.m.
panynj,,11:25 a.m.,11:32 a.m.,2:50 p.m.,NULL
panynj,UA-5487-SFO-MRY,10:39 a.m.,10:33 a.m.,missing,11:21 a.m.
panynj,AA-204-LAX-MCO,11:25 p.m.,11:25 p.m.,6:55 a.m.,missing
panynj,UA-414-LAX-SFO,6:00 a.m.,5:56 a.m.,7:23 a.m.,7:17 a.m.
panynj,CO-1614-LAX-IAH,12:30 a.m.,12:41 a.m.,5:35 a.m.,5:26 a.m.
panynj,UA-2726-FLL-PHL,4:00 p.m.,4:00 p.m.,6:46 p.m.,6:28 p.m.
,CO-52-IAH-LAX,7:35 a.m.,7:29 a.m.,,9:14 a.m.
panynj,missing,9:45 a.m.,10:19 a.m.,1:16 p.m.,missing
panynj,AA-616-DFW-DTW,9:05 a.m.,10:10 a.m.,,1:27 p.m.
panynj,?,8:15 a.m.,8:12 a.m.,10:06 a.m.,9:56 a.m.
panynj,,7:00 a.m.,7:25 a.m.,9:55 a.m.,9:45 a.m.
,AA-484-DFW-MIA,4:15 p.m.,4:29 p.m.,N/A,7:39 p.m.
panynj,AA-1886-BOS-MIA,10:45 a.m.,N/A,2:20 p.m.,1:40 p.m.
panynj,CO-62-IAH-EWR,2:30 p.m.,2:48 p.m.,NULL,
panynj,CO-1561-PHX-IAH,8:05 a.m.,8:00 a.m.,?,11:32 a.m.
panynj,UA-2314-ATL-PHL,2:55 p.m.,2:55 p.m.,5:00 p.m.,missing
panynj,AA-446-DFW-PHL,11:50 a.m.,12:12 p.m.,3:50 p.m.,4:09 p.m.
panynj,CO-1023-IAH-DEN,11:40 a.m.,11:56 a.m.,1:17 p.m.,1:14 p.m.
panynj,AA-466-IAH-MIA,6:00 a.m.,6:08 a.m.,9:20 a.m.,
panynj,NULL,11:05 a.m.,NULL,,5:05 p.m.
panynj,CO-89-IAH-EWR,6:00 a.m.,6:02 a.m.,10:20 a.m.,10:27 a.m.
panynj,missing,8:40 a.m.,8:40 a.m.,10:54 a.m.,N/A
panynj,AA-1664-MIA-ATL,10:15 a.m.,10:18 a.m.,12:10 p.m.,11:56 a.m.
panynj,AA-1279-DFW-PHX,1:00 p.m.,2:04 p.m.,2:35 p.m.,
panynj,UA-854-SFO-IAH,7:53 a.m.,7:49 a.m.,,1:30 p.m.
panynj,UA-382-IAD-LAX,12:30 p.m.,12:35 p.m.,3:19 p.m.,3:21 p.m.
panynj,,11:45 a.m.,12:13 p.m.,missing,2:10 p.m.
panynj,UA-257-JFK-SFO,2:30 p.m.,missing,6:15 p.m.,5:42 p.m.
panynj,UA-2945-PHL-CLT,12:00 a.m.,N/A,1:45 p.m.,missing
panynj,CO-63-EWR-IAH,5:25 p.m.,5:22 p.m.,N/A,8:03 p.m.
panynj,CO-47-IAH-LAX,7:10 p.m.,8:25 p.m.,8:56 p.m.,9:52 p.m.
panynj,AA-2050-ORD-MIA,10:40 a.m.,11:05 a.m.,2:45 p.m.,2:46 p.m.
panynj,UA-248-PHX-ORD,12:57 p.m.,NULL,N/A,5:34 p.m.
panynj,AA-4330-CVG-ORD,3:35 p.m.,?,4:00 p.m.,3:33 p.m.
panynj,NULL,7:15 a.m.,7:21 a.m.,10:35 a.m.,10:36 a.m.
panynj,AA-1640-MIA-MCO,NULL,6:30 p.m.,7:25 p.m.,7:25 p.m.
panynj,AA-4307-ORD-DTW,NULL,?,,8:53 p.m.
panynj,CO-1694-LAX-IAH,7:15 p.m.,7:15 p.m.,12:21 a.m.,12:21 a.m.
panynj,UA-843-LAX-ORD,1:55 p.m.,2:10 p.m.,7:53 p.m.,7:58 p.m.
missing,CO-1193-EWR-MCO,9:15 a.m.,9:14 a.m.,12:18 p.m.,12:09 p.m.
panynj,AA-3842-MSP-ORD,6:00 a.m.,missing,7:30 a.m.,7:51 a.m.
panynj,AA-643-MIA-ORD,7:10 a.m.,missing,9:35 a.m.,9:31 a.m.
panynj,AA-1007-MIA-PHX,N/A,5:08 p.m.,8:05 p.m.,7:55 p.m.
panynj,UA-2906-PHL-MCO,3:50 p.m.,4:28 p.m.,6:23 p.m.,6:38 p.m.
panynj,UA-938-DEN-ORD,4:16 p.m.,4:15 p.m.,7:35 p.m.,7:36 p.m.
N/A,AA-1221-MCO-ORD,8:00 p.m.,8:23 p.m.,N/A,9:53 p.m.
panynj,CO-16-LAX-EWR,10:25 a.m.,10:20 a.m.,6:44 p.m.,6:34 p.m.
panynj,UA-2515-DFW-CLT,7:05 a.m.,7:05 a.m.,10:31 a.m.,10:47 a.m.
,AA-400-DFW-JFK,10:40 a.m.,11:01 a.m.,2:59 p.m.,NULL
panynj,UA-664-ORD-PHL,1:33 p.m.,1:31 p.m.,4:31 p.m.,4:23 p.m.
panynj,AA-3756-ORD-SLC,12:15 p.m.,12:41 p.m.,2:45 p.m.,2:50 p.m.
panynj,UA-37-EWR-MCO,1:29 p.m.,1:48 p.m.,4:17 p.m.,missing
panynj,AA-1522-SFO-ORD,11:55 p.m.,11:55 p.m.,5:50 a.m.,5:50 a.m.
panynj,UA-233-LAX-JFK,4:25 p.m.,4:25 p.m.,12:29 a.m.,12:29 a.m.
panynj,AA-3823-LAX-DEN,9:00 p.m.,9:00 p.m.,12:15 a.m.,12:15 a.m.
panynj,AA-2312-DFW-DTW,8:25 p.m.,8:25 p.m.,11:50 p.m.,NULL
?,AA-1165-JFK-MIA,NULL,7:22 a.m.,10:34 a.m.,10:04 a.m.
panynj,AA-431-MIA-SFO,8:35 a.m.,8:51 a.m.,11:50 a.m.,missing
,UA-3373-IAD-PHL,8:29 a.m.,8:26 a.m.,9:24 a.m.,
panynj,AA-649-ORD-SNA,1:30 p.m.,1:30 p.m.,3:50 p.m.,3:50 p.m.
panynj,CO-1250-MIA-IAH,2:53 p.m.,3:01 p.m.,4:48 p.m.,4:59 p.m.
panynj,UA-6273-YYC-SFO,7:35 a.m.,7:27 a.m.,9:43 a.m.,8:45 a.m.
panynj,UA-828-SFO-ORD,11:08 p.m.,11:08 p.m.,5:11 a.m.,5:11 a.m.
panynj,CO-4888-IAH-DAL,?,5:30 p.m.,6:40 p.m.,6:40 p.m.
panynj,UA-858-PVG-SFO,1:45 p.m.,1:32 p.m.,NULL,8:02 a.m.
panynj,UA-2704-DTW-PHX,11:15 a.m.,,missing,2:00 p.m.
panynj,,8:20 p.m.,8:39 p.m.,9:20 p.m.,NULL
panynj,UA-2708-EWR-CLT,2:55 p.m.,2:55 p.m.,4:53 p.m.,4:44 p.m.
panynj,UA-62-IAH-EWR,2:30 p.m.,2:48 p.m.,,7:10 p.m.
panynj,UA-1500-IAH-GUA,8:55 a.m.,9:16 a.m.,missing,missing
panynj,AA-3804-PHL-ORD,2:35 p.m.,2:44 p.m.,4:05 p.m.,3:43 p.m.
,AA-1917-JFK-MCO,NULL,3:27 p.m.,5:55 p.m.,NULL
panynj,AA-2268-PHX-ORD,7:15 a.m.,7:22 a.m.,11:35 a.m.,11:06 a.m.
panynj,,12:10 p.m.,12:10 p.m.,2:15 p.m.,1:43 p.m.
?,AA-2957-DFW-CVG,7:55 a.m.,8:04 a.m.,11:05 a.m.,11:01 a.m.
panynj,UA-37-EDI-EWR,9:05 a.m.,8:52 a.m.,N/A,12:09 p.m.
panynj,AA-789-ORD-DEN,1:05 p.m.,?,2:35 p.m.,3:13 p.m.
panynj,AA-415-BOS-ORD,8:35 a.m.,8:56 a.m.,10:40 a.m.,10:16 a.m.
panynj,AA-85-JFK-SFO,3:05 p.m.,,6:30 p.m.,6:43 p.m.
panynj,AA-3979-CVG-ORD,7:30 a.m.,8:04 a.m.,8:00 a.m.,8:06 a.m.
panynj,AA-1544-SAN-ORD,?,N/A,5:25 p.m.,4:56 p.m.
missing,AA-3786-IAH-ORD,4:00 p.m.,NULL,6:40 p.m.,6:15 p.m.
panynj,AA-271-MIA-LAX,11:35 a.m.,?,2:25 p.m.,2:27 p.m.
panynj,AA-2525-DFW-MIA,7:25 a.m.,7:39 a.m.,?,11:06 a.m.
panynj,CO-50-CLE-EWR,2:55 p.m.,3:31 p.m.,missing,5:26 p.m.
panynj,UA-3099-PHX-PHL,11:55 a.m.,11:55 a.m.,6:17 p.m.,5:38 p.m.
panynj,AA-4198-ORD-CLE,,10:54 a.m.,N/A,12:50 p.m.
panynj,NULL,6:45 a.m.,6:57 a.m.,7:45 a.m.,7:40 a.m.
N/A,CO-45-EWR-MIA,4:00 p.m.,3:58 p.m.,,6:36 p.m.
panynj,AA-3809-PHX-LAX,6:00 a.m.,6:10 a.m.,6:40 a.m.,6:19 a.m.
panynj,AA-59-JFK-SFO,7:10 a.m.,?,,11:12 a.m.
panynj,AA-222-LAX-BOS,7:10 a.m.,7:31 a.m.,3:30 p.m.,3:14 p.m.
flightexplorer,AA-3859-IAH-ORD,7:10 a.m.,7:16 a.m.,9:40 a.m.,9:32 a.m.
flightexplorer,AA-1733-ORD-PHX,7:45 p.m.,7:58 p.m.,10:30 p.m.,?
flightexplorer,CO-1586-IAH-MCO,7:00 p.m.,7:14 p.m.,10:15 p.m.,10:29 p.m.
flightexplorer,UA-397-JFK-SFO,8:00 a.m.,8:29 a.m.,11:55 a.m.,11:58 a.m.
flightexplorer,UA-3925-IAD-ORF,8:41 a.m.,8:42 a.m.,9:54 a.m.,9:43 a.m.
flightexplorer,AA-1640-MIA-MCO,missing,6:30 p.m.,7:25 p.m.,7:25 p.m.
flightexplorer,AA-1544-SAN-ORD,missing,missing,NULL,4:56 p.m.
flightexplorer,UA-5487-SFO-MRY,10:39 a.m.,10:33 a.m.,11:19 a.m.,11:21 a.m.
flightexplorer,,11:25 p.m.,11:25 p.m.,N/A,?
flightexplorer,UA-414-LAX-SFO,6:00 a.m.,5:56 a.m.,7:23 a.m.,7:17 a.m.
flightexplorer,CO-1614-LAX-IAH,12:30 a.m.,12:41 a.m.,5:35 a.m.,5:26 a.m.
flightexplorer,AA-3756-ORD-SLC,12:15 p.m.,12:41 p.m.,2:45 p.m.,2:50 p.m.
flightexplorer,AA-3468-CVG-MIA,7:00 a.m.,7:25 a.m.,9:55 a.m.,9:45 a.m.
flightexplorer,AA-484-DFW-MIA,4:15 p.m.,4:29 p.m.,7:55 p.m.,7:39 p.m.
flightexplorer,AA-616-DFW-DTW,9:05 a.m.,10:10 a.m.,,1:27 p.m.
flightexplorer,AA-446-DFW-PHL,11:50 a.m.,12:12 p.m.,3:50 p.m.,4:09 p.m.
flightexplorer,CO-1023-IAH-DEN,11:40 a.m.,11:56 a.m.,1:17 p.m.,1:14 p.m.
flightexplorer,AA-466-IAH-MIA,6:00 a.m.,6:08 a.m.,9:20 a.m.,9:05 a.m.
flightexplorer,AA-2957-DFW-CVG,7:55 a.m.,8:04 a.m.,11:05 a.m.,11:01 a.m.
flightexplorer,AA-1664-MIA-ATL,10:15 a.m.,10:18 a.m.,12:10 p.m.,11:56 a.m.
flightexplorer,AA-3979-CVG-ORD,7:30 a.m.,8:04 a.m.,8:00 a.m.,8:06 a.m.
flightexplorer,AA-1279-DFW-PHX,,,2:35 p.m.,3:30 p.m.
flightexplorer,UA-382-IAD-LAX,12:30 p.m.,12:35 p.m.,3:19 p.m.,3:21 p.m.
flightexplorer,N/A,11:45 a.m.,12:13 p.m.,2:00 p.m.,2:10 p.m.
flightexplorer,UA-257-JFK-SFO,2:30 p.m.,missing,6:15 p.m.,5:42 p.m.
flightexplorer,AA-271-MIA-LAX,11:35 a.m.,11:52 a.m.,2:25 p.m.,N/A
flightexplorer,NULL,10:40 a.m.,11:05 a.m.,2:45 p.m.,2:46 p.m.
flightexplorer,UA-248-PHX-ORD,12:57 p.m.,,5:15 p.m.,5:34 p.m.
flightexplorer,AA-4330-CVG-ORD,3:35 p.m.,3:36 p.m.,4:00 p.m.,missing
,AA-1434-DFW-MCO,7:15 a.m.,7:21 a.m.,N/A,10:36 a.m.
flightexplorer,AA-4307-ORD-DTW,6:45 p.m.,6:55 p.m.,9:10 p.m.,8:53 p.m.
flightexplorer,AA-3-JFK-LAX,NULL,12:11 p.m.,3:15 p.m.,N/A
flightexplorer,CO-1193-EWR-MCO,9:15 a.m.,9:14 a.m.,12:18 p.m.,12:09 p.m.
missing,N/A,6:00 a.m.,6:56 a.m.,7:30 a.m.,7:51 a.m.
flightexplorer,AA-643-MIA-ORD,7:10 a.m.,7:30 a.m.,9:35 a.m.,9:31 a.m.
?,AA-1007-MIA-PHX,4:55 p.m.,5:08 p.m.,8:05 p.m.,7:55 p.m.
flightexplorer,AA-2525-DFW-MIA,7:25 a.m.,7:39 a.m.,11:10 a.m.,11:06 a.m.
N/A,UA-938-DEN-ORD,4:16 p.m.,4:15 p.m.,7:35 p.m.,7:36 p.m.
flightexplorer,AA-1221-MCO-ORD,8:00 p.m.,8:23 p.m.,9:45 p.m.,9:53 p.m.
flightexplorer,AA-1886-BOS-MIA,10:45 a.m.,10:55 a.m.,2:20 p.m.,1:40 p.m.
flightexplorer,UA-664-ORD-PHL,1:33 p.m.,1:31 p.m.,4:31 p.m.,4:23 p.m.
NULL,NULL,1:29 p.m.,1:48 p.m.,4:17 p.m.,4:17 p.m.
,AA-1522-SFO-ORD,11:55 p.m.,11:55 p.m.,5:50 a.m.,5:50 a.m.
flightexplorer,N/A,9:00 p.m.,9:00 p.m.,12:15 a.m.,
flightexplorer,AA-2312-DFW-DTW,NULL,8:25 p.m.,11:50 p.m.,11:50 p.m.
flightexplorer,AA-1165-JFK-MIA,6:59 a.m.,7:22 a.m.,N/A,10:04 a.m.
flightexplorer,AA-431-MIA-SFO,8:35 a.m.,8:51 a.m.,11:50 a.m.,11:44 a.m.
flightexplorer,UA-3373-IAD-PHL,?,8:26 a.m.,9:24 a.m.,9:13 a.m.
N/A,N/A,1:30 p.m.,1:30 p.m.,3:50 p.m.,3:50 p.m.
flightexplorer,UA-828-SFO-ORD,11:08 p.m.,,5:11 a.m.,NULL
flightexplorer,CO-4888-IAH-DAL,,5:30 p.m.,6:40 p.m.,
flightexplorer,CO-1561-PHX-IAH,8:05 a.m.,N/A,11:35 a.m.,11:32 a.m.
flightexplorer,AA-3804-PHL-ORD,2:35 p.m.,2:44 p.m.,N/A,3:43 p.m.
flightexplorer,AA-2268-PHX-ORD,7:15 a.m.,7:22 a.m.,11:35 a.m.,11:06 a.m.
flightexplorer,UA-233-LAX-JFK,4:25 p.m.,N/A,NULL,12:29 a.m.
?,UA-6273-YYC-SFO,7:35 a.m.,7:27 a.m.,9:43 a.m.,8:45 a.m.
missing,AA-4277-CVG-JFK,12:10 p.m.,12:10 p.m.,2:15 p.m.,1:43 p.m.
flightexplorer,AA-789-ORD-DEN,1:05 p.m.,1:19 p.m.,2:35 p.m.,3:13 p.m.
flightexplorer,AA-222-LAX-BOS,7:10 a.m.,7:31 a.m.,3:30 p.m.,3:14 p.m.
flightexplorer,AA-4198-ORD-CLE,10:40 a.m.,10:54 a.m.,12:55 p.m.,12:50 p.m.
flightexplorer,AA-404-MIA-MCO,6:45 a.m.,6:57 a.m.,7:45 a.m.,7:40 a.m.
flightexplorer,AA-3809-PHX-LAX,6:00 a.m.,6:10 a.m.,6:40 a.m.,
flightexplorer,AA-59-JFK-SFO,7:10 a.m.,7:39 a.m.,10:45 a.m.,11:12 a.m.
mia,,10:40 a.m.,11:05 a.m.,2:45 p.m.,2:46 p.m.
mia,,6:59 a.m.,7:22 a.m.,10:34 a.m.,10:04 a.m.
,AA-484-DFW-MIA,?,4:29 p.m.,7:55 p.m.,7:39 p.m.
mia,AA-466-IAH-MIA,6:00 a.m.,6:08 a.m.,,9:05 a.m.
mia,AA-2525-DFW-MIA,7:25 a.m.,7:39 a.m.,11:10 a.m.,11:06 a.m.
N/A,UA-382-IAD-LAX,12:30 p.m.,?,3:19 p.m.,3:21 p.m.
dfw,AA-1279-DFW-PHX,1:00 p.m.,2:04 p.m.,2:35 p.m.,
dfw,AA-2312-DFW-DTW,?,missing,11:50 p.m.,11:50 p.m.
dfw,AA-446-DFW-PHL,11:50 a.m.,12:12 p.m.,,4:09 p.m.
dfw,AA-400-DFW-JFK,,11:01 a.m.,2:59 p.m.,3:04 p.m.
dfw,AA-484-DFW-MIA,4:15 p.m.,4:29 p.m.,7:55 p.m.,7:39 p.m.
mco,CO-1586-IAH-MCO,7:00 p.m.,7:14 p.m.,10:15 p.m.,10:29 p.m.
mco,AA-1917-JFK-MCO,2:55 p.m.,3:27 p.m.,5:55 p.m.,5:43 p.m.
mco,AA-1640-MIA-MCO,missing,6:30 p.m.,7:25 p.m.,7:25 p.m.
mco,N/A,6:45 a.m.,6:57 a.m.,7:45 a.m.,7:40 a.m.
,N/A,11:25 p.m.,11:25 p.m.,6:55 a.m.,6:55 a.m.
mco,AA-1221-MCO-ORD,8:00 p.m.,8:23 p.m.,9:45 p.m.,9:53 p.m.
,AA-1434-DFW-MCO,?,7:21 a.m.,NULL,10:36 a.m.
mco,CO-1193-EWR-MCO,missing,,12:18 p.m.,12:09 p.m.
flights,AA-3859-IAH-ORD,7:10 a.m.,,9:40 a.m.,9:32 a.m.
flights,CO-1586-IAH-MCO,7:00 p.m.,7:14 p.m.,,10:29 p.m.
flights,AA-518-MIA-JFK,6:40 a.m.,6:54 a.m.,9:25 a.m.,9:28 a.m.
flights,UA-397-JFK-SFO,8:00 a.m.,8:29 a.m.,11:55 a.m.,?
flights,UA-3925-IAD-ORF,8:41 a.m.,8:42 a.m.,9:54 a.m.,9:43 a.m.
flights,AA-1733-ORD-PHX,7:45 p.m.,7:58 p.m.,10:30 p.m.,10:30 p.m.
flights,AA-3-JFK-LAX,12:00 p.m.,12:11 p.m.,3:15 p.m.,3:16 p.m.
flights,UA-2830-MCO-CLT,3:27 p.m.,3:27 p.m.,5:05 p.m.,missing
flights,CO-58-DEN-IAH,11:25 a.m.,11:32 a.m.,2:50 p.m.,3:31 p.m.
flights,UA-5487-SFO-MRY,10:39 a.m.,10:33 a.m.,11:19 a.m.,11:21 a.m.
flights,AA-204-LAX-MCO,11:25 p.m.,11:25 p.m.,6:55 a.m.,6:55 a.m.
flights,UA-414-LAX-SFO,6:00 a.m.,5:56 a.m.,NULL,NULL
flights,CO-1614-LAX-IAH,12:30 a.m.,12:41 a.m.,5:35 a.m.,5:26 a.m.
flights,?,4:00 p.m.,4:00 p.m.,6:46 p.m.,6:28 p.m.
flights,CO-52-IAH-LAX,7:35 a.m.,7:29 a.m.,9:21 a.m.,9:14 a.m.
flights,CO-1090-BOS-IAH,9:45 a.m.,10:19 a.m.,1:16 p.m.,1:19 p.m.
flights,AA-616-DFW-DTW,9:05 a.m.,10:10 a.m.,?,N/A
,UA-3515-IAD-MSP,8:15 a.m.,NULL,10:06 a.m.,9:56 a.m.
flights,AA-3468-CVG-MIA,7:00 a.m.,7:25 a.m.,9:55 a.m.,9:45 a.m.
flights,AA-484-DFW-MIA,4:15 p.m.,,7:55 p.m.,7:39 p.m.
flights,AA-1886-BOS-MIA,10:45 a.m.,10:55 a.m.,2:20 p.m.,1:40 p.m.
flights,CO-62-IAH-EWR,2:30 p.m.,2:48 p.m.,7:03 p.m.,7:10 p.m.
flights,CO-1561-PHX-IAH,8:05 a.m.,8:00 a.m.,11:35 a.m.,NULL
?,UA-2314-ATL-PHL,2:55 p.m.,2:55 p.m.,5:00 p.m.,N/A
flights,AA-446-DFW-PHL,11:50 a.m.,12:12 p.m.,3:50 p.m.,4:09 p.m.
flights,CO-1023-IAH-DEN,11:40 a.m.,11:56 a.m.,1:17 p.m.,1:14 p.m.
flights,,N/A,6:08 a.m.,9:20 a.m.,9:05 a.m.
flights,UA-3050-PHX-CLT,missing,11:30 a.m.,4:57 p.m.,5:05 p.m.
flights,CO-89-IAH-EWR,N/A,6:02 a.m.,10:20 a.m.,10:27 a.m.
flights,CO-1088-CLE-IAH,N/A,8:40 a.m.,,10:56 a.m.
flights,,10:15 a.m.,10:18 a.m.,12:10 p.m.,11:56 a.m.
flights,AA-1279-DFW-PHX,1:00 p.m.,2:04 p.m.,N/A,3:30 p.m.
flights,UA-854-SFO-IAH,7:53 a.m.,7:49 a.m.,1:39 p.m.,1:30 p.m.
,UA-382-IAD-LAX,NULL,12:35 p.m.,3:19 p.m.,3:21 p.m.
,,?,12:13 p.m.,2:00 p.m.,2:10 p.m.
flights,UA-257-JFK-SFO,2:30 p.m.,2:26 p.m.,6:15 p.m.,5:42 p.m.
flights,UA-2945-PHL-CLT,12:00 a.m.,3:11 a.m.,,1:15 p.m.
flights,CO-63-EWR-IAH,,NULL,8:22 p.m.,8:03 p.m.
flights,CO-47-IAH-LAX,7:10 p.m.,8:25 p.m.,8:56 p.m.,
flights,AA-2050-ORD-MIA,,missing,N/A,2:46 p.m.
flights,UA-248-PHX-ORD,12:57 p.m.,1:32 p.m.,5:15 p.m.,5:34 p.m.
missing,AA-4330-CVG-ORD,?,3:36 p.m.,4:00 p.m.,3:33 p.m.
flights,AA-1434-DFW-MCO,7:15 a.m.,7:21 a.m.,10:35 a.m.,10:36 a.m.
flights,AA-1640-MIA-MCO,6:30 p.m.,6:30 p.m.,7:25 p.m.,7:25 p.m.
flights,AA-4307-ORD-DTW,6:45 p.m.,6:55 p.m.,9:10 p.m.,8:53 p.m.
flights,CO-1694-LAX-IAH,7:15 p.m.,7:15 p.m.,12:21 a.m.,12:21 a.m.
flights,UA-843-LAX-ORD,1:55 p.m.,2:10 p.m.,7:53 p.m.,7:58 p.m.
flights,CO-1193-EWR-MCO,9:15 a.m.,9:14 a.m.,12:18 p.m.,12:09 p.m.
flights,AA-3842-MSP-ORD,6:00 a.m.,6:56 a.m.,7:30 a.m.,7:51 a.m.
flights,AA-643-MIA-ORD,7:10 a.m.,7:30 a.m.,9:35 a.m.,9:31 a.m.
,AA-1007-MIA-PHX,4:55 p.m.,5:08 p.m.,8:05 p.m.,7:55 p.m.
flights,UA-2906-PHL-MCO,3:50 p.m.,,6:23 p.m.,6:38 p.m.
flights,UA-938-DEN-ORD,4:16 p.m.,4:15 p.m.,7:35 p.m.,7:36 p.m.
flights,AA-1221-MCO-ORD,,8:23 p.m.,?,9:53 p.m.
flights,CO-16-LAX-EWR,10:25 a.m.,10:20 a.m.,,6:34 p.m.
flights,UA-2515-DFW-CLT,7:05 a.m.,7:05 a.m.,10:31 a.m.,missing
flights,AA-400-DFW-JFK,10:40 a.m.,11:01 a.m.,2:59 p.m.,3:04 p.m.
flights,UA-664-ORD-PHL,1:33 p.m.,1:31 p.m.,4:31 p.m.,4:23 p.m.
flights,?,N/A,12:41 p.m.,2:45 p.m.,2:50 p.m.
missing,UA-37-EWR-MCO,1:29 p.m.,1:48 p.m.,4:17 p.m.,4:17 p.m.
,AA-1522-SFO-ORD,11:55 p.m.,11:55 p.m.,5:50 a.m.,5:50 a.m.
flights,UA-233-LAX-JFK,4:25 p.m.,,12:29 a.m.,12:29 a.m.
flights,AA-3823-LAX-DEN,9:00 p.m.,NULL,12:15 a.m.,12:15 a.m.
flights,AA-2312-DFW-DTW,8:25 p.m.,8:25 p.m.,11:50 p.m.,11:50 p.m.
flights,AA-1165-JFK-MIA,6:59 a.m.,7:22 a.m.,10:34 a.m.,10:04 a.m.
?,AA-431-MIA-SFO,8:35 a.m.,8:51 a.m.,11:50 a.m.,11:44 a.m.
?,,8:29 a.m.,8:26 a.m.,9:24 a.m.,9:13 a.m.
flights,AA-649-ORD-SNA,1:30 p.m.,N/A,3:50 p.m.,3:50 p.m.
flights,CO-1250-MIA-IAH,2:53 p.m.,3:01 p.m.,4:48 p.m.,4:59 p.m.
flights,,7:35 a.m.,7:27 a.m.,9:43 a.m.,8:45 a.m.
flights,UA-828-SFO-ORD,11:08 p.m.,?,5:11 a.m.,5:11 a.m.
flights,CO-4888-IAH-DAL,5:30 p.m.,5:30 p.m.,6:40 p.m.,6:40 p.m.
flights,UA-858-PVG-SFO,N/A,N/A,8:27 a.m.,8:02 a.m.
flights,UA-2704-DTW-PHX,11:15 a.m.,,1:40 p.m.,2:00 p.m.
flights,AA-3063-SLC-LAX,8:20 p.m.,8:39 p.m.,9:20 p.m.,?
flights,UA-2708-EWR-CLT,2:55 p.m.,2:55 p.m.,4:53 p.m.,4:44 p.m.
flights,UA-62-IAH-EWR,2:30 p.m.,2:48 p.m.,7:03 p.m.,7:10 p.m.
flights,UA-1500-IAH-GUA,8:55 a.m.,9:16 a.m.,11:45 a.m.,11:56 a.m.
flights,AA-3804-PHL-ORD,2:35 p.m.,2:44 p.m.,4:05 p.m.,3:43 p.m.
flights,AA-1917-JFK-MCO,2:55 p.m.,3:27 p.m.,5:55 p.m.,5:43 p.m.
flights,AA-2268-PHX-ORD,7:15 a.m.,7:22 a.m.,11:35 a.m.,11:06 a.m.
?,AA-4277-CVG-JFK,NULL,12:10 p.m.,2:15 p.m.,1:43 p.m.
flights,AA-2957-DFW-CVG,NULL,8:04 a.m.,11:05 a.m.,
flights,,,8:52 a.m.,NULL,12:09 p.m.
flights,AA-789-ORD-DEN,1:05 p.m.,1:19 p.m.,2:35 p.m.,3:13 p.m.
flights,,8:35 a.m.,8:56 a.m.,10:40 a.m.,10:16 a.m.
flights,AA-85-JFK-SFO,3:05 p.m.,3:36 p.m.,missing,6:43 p.m.
flights,AA-3979-CVG-ORD,7:30 a.m.,8:04 a.m.,8:00 a.m.,8:06 a.m.
flights,N/A,11:25 a.m.,11:40 a.m.,,4:56 p.m.
flights,AA-3786-IAH-ORD,4:00 p.m.,4:12 p.m.,6:40 p.m.,6:15 p.m.
flights,AA-271-MIA-LAX,11:35 a.m.,11:52 a.m.,missing,2:27 p.m.
flights,AA-2525-DFW-MIA,7:25 a.m.,7:39 a.m.,11:10 a.m.,11:06 a.m.
flights,N/A,N/A,3:31 p.m.,4:49 p.m.,5:26 p.m.
flights,UA-3099-PHX-PHL,11:55 a.m.,11:55 a.m.,6:17 p.m.,5:38 p.m.
flights,AA-4198-ORD-CLE,10:40 a.m.,10:54 a.m.,12:55 p.m.,12:50 p.m.
flights,AA-404-MIA-MCO,6:45 a.m.,6:57 a.m.,7:45 a.m.,7:40 a.m.
flights,CO-45-EWR-MIA,4:00 p.m.,3:58 p.m.,7:05 p.m.,6:36 p.m.
NULL,N/A,6:00 a.m.,6:10 a.m.,6:40 a.m.,6:19 a.m.
,AA-59-JFK-SFO,7:10 a.m.,7:39 a.m.,10:45 a.m.,11:12 a.m.
flights,missing,7:10 a.m.,7:31 a.m.,3:30 p.m.,3:14 p.m.
flightarrival,AA-3859-IAH-ORD,7:10 a.m.,7:16 a.m.,missing,9:32 a.m.
flightarrival,AA-1640-MIA-MCO,6:30 p.m.,6:30 p.m.,7:25 p.m.,7:25 p.m.
flightarrival,UA-3925-IAD-ORF,8:41 a.m.,,9:54 a.m.,9:43 a.m.
flightarrival,AA-4344-ORD-DTW,11:45 a.m.,12:13 p.m.,2:00 p.m.,2:10 p.m.
flightarrival,UA-414-LAX-SFO,6:00 a.m.,5:56 a.m.,7:23 a.m.,7:17 a.m.
flightarrival,missing,,missing,5:35 a.m.,5:26 a.m.
flightarrival,CO-52-IAH-LAX,7:35 a.m.,7:29 a.m.,9:21 a.m.,?
flightarrival,missing,9:45 a.m.,10:19 a.m.,1:16 p.m.,1:19 p.m.
flightarrival,?,7:00 a.m.,7:25 a.m.,9:55 a.m.,9:45 a.m.
flightarrival,CO-62-IAH-EWR,2:30 p.m.,2:48 p.m.,7:03 p.m.,7:10 p.m.
flightarrival,,6:00 a.m.,6:08 a.m.,9:20 a.m.,9:05 a.m.
flightarrival,AA-1664-MIA-ATL,10:15 a.m.,10:18 a.m.,,11:56 a.m.
flightarrival,N/A,1:00 p.m.,2:04 p.m.,,3:30 p.m.
flightarrival,,6:45 a.m.,6:57 a.m.,7:45 a.m.,7:40 a.m.
flightarrival,UA-382-IAD-LAX,12:30 p.m.,12:35 p.m.,3:19 p.m.,3:21 p.m.
flightarrival,CO-50-CLE-EWR,2:55 p.m.,3:31 p.m.,,N/A
,AA-616-DFW-DTW,9:05 a.m.,10:10 a.m.,12:35 p.m.,1:27 p.m.
flightarrival,?,11:35 a.m.,11:52 a.m.,2:25 p.m.,2:27 p.m.
flightarrival,AA-2050-ORD-MIA,10:40 a.m.,11:05 a.m.,?,2:46 p.m.
flightarrival,AA-4307-ORD-DTW,,6:55 p.m.,,8:53 p.m.
missing,AA-3-JFK-LAX,12:00 p.m.,12:11 p.m.,3:15 p.m.,3:16 p.m.
flightarrival,CO-1694-LAX-IAH,,7:15 p.m.,12:21 a.m.,12:21 a.m.
flightarrival,CO-1193-EWR-MCO,9:15 a.m.,,12:18 p.m.,12:09 p.m.
flightarrival,UA-2906-PHL-MCO,3:50 p.m.,4:28 p.m.,6:23 p.m.,6:38 p.m.
flightarrival,NULL,N/A,4:15 p.m.,7:35 p.m.,7:36 p.m.
flightarrival,AA-1221-MCO-ORD,8:00 p.m.,N/A,9:45 p.m.,9:53 p.m.
?,CO-16-LAX-EWR,10:25 a.m.,NULL,6:44 p.m.,6:34 p.m.
flightarrival,UA-2515-DFW-CLT,7:05 a.m.,7:05 a.m.,10:31 a.m.,10:47 a.m.
flightarrival,AA-400-DFW-JFK,10:40 a.m.,11:01 a.m.,2:59 p.m.,
flightarrival,UA-664-ORD-PHL,1:33 p.m.,1:31 p.m.,4:31 p.m.,4:23 p.m.
flightarrival,UA-37-EWR-MCO,1:29 p.m.,N/A,4:17 p.m.,4:17 p.m.
flightarrival,UA-233-LAX-JFK,4:25 p.m.,4:25 p.m.,12:29 a.m.,12:29 a.m.
flightarrival,AA-2312-DFW-DTW,8:25 p.m.,8:25 p.m.,11:50 p.m.,11:50 p.m.
flightarrival,AA-431-MIA-SFO,8:35 a.m.,8:51 a.m.,11:50 a.m.,
flightarrival,UA-257-JFK-SFO,2:30 p.m.,2:26 p.m.,6:15 p.m.,5:42 p.m.
NULL,UA-3373-IAD-PHL,8:29 a.m.,8:26 a.m.,9:24 a.m.,9:13 a.m.
flightarrival,UA-828-SFO-ORD,11:08 p.m.,11:08 p.m.,,
flightarrival,CO-4888-IAH-DAL,5:30 p.m.,5:30 p.m.,6:40 p.m.,6:40 p.m.
,UA-858-PVG-SFO,1:45 p.m.,1:32 p.m.,8:27 a.m.,8:02 a.m.
flightarrival,UA-2704-DTW-PHX,NULL,missing,N/A,2:00 p.m.
flightarrival,,8:20 p.m.,,9:20 p.m.,9:20 p.m.
flightarrival,UA-1500-IAH-GUA,8:55 a.m.,9:16 a.m.,N/A,N/A
flightarrival,CO-1561-PHX-IAH,8:05 a.m.,8:00 a.m.,11:35 a.m.,11:32 a.m.
flightarrival,AA-2268-PHX-ORD,NULL,7:22 a.m.,,11:06 a.m.
flightarrival,UA-2314-ATL-PHL,2:55 p.m.,2:55 p.m.,5:00 p.m.,4:47 p.m.
flightarrival,UA-6273-YYC-SFO,7:35 a.m.,7:27 a.m.,9:43 a.m.,8:45 a.m.
flightarrival,AA-4277-CVG-JFK,12:10 p.m.,12:10 p.m.,2:15 p.m.,1:43 p.m.
flightarrival,AA-2957-DFW-CVG,7:55 a.m.,8:04 a.m.,11:05 a.m.,N/A
flightarrival,UA-37-EDI-EWR,9:05 a.m.,8:52 a.m.,11:53 a.m.,12:09 p.m.
flightarrival,UA-854-SFO-IAH,7:53 a.m.,7:49 a.m.,missing,1:30 p.m.
flightarrival,AA-85-JFK-SFO,3:05 p.m.,3:36 p.m.,6:30 p.m.,
flightarrival,AA-1544-SAN-ORD,11:25 a.m.,11:40 a.m.,5:25 p.m.,4:56 p.m.
flightarrival,missing,4:00 p.m.,4:12 p.m.,6:40 p.m.,6:15 p.m.
flightarrival,CO-1088-CLE-IAH,?,8:40 a.m.,10:54 a.m.,10:56 a.m.
?,AA-4198-ORD-CLE,10:40 a.m.,10:54 a.m.,12:55 p.m.,
flightarrival,AA-3809-PHX-LAX,6:00 a.m.,6:10 a.m.,6:40 a.m.,6:19 a.m.
flightarrival,?,7:10 a.m.,7:39 a.m.,10:45 a.m.,11:12 a.m.
?,AA-222-LAX-BOS,7:10 a.m.,7:31 a.m.,3:30 p.m.,3:14 p.m.
flightwise,,7:10 a.m.,7:16 a.m.,9:40 a.m.,9:32 a.m.
flightwise,AA-3842-MSP-ORD,6:00 a.m.,6:56 a.m.,7:30 a.m.,missing
flightwise,AA-643-MIA-ORD,7:10 a.m.,7:30 a.m.,9:35 a.m.,NULL
flightwise,AA-1640-MIA-MCO,,6:30 p.m.,7:25 p.m.,7:25 p.m.
N/A,AA-2525-DFW-MIA,7:25 a.m.,7:39 a.m.,11:10 a.m.,11:06 a.m.
flightwise,UA-3050-PHX-CLT,11:05 a.m.,11:30 a.m.,4:57 p.m.,
flightwise,UA-3925-IAD-ORF,missing,8:42 a.m.,9:54 a.m.,9:43 a.m.
flightwise,UA-664-ORD-PHL,1:33 p.m.,1:31 p.m.,4:31 p.m.,4:23 p.m.
flightwise,AA-789-ORD-DEN,1:05 p.m.,1:19 p.m.,2:35 p.m.,
flightwise,AA-2312-DFW-DTW,8:25 p.m.,8:25 p.m.,11:50 p.m.,11:50 p.m.
flightwise,CO-1694-LAX-IAH,7:15 p.m.,7:15 p.m.,12:21 a.m.,12:21 a.m.
flightwise,CO-63-EWR-IAH,5:25 p.m.,5:22 p.m.,8:22 p.m.,8:03 p.m.
flightwise,AA-3786-IAH-ORD,4:00 p.m.,4:12 p.m.,6:40 p.m.,6:15 p.m.
flightwise,?,7:10 p.m.,8:25 p.m.,?,9:52 p.m.
flightwise,,7:15 a.m.,7:21 a.m.,10:35 a.m.,10:36 a.m.
N/A,,3:35 p.m.,3:36 p.m.,4:00 p.m.,3:33 p.m.
flightwise,AA-3809-PHX-LAX,6:00 a.m.,6:10 a.m.,,6:19 a.m.
,AA-59-JFK-SFO,7:10 a.m.,7:39 a.m.,10:45 a.m.,11:12 a.m.
missing,AA-4307-ORD-DTW,6:45 p.m.,6:55 p.m.,9:10 p.m.,
flightwise,,3:05 p.m.,3:36 p.m.,missing,6:43 p.m.
travelocity,AA-3859-IAH-ORD,N/A,7:16 a.m.,9:40 a.m.,9:32 a.m.
,AA-518-MIA-JFK,6:40 a.m.,6:54 a.m.,9:25 a.m.,9:28 a.m.
travelocity,missing,8:00 a.m.,8:29 a.m.,11:55 a.m.,11:58 a.m.
travelocity,UA-3925-IAD-ORF,8:41 a.m.,8:42 a.m.,9:54 a.m.,9:43 a.m.
travelocity,AA-1733-ORD-PHX,7:45 p.m.,7:58 p.m.,10:30 p.m.,
travelocity,AA-1640-MIA-MCO,NULL,6:30 p.m.,7:25 p.m.,7:25 p.m.
travelocity,AA-3-JFK-LAX,12:00 p.m.,12:11 p.m.,3:15 p.m.,3:16 p.m.
NULL,UA-2830-MCO-CLT,3:27 p.m.,3:27 p.m.,5:05 p.m.,5:17 p.m.
travelocity,AA-1544-SAN-ORD,11:25 a.m.,N/A,5:25 p.m.,4:56 p.m.
travelocity,AA-204-LAX-MCO,11:25 p.m.,11:25 p.m.,6:55 a.m.,6:55 a.m.
travelocity,UA-414-LAX-SFO,6:00 a.m.,5:56 a.m.,7:23 a.m.,7:17 a.m.
travelocity,AA-3756-ORD-SLC,,N/A,NULL,2:50 p.m.
travelocity,N/A,4:00 p.m.,4:00 p.m.,6:46 p.m.,6:28 p.m.
travelocity,AA-3468-CVG-MIA,?,7:25 a.m.,9:55 a.m.,9:45 a.m.
travelocity,,8:15 a.m.,8:12 a.m.,10:06 a.m.,9:56 a.m.
travelocity,AA-484-DFW-MIA,4:15 p.m.,4:29 p.m.,?,7:39 p.m.
travelocity,NULL,,2:48 p.m.,7:03 p.m.,7:10 p.m.
travelocity,AA-446-DFW-PHL,11:50 a.m.,12:12 p.m.,3:50 p.m.,4:09 p.m.
travelocity,AA-466-IAH-MIA,6:00 a.m.,6:08 a.m.,9:20 a.m.,9:05 a.m.
travelocity,UA-3050-PHX-CLT,?,11:30 a.m.,4:57 p.m.,5:05 p.m.
travelocity,CO-89-IAH-EWR,6:00 a.m.,6:02 a.m.,10:20 a.m.,10:27 a.m.
NULL,CO-1088-CLE-IAH,8:40 a.m.,8:40 a.m.,10:54 a.m.,10:56 a.m.
travelocity,AA-1886-BOS-MIA,10:45 a.m.,10:55 a.m.,2:20 p.m.,NULL
travelocity,AA-2957-DFW-CVG,?,8:04 a.m.,11:05 a.m.,11:01 a.m.
travelocity,AA-1664-MIA-ATL,10:15 a.m.,10:18 a.m.,12:10 p.m.,
travelocity,AA-3979-CVG-ORD,7:30 a.m.,8:04 a.m.,8:00 a.m.,8:06 a.m.
travelocity,AA-1279-DFW-PHX,1:00 p.m.,2:04 p.m.,2:35 p.m.,3:30 p.m.
travelocity,AA-616-DFW-DTW,9:05 a.m.,10:10 a.m.,12:35 p.m.,1:27 p.m.
travelocity,AA-4344-ORD-DTW,11:45 a.m.,missing,2:00 p.m.,
travelocity,UA-2945-PHL-CLT,12:00 a.m.,3:11 a.m.,missing,1:15 p.m.
travelocity,AA-2525-DFW-MIA,7:25 a.m.,7:39 a.m.,11:10 a.m.,11:06 a.m.
travelocity,AA-271-MIA-LAX,11:35 a.m.,11:52 a.m.,2:25 p.m.,2:27 p.m.
travelocity,AA-2050-ORD-MIA,10:40 a.m.,11:05 a.m.,2:45 p.m.,2:46 p.m.
travelocity,?,7:15 a.m.,7:21 a.m.,10:35 a.m.,?
travelocity,CO-1561-PHX-IAH,8:05 a.m.,8:00 a.m.,NULL,11:32 a.m.
travelocity,AA-4307-ORD-DTW,6:45 p.m.,6:55 p.m.,9:10 p.m.,8:53 p.m.
travelocity,CO-1694-LAX-IAH,7:15 p.m.,missing,12:21 a.m.,12:21 a.m.
travelocity,UA-843-LAX-ORD,1:55 p.m.,2:10 p.m.,7:53 p.m.,7:58 p.m.
travelocity,CO-1193-EWR-MCO,9:15 a.m.,9:14 a.m.,12:18 p.m.,12:09 p.m.
travelocity,AA-3842-MSP-ORD,6:00 a.m.,6:56 a.m.,7:30 a.m.,7:51 a.m.
travelocity,AA-643-MIA-ORD,7:10 a.m.,7:30 a.m.,9:35 a.m.,9:31 a.m.
travelocity,missing,3:50 p.m.,,6:23 p.m.,6:38 p.m.
travelocity,AA-1221-MCO-ORD,8:00 p.m.,8:23 p.m.,9:45 p.m.,NULL
travelocity,UA-2515-DFW-CLT,7:05 a.m.,7:05 a.m.,10:31 a.m.,
travelocity,AA-400-DFW-JFK,10:40 a.m.,11:01 a.m.,2:59 p.m.,3:04 p.m.
travelocity,UA-664-ORD-PHL,1:33 p.m.,1:31 p.m.,4:31 p.m.,N/A
travelocity,AA-1522-SFO-ORD,11:55 p.m.,11:55 p.m.,5:50 a.m.,5:50 a.m.
travelocity,UA-233-LAX-JFK,4:25 p.m.,4:25 p.m.,12:29 a.m.,12:29 a.m.
NULL,AA-3823-LAX-DEN,9:00 p.m.,9:00 p.m.,12:15 a.m.,12:15 a.m.
travelocity,AA-2312-DFW-DTW,8:25 p.m.,8:25 p.m.,11:50 p.m.,11:50 p.m.
travelocity,,6:59 a.m.,7:22 a.m.,10:34 a.m.,10:04 a.m.
travelocity,AA-431-MIA-SFO,8:35 a.m.,8:51 a.m.,11:50 a.m.,11:44 a.m.
?,UA-257-JFK-SFO,,2:26 p.m.,6:15 p.m.,5:42 p.m.
travelocity,UA-3373-IAD-PHL,8:29 a.m.,8:26 a.m.,9:24 a.m.,9:13 a.m.
travelocity,AA-649-ORD-SNA,1:30 p.m.,1:30 p.m.,,3:50 p.m.
travelocity,,2:53 p.m.,3:01 p.m.,4:48 p.m.,4:59 p.m.
travelocity,UA-6273-YYC-SFO,7:35 a.m.,7:27 a.m.,9:43 a.m.,8:45 a.m.
travelocity,UA-858-PVG-SFO,1:45 p.m.,1:32 p.m.,8:27 a.m.,
,UA-2704-DTW-PHX,11:15 a.m.,11:15 a.m.,1:40 p.m.,
travelocity,AA-3063-SLC-LAX,8:20 p.m.,8:39 p.m.,9:20 p.m.,9:20 p.m.
travelocity,UA-2708-EWR-CLT,2:55 p.m.,2:55 p.m.,,4:44 p.m.
travelocity,UA-62-IAH-EWR,2:30 p.m.,NULL,NULL,N/A
travelocity,AA-3804-PHL-ORD,2:35 p.m.,2:44 p.m.,?,3:43 p.m.
,AA-1917-JFK-MCO,2:55 p.m.,3:27 p.m.,5:55 p.m.,5:43 p.m.
travelocity,,7:15 a.m.,7:22 a.m.,11:35 a.m.,11:06 a.m.
travelocity,,N/A,2:55 p.m.,missing,
travelocity,,12:10 p.m.,12:10 p.m.,2:15 p.m.,1:43 p.m.
travelocity,UA-37-EDI-EWR,9:05 a.m.,8:52 a.m.,11:53 a.m.,12:09 p.m.
travelocity,AA-789-ORD-DEN,1:05 p.m.,1:19 p.m.,,3:13 p.m.
travelocity,UA-854-SFO-IAH,7:53 a.m.,7:49 a.m.,1:39 p.m.,1:30 p.m.
travelocity,AA-415-BOS-ORD,8:35 a.m.,8:56 a.m.,10:40 a.m.,10:16 a.m.
travelocity,AA-85-JFK-SFO,,3:36 p.m.,6:30 p.m.,6:43 p.m.
travelocity,AA-3786-IAH-ORD,,4:12 p.m.,?,6:15 p.m.
travelocity,CO-50-CLE-EWR,2:55 p.m.,3:31 p.m.,4:49 p.m.,missing
travelocity,UA-3099-PHX-PHL,11:55 a.m.,11:55 a.m.,6:17 p.m.,5:38 p.m.
travelocity,AA-4198-ORD-CLE,10:40 a.m.,10:54 a.m.,12:55 p.m.,12:50 p.m.
travelocity,missing,7:10 a.m.,7:31 a.m.,3:30 p.m.,3:14 p.m.
travelocity,AA-404-MIA-MCO,6:45 a.m.,6:57 a.m.,7:45 a.m.,7:40 a.m.
travelocity,CO-45-EWR-MIA,4:00 p.m.,3:58 p.m.,7:05 p.m.,6:36 p.m.
travelocity,AA-3809-PHX-LAX,6:00 a.m.,6:10 a.m.,?,6:19 a.m.
travelocity,AA-59-JFK-SFO,7:10 a.m.,7:39 a.m.,10:45 a.m.,11:12 a.m.
foxbusiness,AA-3859-IAH-ORD,7:10 a.m.,7:16 a.m.,9:40 a.m.,
foxbusiness,CO-1586-IAH-MCO,7:00 p.m.,7:14 p.m.,10:15 p.m.,10:29 p.m.
foxbusiness,AA-518-MIA-JFK,,6:54 a.m.,9:25 a.m.,9:28 a.m.
?,UA-397-JFK-SFO,8:00 a.m.,,11:55 a.m.,11:58 a.m.
foxbusiness,NULL,8:41 a.m.,8:42 a.m.,9:54 a.m.,9:43 a.m.
foxbusiness,?,missing,7:58 p.m.,10:30 p.m.,10:30 p.m.
foxbusiness,AA-3-JFK-LAX,12:00 p.m.,12:11 p.m.,3:15 p.m.,3:16 p.m.
foxbusiness,UA-2830-MCO-CLT,3:27 p.m.,3:27 p.m.,5:05 p.m.,5:17 p.m.
foxbusiness,CO-58-DEN-IAH,11:25 a.m.,11:32 a.m.,2:50 p.m.,3:31 p.m.
foxbusiness,UA-5487-SFO-MRY,10:39 a.m.,10:33 a.m.,11:19 a.m.,
?,AA-204-LAX-MCO,11:25 p.m.,11:25 p.m.,6:55 a.m.,6:55 a.m.
foxbusiness,UA-414-LAX-SFO,6:00 a.m.,5:56 a.m.,,7:17 a.m.
?,CO-1614-LAX-IAH,12:30 a.m.,12:41 a.m.,5:35 a.m.,5:26 a.m.
foxbusiness,UA-2726-FLL-PHL,4:00 p.m.,4:00 p.m.,missing,6:28 p.m.
foxbusiness,,7:35 a.m.,7:29 a.m.,9:21 a.m.,9:14 a.m.
foxbusiness,?,9:45 a.m.,10:19 a.m.,1:16 p.m.,1:19 p.m.
foxbusiness,AA-616-DFW-DTW,N/A,10:10 a.m.,12:35 p.m.,1:27 p.m.
foxbusiness,UA-3515-IAD-MSP,8:15 a.m.,8:12 a.m.,10:06 a.m.,9:56 a.m.
foxbusiness,AA-3468-CVG-MIA,,NULL,9:55 a.m.,9:45 a.m.
foxbusiness,AA-484-DFW-MIA,4:15 p.m.,4:29 p.m.,7:55 p.m.,7:39 p.m.
foxbusiness,AA-1886-BOS-MIA,N/A,10:55 a.m.,2:20 p.m.,1:40 p.m.
foxbusiness,CO-62-IAH-EWR,2:30 p.m.,2:48 p.m.,7:03 p.m.,7:10 p.m.
foxbusiness,CO-1561-PHX-IAH,8:05 a.m.,missing,11:35 a.m.,11:32 a.m.
foxbusiness,UA-2314-ATL-PHL,2:55 p.m.,2:55 p.m.,5:00 p.m.,4:47 p.m.
foxbusiness,,11:50 a.m.,12:12 p.m.,3:50 p.m.,4:09 p.m.
foxbusiness,CO-1023-IAH-DEN,11:40 a.m.,11:56 a.m.,1:17 p.m.,1:14 p.m.
foxbusiness,N/A,,6:08 a.m.,9:20 a.m.,9:05 a.m.
foxbusiness,UA-3050-PHX-CLT,11:05 a.m.,11:30 a.m.,4:57 p.m.,5:05 p.m.
foxbusiness,,6:00 a.m.,6:02 a.m.,10:20 a.m.,10:27 a.m.
foxbusiness,N/A,8:40 a.m.,8:40 a.m.,10:54 a.m.,N/A
foxbusiness,AA-1664-MIA-ATL,10:15 a.m.,10:18 a.m.,12:10 p.m.,11:56 a.m.
foxbusiness,AA-1279-DFW-PHX,1:00 p.m.,2:04 p.m.,missing,?
foxbusiness,UA-854-SFO-IAH,7:53 a.m.,7:49 a.m.,1:39 p.m.,1:30 p.m.
foxbusiness,UA-382-IAD-LAX,12:30 p.m.,12:35 p.m.,3:19 p.m.,3:21 p.m.
foxbusiness,AA-4344-ORD-DTW,11:45 a.m.,12:13 p.m.,missing,NULL
foxbusiness,NULL,2:30 p.m.,2:26 p.m.,6:15 p.m.,5:42 p.m.
foxbusiness,UA-2945-PHL-CLT,12:00 a.m.,3:11 a.m.,1:45 p.m.,1:15 p.m.
foxbusiness,,5:25 p.m.,5:22 p.m.,8:22 p.m.,8:03 p.m.
foxbusiness,CO-47-IAH-LAX,7:10 p.m.,8:25 p.m.,8:56 p.m.,9:52 p.m.
foxbusiness,AA-2050-ORD-MIA,10:40 a.m.,11:05 a.m.,2:45 p.m.,2:46 p.m.
foxbusiness,UA-248-PHX-ORD,12:57 p.m.,1:32 p.m.,5:15 p.m.,5:34 p.m.
foxbusiness,AA-4330-CVG-ORD,NULL,3:36 p.m.,?,3:33 p.m.
foxbusiness,AA-1434-DFW-MCO,7:15 a.m.,7:21 a.m.,10:35 a.m.,10:36 a.m.
foxbusiness,AA-1640-MIA-MCO,,6:30 p.m.,7:25 p.m.,7:25 p.m.
foxbusiness,AA-4307-ORD-DTW,6:45 p.m.,,9:10 p.m.,8:53 p.m.
foxbusiness,CO-1694-LAX-IAH,7:15 p.m.,7:15 p.m.,12:21 a.m.,12:21 a.m.
foxbusiness,UA-843-LAX-ORD,1:55 p.m.,2:10 p.m.,7:53 p.m.,7:58 p.m.
foxbusiness,CO-1193-EWR-MCO,NULL,N/A,N/A,12:09 p.m.
foxbusiness,AA-3842-MSP-ORD,6:00 a.m.,6:56 a.m.,7:30 a.m.,
foxbusiness,AA-643-MIA-ORD,7:10 a.m.,7:30 a.m.,9:35 a.m.,9:31 a.m.
foxbusiness,AA-1007-MIA-PHX,4:55 p.m.,5:08 p.m.,8:05 p.m.,7:55 p.m.
foxbusiness,missing,3:50 p.m.,4:28 p.m.,6:23 p.m.,
foxbusiness,UA-938-DEN-ORD,4:16 p.m.,4:15 p.m.,,7:36 p.m.
foxbusiness,AA-1221-MCO-ORD,8:00 p.m.,8:23 p.m.,9:45 p.m.,9:53 p.m.
foxbusiness,CO-16-LAX-EWR,10:25 a.m.,NULL,6:44 p.m.,6:34 p.m.
,UA-2515-DFW-CLT,7:05 a.m.,7:05 a.m.,10:31 a.m.,10:47 a.m.
foxbusiness,N/A,10:40 a.m.,11:01 a.m.,2:59 p.m.,3:04 p.m.
,UA-664-ORD-PHL,1:33 p.m.,1:31 p.m.,4:31 p.m.,4:23 p.m.
foxbusiness,AA-3756-ORD-SLC,12:15 p.m.,12:41 p.m.,,2:50 p.m.
foxbusiness,UA-37-EWR-MCO,1:29 p.m.,1:48 p.m.,NULL,4:17 p.m.
foxbusiness,AA-1522-SFO-ORD,11:55 p.m.,11:55 p.m.,,5:50 a.m.
foxbusiness,UA-233-LAX-JFK,4:25 p.m.,4:25 p.m.,missing,N/A
foxbusiness,,9:00 p.m.,9:00 p.m.,12:15 a.m.,N/A
foxbusiness,AA-2312-DFW-DTW,8:25 p.m.,8:25 p.m.,11:50 p.m.,11:50 p.m.
foxbusiness,AA-1165-JFK-MIA,6:59 a.m.,7:22 a.m.,10:34 a.m.,10:04 a.m.
,AA-431-MIA-SFO,8:35 a.m.,8:51 a.m.,11:50 a.m.,NULL
foxbusiness,?,8:29 a.m.,,,
foxbusiness,AA-649-ORD-SNA,1:30 p.m.,1:30 p.m.,3:50 p.m.,3:50 p.m.
foxbusiness,CO-1250-MIA-IAH,2:53 p.m.,3:01 p.m.,4:48 p.m.,4:59 p.m.
foxbusiness,UA-6273-YYC-SFO,7:35 a.m.,7:27 a.m.,9:43 a.m.,8:45 a.m.
foxbusiness,NULL,11:08 p.m.,11:08 p.m.,5:11 a.m.,5:11 a.m.
foxbusiness,CO-4888-IAH-DAL,5:30 p.m.,5:30 p.m.,6:40 p.m.,6:40 p.m.
,UA-858-PVG-SFO,1:45 p.m.,1:32 p.m.,8:27 a.m.,8:02 a.m.
foxbusiness,UA-2704-DTW-PHX,11:15 a.m.,11:15 a.m.,1:40 p.m.,?
foxbusiness,AA-3063-SLC-LAX,8:20 p.m.,8:39 p.m.,9:20 p.m.,9:20 p.m.
foxbusiness,UA-2708-EWR-CLT,2:55 p.m.,2:55 p.m.,4:53 p.m.,4:44 p.m.
foxbusiness,UA-62-IAH-EWR,2:30 p.m.,2:48 p.m.,7:03 p.m.,N/A
foxbusiness,UA-1500-IAH-GUA,8:55 a.m.,9:16 a.m.,?,11:56 a.m.
foxbusiness,AA-3804-PHL-ORD,2:35 p.m.,NULL,NULL,3:43 p.m.
foxbusiness,AA-1917-JFK-MCO,2:55 p.m.,3:27 p.m.,5:55 p.m.,5:43 p.m.
foxbusiness,AA-2268-PHX-ORD,7:15 a.m.,7:22 a.m.,missing,11:06 a.m.
foxbusiness,AA-4277-CVG-JFK,12:10 p.m.,12:10 p.m.,2:15 p.m.,N/A
foxbusiness,AA-2957-DFW-CVG,7:55 a.m.,8:04 a.m.,11:05 a.m.,NULL
foxbusiness,UA-37-EDI-EWR,9:05 a.m.,8:52 a.m.,11:53 a.m.,12:09 p.m.
foxbusiness,AA-789-ORD-DEN,1:05 p.m.,1:19 p.m.,2:35 p.m.,3:13 p.m.
foxbusiness,AA-415-BOS-ORD,8:35 a.m.,8:56 a.m.,10:40 a.m.,10:16 a.m.
foxbusiness,AA-85-JFK-SFO,3:05 p.m.,3:36 p.m.,6:30 p.m.,6:43 p.m.
foxbusiness,?,7:30 a.m.,8:04 a.m.,8:00 a.m.,8:06 a.m.
foxbusiness,AA-1544-SAN-ORD,11:25 a.m.,11:40 a.m.,5:25 p.m.,4:56 p.m.
foxbusiness,AA-3786-IAH-ORD,4:00 p.m.,missing,6:40 p.m.,6:15 p.m.
foxbusiness,AA-271-MIA-LAX,11:35 a.m.,11:52 a.m.,2:25 p.m.,2:27 p.m.
foxbusiness,AA-2525-DFW-MIA,7:25 a.m.,7:39 a.m.,11:10 a.m.,11:06 a.m.
foxbusiness,CO-50-CLE-EWR,2:55 p.m.,3:31 p.m.,4:49 p.m.,NULL
foxbusiness,UA-3099-PHX-PHL,11:55 a.m.,11:55 a.m.,6:17 p.m.,
foxbusiness,AA-4198-ORD-CLE,10:40 a.m.,10:54 a.m.,N/A,NULL
foxbusiness,AA-404-MIA-MCO,6:45 a.m.,6:57 a.m.,7:45 a.m.,7:40 a.m.
foxbusiness,CO-45-EWR-MIA,N/A,3:58 p.m.,7:05 p.m.,6:36 p.m.
foxbusiness,AA-3809-PHX-LAX,6:00 a.m.,6:10 a.m.,6:40 a.m.,6:19 a.m.
foxbusiness,AA-59-JFK-SFO,7:10 a.m.,7:39 a.m.,10:45 a.m.,11:12 a.m.
foxbusiness,AA-222-LAX-BOS,7:10 a.m.,missing,3:30 p.m.,3:14 p.m.
usatoday,AA-3859-IAH-ORD,7:10 a.m.,7:16 a.m.,9:40 a.m.,9:32 a.m.
usatoday,AA-518-MIA-JFK,6:40 a.m.,6:54 a.m.,9:25 a.m.,9:28 a.m.
usatoday,CO-1586-IAH-MCO,7:00 p.m.,7:14 p.m.,10:15 p.m.,10:29 p.m.
N/A,UA-3925-IAD-ORF,N/A,8:42 a.m.,9:54 a.m.,9:43 a.m.
usatoday,AA-1733-ORD-PHX,NULL,7:58 p.m.,10:30 p.m.,10:30 p.m.
usatoday,N/A,?,5:56 a.m.,N/A,7:17 a.m.
usatoday,UA-3515-IAD-MSP,8:15 a.m.,8:12 a.m.,10:06 a.m.,9:56 a.m.
usatoday,AA-3468-CVG-MIA,missing,7:25 a.m.,N/A,9:45 a.m.
usatoday,AA-484-DFW-MIA,4:15 p.m.,4:29 p.m.,,7:39 p.m.
usatoday,?,5:25 p.m.,5:22 p.m.,8:22 p.m.,8:03 p.m.
usatoday,AA-466-IAH-MIA,NULL,6:08 a.m.,9:20 a.m.,9:05 a.m.
usatoday,UA-3050-PHX-CLT,11:05 a.m.,11:30 a.m.,4:57 p.m.,5:05 p.m.
usatoday,AA-1886-BOS-MIA,10:45 a.m.,10:55 a.m.,2:20 p.m.,1:40 p.m.
NULL,AA-1664-MIA-ATL,10:15 a.m.,10:18 a.m.,12:10 p.m.,11:56 a.m.
usatoday,AA-404-MIA-MCO,,NULL,missing,7:40 a.m.
usatoday,missing,12:15 p.m.,NULL,2:45 p.m.,2:50 p.m.
NULL,UA-382-IAD-LAX,NULL,12:35 p.m.,3:19 p.m.,3:21 p.m.
usatoday,UA-2945-PHL-CLT,12:00 a.m.,3:11 a.m.,1:45 p.m.,1:15 p.m.
usatoday,AA-2050-ORD-MIA,10:40 a.m.,11:05 a.m.,2:45 p.m.,2:46 p.m.
usatoday,UA-248-PHX-ORD,,1:32 p.m.,5:15 p.m.,
usatoday,AA-4330-CVG-ORD,3:35 p.m.,3:36 p.m.,N/A,3:33 p.m.
usatoday,AA-4307-ORD-DTW,,6:55 p.m.,,8:53 p.m.
usatoday,CO-1694-LAX-IAH,,7:15 p.m.,12:21 a.m.,12:21 a.m.
N/A,UA-843-LAX-ORD,1:55 p.m.,2:10 p.m.,7:53 p.m.,7:58 p.m.
usatoday,CO-1193-EWR-MCO,9:15 a.m.,9:14 a.m.,12:18 p.m.,12:09 p.m.
,missing,,8:23 p.m.,9:45 p.m.,9:53 p.m.
usatoday,CO-16-LAX-EWR,10:25 a.m.,10:20 a.m.,6:44 p.m.,6:34 p.m.
usatoday,NULL,10:40 a.m.,11:01 a.m.,2:59 p.m.,3:04 p.m.
usatoday,UA-664-ORD-PHL,1:33 p.m.,1:31 p.m.,4:31 p.m.,4:23 p.m.
usatoday,AA-1522-SFO-ORD,11:55 p.m.,11:55 p.m.,5:50 a.m.,5:50 a.m.
usatoday,UA-257-JFK-SFO,2:30 p.m.,2:26 p.m.,6:15 p.m.,5:42 p.m.
usatoday,UA-3373-IAD-PHL,8:29 a.m.,8:26 a.m.,9:24 a.m.,9:13 a.m.
usatoday,CO-1250-MIA-IAH,2:53 p.m.,3:01 p.m.,4:48 p.m.,4:59 p.m.
usatoday,UA-6273-YYC-SFO,7:35 a.m.,N/A,9:43 a.m.,8:45 a.m.
usatoday,UA-828-SFO-ORD,11:08 p.m.,11:08 p.m.,5:11 a.m.,
usatoday,CO-4888-IAH-DAL,missing,5:30 p.m.,6:40 p.m.,?
missing,UA-2704-DTW-PHX,11:15 a.m.,11:15 a.m.,1:40 p.m.,2:00 p.m.
usatoday,UA-2708-EWR-CLT,N/A,2:55 p.m.,4:53 p.m.,N/A
usatoday,UA-1500-IAH-GUA,8:55 a.m.,9:16 a.m.,11:45 a.m.,11:56 a.m.
usatoday,AA-3804-PHL-ORD,2:35 p.m.,2:44 p.m.,4:05 p.m.,3:43 p.m.
usatoday,AA-2268-PHX-ORD,7:15 a.m.,7:22 a.m.,11:35 a.m.,?
usatoday,UA-233-LAX-JFK,NULL,4:25 p.m.,12:29 a.m.,12:29 a.m.
usatoday,AA-4277-CVG-JFK,12:10 p.m.,12:10 p.m.,2:15 p.m.,1:43 p.m.
N/A,AA-2957-DFW-CVG,7:55 a.m.,8:04 a.m.,11:05 a.m.,11:01 a.m.
usatoday,UA-37-EDI-EWR,,8:52 a.m.,11:53 a.m.,12:09 p.m.
usatoday,AA-789-ORD-DEN,1:05 p.m.,1:19 p.m.,2:35 p.m.,
,UA-854-SFO-IAH,7:53 a.m.,7:49 a.m.,1:39 p.m.,?
usatoday,AA-85-JFK-SFO,3:05 p.m.,3:36 p.m.,NULL,6:43 p.m.
usatoday,N/A,6:30 p.m.,6:30 p.m.,7:25 p.m.,7:25 p.m.
usatoday,AA-1544-SAN-ORD,11:25 a.m.,,?,4:56 p.m.
?,AA-3786-IAH-ORD,4:00 p.m.,4:12 p.m.,,6:15 p.m.
usatoday,AA-3809-PHX-LAX,?,6:10 a.m.,,6:19 a.m.
N/A,AA-59-JFK-SFO,7:10 a.m.,7:39 a.m.,10:45 a.m.,11:12 a.m.
myrateplan,AA-3859-IAH-ORD,7:10 a.m.,7:16 a.m.,9:40 a.m.,9:32 a.m.
myrateplan,CO-1586-IAH-MCO,7:00 p.m.,7:14 p.m.,10:15 p.m.,?
myrateplan,AA-518-MIA-JFK,6:40 a.m.,6:54 a.m.,9:25 a.m.,9:28 a.m.
myrateplan,UA-397-JFK-SFO,8:00 a.m.,,11:55 a.m.,11:58 a.m.
myrateplan,NULL,8:41 a.m.,8:42 a.m.,9:54 a.m.,9:43 a.m.
myrateplan,AA-1733-ORD-PHX,7:45 p.m.,7:58 p.m.,10:30 p.m.,10:30 p.m.
myrateplan,UA-2830-MCO-CLT,3:27 p.m.,3:27 p.m.,5:05 p.m.,5:17 p.m.
myrateplan,CO-58-DEN-IAH,11:25 a.m.,11:32 a.m.,2:50 p.m.,3:31 p.m.
myrateplan,AA-1544-SAN-ORD,11:25 a.m.,N/A,,missing
myrateplan,UA-5487-SFO-MRY,10:39 a.m.,10:33 a.m.,11:19 a.m.,11:21 a.m.
?,AA-204-LAX-MCO,11:25 p.m.,11:25 p.m.,6:55 a.m.,6:55 a.m.
myrateplan,UA-414-LAX-SFO,6:00 a.m.,5:56 a.m.,7:23 a.m.,7:17 a.m.
myrateplan,CO-1614-LAX-IAH,12:30 a.m.,12:41 a.m.,5:35 a.m.,5:26 a.m.
myrateplan,UA-2726-FLL-PHL,4:00 p.m.,4:00 p.m.,6:46 p.m.,6:28 p.m.
myrateplan,CO-52-IAH-LAX,7:35 a.m.,7:29 a.m.,9:21 a.m.,9:14 a.m.
myrateplan,CO-1090-BOS-IAH,9:45 a.m.,10:19 a.m.,missing,
myrateplan,AA-616-DFW-DTW,9:05 a.m.,10:10 a.m.,?,1:27 p.m.
myrateplan,UA-3515-IAD-MSP,8:15 a.m.,NULL,10:06 a.m.,9:56 a.m.
myrateplan,AA-3468-CVG-MIA,7:00 a.m.,missing,9:55 a.m.,9:45 a.m.
myrateplan,AA-484-DFW-MIA,4:15 p.m.,4:29 p.m.,7:55 p.m.,7:39 p.m.
myrateplan,AA-1886-BOS-MIA,10:45 a.m.,10:55 a.m.,2:20 p.m.,1:40 p.m.
myrateplan,CO-62-IAH-EWR,2:30 p.m.,2:48 p.m.,7:03 p.m.,7:10 p.m.
myrateplan,CO-1561-PHX-IAH,8:05 a.m.,8:00 a.m.,11:35 a.m.,11:32 a.m.
myrateplan,UA-2314-ATL-PHL,2:55 p.m.,2:55 p.m.,?,4:47 p.m.
myrateplan,AA-446-DFW-PHL,11:50 a.m.,12:12 p.m.,3:50 p.m.,4:09 p.m.
myrateplan,CO-1023-IAH-DEN,11:40 a.m.,11:56 a.m.,missing,NULL
myrateplan,,6:00 a.m.,missing,9:20 a.m.,9:05 a.m.
myrateplan,?,?,11:30 a.m.,4:57 p.m.,5:05 p.m.
myrateplan,CO-89-IAH-EWR,6:00 a.m.,6:02 a.m.,NULL,10:27 a.m.
,CO-1088-CLE-IAH,NULL,8:40 a.m.,NULL,10:56 a.m.
myrateplan,AA-1664-MIA-ATL,10:15 a.m.,10:18 a.m.,12:10 p.m.,N/A
myrateplan,AA-1279-DFW-PHX,1:00 p.m.,2:04 p.m.,2:35 p.m.,3:30 p.m.
myrateplan,UA-854-SFO-IAH,7:53 a.m.,7:49 a.m.,1:39 p.m.,1:30 p.m.
myrateplan,UA-382-IAD-LAX,12:30 p.m.,12:35 p.m.,3:19 p.m.,3:21 p.m.
myrateplan,AA-4344-ORD-DTW,11:45 a.m.,12:13 p.m.,2:00 p.m.,2:10 p.m.
myrateplan,UA-257-JFK-SFO,?,2:26 p.m.,6:15 p.m.,5:42 p.m.
myrateplan,UA-2945-PHL-CLT,12:00 a.m.,NULL,1:45 p.m.,1:15 p.m.
,CO-63-EWR-IAH,5:25 p.m.,5:22 p.m.,8:22 p.m.,8:03 p.m.
,CO-47-IAH-LAX,7:10 p.m.,8:25 p.m.,8:56 p.m.,NULL
myrateplan,AA-2050-ORD-MIA,10:40 a.m.,,?,2:46 p.m.
myrateplan,,12:57 p.m.,1:32 p.m.,5:15 p.m.,5:34 p.m.
myrateplan,AA-4330-CVG-ORD,3:35 p.m.,3:36 p.m.,4:00 p.m.,3:33 p.m.
myrateplan,AA-1434-DFW-MCO,7:15 a.m.,missing,10:35 a.m.,10:36 a.m.
,AA-1640-MIA-MCO,6:30 p.m.,6:30 p.m.,7:25 p.m.,7:25 p.m.
myrateplan,AA-4307-ORD-DTW,6:45 p.m.,6:55 p.m.,9:10 p.m.,8:53 p.m.
missing,,12:00 p.m.,12:11 p.m.,3:15 p.m.,3:16 p.m.
myrateplan,CO-1694-LAX-IAH,7:15 p.m.,,12:21 a.m.,12:21 a.m.
myrateplan,UA-843-LAX-ORD,1:55 p.m.,NULL,7:53 p.m.,7:58 p.m.
myrateplan,CO-1193-EWR-MCO,,9:14 a.m.,?,12:09 p.m.
myrateplan,AA-3842-MSP-ORD,6:00 a.m.,6:56 a.m.,7:30 a.m.,7:51 a.m.
myrateplan,AA-643-MIA-ORD,7:10 a.m.,7:30 a.m.,9:35 a.m.,9:31 a.m.
myrateplan,AA-1007-MIA-PHX,4:55 p.m.,5:08 p.m.,8:05 p.m.,7:55 p.m.
myrateplan,AA-2525-DFW-MIA,7:25 a.m.,NULL,11:10 a.m.,missing
myrateplan,UA-2906-PHL-MCO,3:50 p.m.,4:28 p.m.,6:23 p.m.,6:38 p.m.
myrateplan,UA-938-DEN-ORD,4:16 p.m.,4:15 p.m.,7:35 p.m.,7:36 p.m.
myrateplan,AA-1221-MCO-ORD,8:00 p.m.,,9:45 p.m.,9:53 p.m.
myrateplan,CO-16-LAX-EWR,10:25 a.m.,10:20 a.m.,6:44 p.m.,missing
,UA-2515-DFW-CLT,,7:05 a.m.,10:31 a.m.,NULL
myrateplan,AA-400-DFW-JFK,10:40 a.m.,11:01 a.m.,2:59 p.m.,3:04 p.m.
myrateplan,UA-664-ORD-PHL,1:33 p.m.,1:31 p.m.,4:31 p.m.,NULL
myrateplan,,12:15 p.m.,12:41 p.m.,2:45 p.m.,?
myrateplan,missing,1:29 p.m.,1:48 p.m.,4:17 p.m.,4:17 p.m.
NULL,NULL,11:55 p.m.,N/A,5:50 a.m.,5:50 a.m.
myrateplan,UA-233-LAX-JFK,4:25 p.m.,4:25 p.m.,12:29 a.m.,12:29 a.m.
myrateplan,AA-3823-LAX-DEN,9:00 p.m.,9:00 p.m.,12:15 a.m.,N/A
?,AA-2312-DFW-DTW,8:25 p.m.,,11:50 p.m.,11:50 p.m.
myrateplan,AA-1165-JFK-MIA,6:59 a.m.,7:22 a.m.,10:34 a.m.,10:04 a.m.
myrateplan,AA-431-MIA-SFO,8:35 a.m.,8:51 a.m.,11:50 a.m.,11:44 a.m.
myrateplan,UA-3373-IAD-PHL,8:29 a.m.,8:26 a.m.,9:24 a.m.,N/A
myrateplan,AA-649-ORD-SNA,1:30 p.m.,1:30 p.m.,N/A,3:50 p.m.
myrateplan,CO-1250-MIA-IAH,2:53 p.m.,3:01 p.m.,4:48 p.m.,4:59 p.m.
myrateplan,UA-6273-YYC-SFO,7:35 a.m.,7:27 a.m.,9:43 a.m.,8:45 a.m.
myrateplan,missing,11:08 p.m.,11:08 p.m.,N/A,5:11 a.m.
,CO-4888-IAH-DAL,5:30 p.m.,5:30 p.m.,6:40 p.m.,6:40 p.m.
myrateplan,UA-858-PVG-SFO,1:45 p.m.,1:32 p.m.,8:27 a.m.,8:02 a.m.
myrateplan,UA-2704-DTW-PHX,11:15 a.m.,11:15 a.m.,1:40 p.m.,2:00 p.m.
,AA-3063-SLC-LAX,8:20 p.m.,8:39 p.m.,9:20 p.m.,9:20 p.m.
myrateplan,UA-2708-EWR-CLT,2:55 p.m.,missing,4:53 p.m.,4:44 p.m.
myrateplan,UA-62-IAH-EWR,2:30 p.m.,2:48 p.m.,7:03 p.m.,7:10 p.m.
,UA-1500-IAH-GUA,8:55 a.m.,9:16 a.m.,11:45 a.m.,11:56 a.m.
?,AA-3804-PHL-ORD,2:35 p.m.,2:44 p.m.,4:05 p.m.,3:43 p.m.
myrateplan,AA-1917-JFK-MCO,2:55 p.m.,3:27 p.m.,5:55 p.m.,5:43 p.m.
myrateplan,AA-2268-PHX-ORD,7:15 a.m.,7:22 a.m.,11:35 a.m.,
myrateplan,AA-4277-CVG-JFK,?,12:10 p.m.,2:15 p.m.,1:43 p.m.
myrateplan,AA-2957-DFW-CVG,7:55 a.m.,8:04 a.m.,11:05 a.m.,11:01 a.m.
myrateplan,UA-37-EDI-EWR,9:05 a.m.,N/A,11:53 a.m.,12:09 p.m.
myrateplan,AA-789-ORD-DEN,1:05 p.m.,1:19 p.m.,2:35 p.m.,3:13 p.m.
myrateplan,AA-415-BOS-ORD,8:35 a.m.,8:56 a.m.,10:40 a.m.,10:16 a.m.
myrateplan,AA-85-JFK-SFO,3:05 p.m.,,6:30 p.m.,6:43 p.m.
myrateplan,AA-3979-CVG-ORD,7:30 a.m.,8:04 a.m.,missing,N/A
myrateplan,AA-3786-IAH-ORD,4:00 p.m.,,6:40 p.m.,
myrateplan,AA-271-MIA-LAX,11:35 a.m.,11:52 a.m.,2:25 p.m.,2:27 p.m.
myrateplan,CO-50-CLE-EWR,2:55 p.m.,3:31 p.m.,4:49 p.m.,5:26 p.m.
,UA-3099-PHX-PHL,11:55 a.m.,11:55 a.m.,6:17 p.m.,missing
myrateplan,AA-4198-ORD-CLE,10:40 a.m.,10:54 a.m.,12:55 p.m.,12:50 p.m.
myrateplan,AA-404-MIA-MCO,6:45 a.m.,6:57 a.m.,7:45 a.m.,7:40 a.m.
myrateplan,CO-45-EWR-MIA,4:00 p.m.,3:58 p.m.,?,6:36 p.m.
myrateplan,AA-3809-PHX-LAX,6:00 a.m.,6:10 a.m.,6:40 a.m.,6:19 a.m.
NULL,AA-59-JFK-SFO,7:10 a.m.,7:39 a.m.,10:45 a.m.,11:12 a.m.
myrateplan,AA-222-LAX-BOS,7:10 a.m.,,3:30 p.m.,3:14 p.m.
orbitz,AA-3859-IAH-ORD,?,7:16 a.m.,9:40 a.m.,9:32 a.m.
orbitz,CO-1586-IAH-MCO,7:00 p.m.,7:14 p.m.,10:15 p.m.,10:29 p.m.
orbitz,AA-518-MIA-JFK,6:40 a.m.,6:54 a.m.,9:25 a.m.,9:28 a.m.
orbitz,UA-397-JFK-SFO,8:00 a.m.,8:29 a.m.,11:55 a.m.,11:58 a.m.
orbitz,UA-3925-IAD-ORF,8:41 a.m.,8:42 a.m.,9:54 a.m.,9:43 a.m.
orbitz,AA-1733-ORD-PHX,7:45 p.m.,7:58 p.m.,10:30 p.m.,10:30 p.m.
orbitz,AA-3-JFK-LAX,12:00 p.m.,12:11 p.m.,N/A,
orbitz,UA-2830-MCO-CLT,3:27 p.m.,,5:05 p.m.,5:17 p.m.
orbitz,CO-58-DEN-IAH,11:25 a.m.,11:32 a.m.,2:50 p.m.,3:31 p.m.
orbitz,UA-5487-SFO-MRY,10:39 a.m.,10:33 a.m.,11:19 a.m.,11:21 a.m.
orbitz,AA-204-LAX-MCO,11:25 p.m.,11:25 p.m.,6:55 a.m.,6:55 a.m.
orbitz,UA-414-LAX-SFO,,,7:23 a.m.,?
orbitz,CO-1614-LAX-IAH,12:30 a.m.,12:41 a.m.,5:35 a.m.,5:26 a.m.
orbitz,UA-2726-FLL-PHL,4:00 p.m.,4:00 p.m.,6:46 p.m.,6:28 p.m.
N/A,CO-52-IAH-LAX,7:35 a.m.,7:29 a.m.,9:21 a.m.,9:14 a.m.
orbitz,,9:45 a.m.,10:19 a.m.,1:16 p.m.,1:19 p.m.
orbitz,missing,9:05 a.m.,10:10 a.m.,12:35 p.m.,1:27 p.m.
orbitz,N/A,NULL,8:12 a.m.,,9:56 a.m.
orbitz,AA-3468-CVG-MIA,7:00 a.m.,7:25 a.m.,9:55 a.m.,
NULL,AA-484-DFW-MIA,4:15 p.m.,?,7:55 p.m.,7:39 p.m.
orbitz,AA-1886-BOS-MIA,10:45 a.m.,10:55 a.m.,2:20 p.m.,1:40 p.m.
orbitz,CO-62-IAH-EWR,2:30 p.m.,2:48 p.m.,7:03 p.m.,7:10 p.m.
orbitz,NULL,8:05 a.m.,8:00 a.m.,11:35 a.m.,11:32 a.m.
orbitz,UA-2314-ATL-PHL,2:55 p.m.,2:55 p.m.,missing,4:47 p.m.
orbitz,AA-446-DFW-PHL,11:50 a.m.,12:12 p.m.,3:50 p.m.,4:09 p.m.
,CO-1023-IAH-DEN,11:40 a.m.,11:56 a.m.,,1:14 p.m.
orbitz,AA-466-IAH-MIA,6:00 a.m.,N/A,N/A,9:05 a.m.
orbitz,missing,11:05 a.m.,11:30 a.m.,4:57 p.m.,5:05 p.m.
orbitz,CO-89-IAH-EWR,6:00 a.m.,6:02 a.m.,10:20 a.m.,10:27 a.m.
orbitz,CO-1088-CLE-IAH,8:40 a.m.,8:40 a.m.,10:54 a.m.,10:56 a.m.
orbitz,AA-1664-MIA-ATL,N/A,10:18 a.m.,12:10 p.m.,11:56 a.m.
orbitz,AA-1279-DFW-PHX,1:00 p.m.,2:04 p.m.,2:35 p.m.,3:30 p.m.
orbitz,UA-854-SFO-IAH,7:53 a.m.,7:49 a.m.,1:39 p.m.,1:30 p.m.
orbitz,UA-382-IAD-LAX,12:30 p.m.,,3:19 p.m.,3:21 p.m.
orbitz,AA-4344-ORD-DTW,11:45 a.m.,NULL,2:00 p.m.,2:10 p.m.
orbitz,UA-257-JFK-SFO,2:30 p.m.,2:26 p.m.,6:15 p.m.,5:42 p.m.
orbitz,UA-2945-PHL-CLT,12:00 a.m.,3:11 a.m.,1:45 p.m.,1:15 p.m.
orbitz,CO-63-EWR-IAH,5:25 p.m.,5:22 p.m.,8:22 p.m.,8:03 p.m.
orbitz,CO-47-IAH-LAX,7:10 p.m.,8:25 p.m.,8:56 p.m.,N/A
orbitz,AA-2050-ORD-MIA,10:40 a.m.,11:05 a.m.,N/A,2:46 p.m.
orbitz,UA-248-PHX-ORD,12:57 p.m.,1:32 p.m.,5:15 p.m.,5:34 p.m.
orbitz,,3:35 p.m.,3:36 p.m.,4:00 p.m.,3:33 p.m.
,AA-1434-DFW-MCO,7:15 a.m.,,10:35 a.m.,10:36 a.m.
orbitz,,6:30 p.m.,6:30 p.m.,7:25 p.m.,7:25 p.m.
orbitz,AA-4307-ORD-DTW,6:45 p.m.,6:55 p.m.,9:10 p.m.,8:53 p.m.
,CO-1694-LAX-IAH,NULL,7:15 p.m.,12:21 a.m.,12:21 a.m.
orbitz,N/A,1:55 p.m.,2:10 p.m.,7:53 p.m.,7:58 p.m.
orbitz,missing,9:15 a.m.,9:14 a.m.,12:18 p.m.,N/A
orbitz,N/A,,N/A,7:30 a.m.,missing
orbitz,AA-643-MIA-ORD,7:10 a.m.,7:30 a.m.,9:35 a.m.,9:31 a.m.
missing,AA-1007-MIA-PHX,4:55 p.m.,5:08 p.m.,8:05 p.m.,7:55 p.m.
orbitz,UA-2906-PHL-MCO,N/A,4:28 p.m.,6:23 p.m.,6:38 p.m.
orbitz,UA-938-DEN-ORD,4:16 p.m.,4:15 p.m.,,7:36 p.m.
orbitz,AA-1221-MCO-ORD,8:00 p.m.,8:23 p.m.,9:45 p.m.,9:53 p.m.
orbitz,CO-16-LAX-EWR,10:25 a.m.,10:20 a.m.,6:44 p.m.,missing
orbitz,UA-2515-DFW-CLT,7:05 a.m.,7:05 a.m.,10:31 a.m.,missing
orbitz,AA-400-DFW-JFK,10:40 a.m.,11:01 a.m.,2:59 p.m.,
orbitz,UA-664-ORD-PHL,1:33 p.m.,1:31 p.m.,,
missing,AA-3756-ORD-SLC,12:15 p.m.,12:41 p.m.,2:45 p.m.,2:50 p.m.
orbitz,UA-37-EWR-MCO,N/A,1:48 p.m.,4:17 p.m.,?
orbitz,?,11:55 p.m.,11:55 p.m.,5:50 a.m.,missing
orbitz,UA-233-LAX-JFK,4:25 p.m.,4:25 p.m.,NULL,12:29 a.m.
N/A,AA-3823-LAX-DEN,9:00 p.m.,9:00 p.m.,12:15 a.m.,12:15 a.m.
orbitz,AA-2312-DFW-DTW,8:25 p.m.,8:25 p.m.,11:50 p.m.,11:50 p.m.
orbitz,missing,?,missing,,10:04 a.m.
orbitz,AA-431-MIA-SFO,8:35 a.m.,NULL,11:50 a.m.,11:44 a.m.
orbitz,AA-649-ORD-SNA,1:30 p.m.,?,?,3:50 p.m.
orbitz,,2:53 p.m.,3:01 p.m.,4:48 p.m.,4:59 p.m.
orbitz,UA-6273-YYC-SFO,,7:27 a.m.,9:43 a.m.,8:45 a.m.
orbitz,UA-828-SFO-ORD,11:08 p.m.,11:08 p.m.,5:11 a.m.,5:11 a.m.
orbitz,CO-4888-IAH-DAL,5:30 p.m.,5:30 p.m.,6:40 p.m.,
orbitz,UA-858-PVG-SFO,1:45 p.m.,1:32 p.m.,8:27 a.m.,
orbitz,,11:15 a.m.,11:15 a.m.,1:40 p.m.,missing
orbitz,AA-3063-SLC-LAX,?,N/A,9:20 p.m.,9:20 p.m.
orbitz,?,2:55 p.m.,2:55 p.m.,4:53 p.m.,4:44 p.m.
orbitz,UA-62-IAH-EWR,2:30 p.m.,2:48 p.m.,7:03 p.m.,7:10 p.m.
orbitz,UA-1500-IAH-GUA,8:55 a.m.,9:16 a.m.,11:45 a.m.,11:56 a.m.
orbitz,AA-3804-PHL-ORD,2:35 p.m.,2:44 p.m.,4:05 p.m.,3:43 p.m.
N/A,,?,3:27 p.m.,missing,5:43 p.m.
orbitz,AA-2268-PHX-ORD,7:15 a.m.,7:22 a.m.,11:35 a.m.,11:06 a.m.
orbitz,AA-4277-CVG-JFK,missing,12:10 p.m.,2:15 p.m.,1:43 p.m.
orbitz,AA-2957-DFW-CVG,,8:04 a.m.,11:05 a.m.,11:01 a.m.
orbitz,N/A,9:05 a.m.,NULL,11:53 a.m.,12:09 p.m.
?,AA-789-ORD-DEN,1:05 p.m.,1:19 p.m.,2:35 p.m.,
orbitz,AA-415-BOS-ORD,8:35 a.m.,8:56 a.m.,10:40 a.m.,10:16 a.m.
orbitz,?,N/A,3:36 p.m.,6:30 p.m.,6:43 p.m.
orbitz,AA-3979-CVG-ORD,7:30 a.m.,8:04 a.m.,,8:06 a.m.
orbitz,AA-1544-SAN-ORD,N/A,11:40 a.m.,5:25 p.m.,4:56 p.m.
orbitz,AA-3786-IAH-ORD,4:00 p.m.,4:12 p.m.,6:40 p.m.,6:15 p.m.
orbitz,AA-271-MIA-LAX,11:35 a.m.,11:52 a.m.,2:25 p.m.,2:27 p.m.
orbitz,AA-2525-DFW-MIA,7:25 a.m.,7:39 a.m.,,11:06 a.m.
orbitz,CO-50-CLE-EWR,2:55 p.m.,3:31 p.m.,4:49 p.m.,5:26 p.m.
orbitz,UA-3099-PHX-PHL,11:55 a.m.,11:55 a.m.,6:17 p.m.,5:38 p.m.
?,AA-4198-ORD-CLE,10:40 a.m.,10:54 a.m.,12:55 p.m.,12:50 p.m.
orbitz,AA-404-MIA-MCO,6:45 a.m.,6:57 a.m.,7:45 a.m.,7:40 a.m.
orbitz,CO-45-EWR-MIA,missing,3:58 p.m.,7:05 p.m.,6:36 p.m.
,AA-3809-PHX-LAX,6:00 a.m.,missing,6:40 a.m.,6:19 a.m.
NULL,NULL,7:10 a.m.,7:39 a.m.,10:45 a.m.,11:12 a.m.
?,AA-222-LAX-BOS,7:10 a.m.,,3:30 p.m.,3:14 p.m.
phl,,11:50 a.m.,12:12 p.m.,3:50 p.m.,NULL
phl,NULL,8:29 a.m.,,9:24 a.m.,9:13 a.m.
phl,AA-3804-PHL-ORD,2:35 p.m.,2:44 p.m.,4:05 p.m.,NULL
phl,N/A,1:33 p.m.,missing,4:31 p.m.,4:23 p.m.
CO,CO-1586-IAH-MCO,7:00 p.m.,7:14 p.m.,missing,10:29 p.m.
CO,?,7:35 a.m.,7:29 a.m.,9:21 a.m.,9:14 a.m.
?,CO-1023-IAH-DEN,11:40 a.m.,11:56 a.m.,1:17 p.m.,1:14 p.m.
CO,CO-89-IAH-EWR,6:00 a.m.,6:02 a.m.,,
CO,CO-1694-LAX-IAH,7:15 p.m.,7:15 p.m.,12:21 a.m.,
CO,CO-1614-LAX-IAH,missing,12:41 a.m.,,5:26 a.m.
CO,CO-1088-CLE-IAH,8:40 a.m.,,,
CO,,11:25 a.m.,11:32 a.m.,2:50 p.m.,3:31 p.m.
CO,CO-50-CLE-EWR,2:55 p.m.,3:31 p.m.,4:49 p.m.,5:26 p.m.
CO,missing,2:30 p.m.,2:48 p.m.,7:03 p.m.,?
CO,?,9:15 a.m.,9:14 a.m.,,12:09 p.m.
CO,CO-16-LAX-EWR,,10:20 a.m.,6:44 p.m.,6:34 p.m.
CO,,9:45 a.m.,10:19 a.m.,1:16 p.m.,1:19 p.m.
CO,CO-1250-MIA-IAH,2:53 p.m.,3:01 p.m.,missing,4:59 p.m.
CO,,7:10 p.m.,8:25 p.m.,8:56 p.m.,9:52 p.m.
CO,,5:30 p.m.,5:30 p.m.,6:40 p.m.,6:40 p.m.
CO,CO-45-EWR-MIA,4:00 p.m.,3:58 p.m.,7:05 p.m.,6:36 p.m.
CO,CO-63-EWR-IAH,5:25 p.m.,5:22 p.m.,8:22 p.m.,8:03 p.m.
CO,CO-1561-PHX-IAH,N/A,8:00 a.m.,?,11:32 a.m.
ifly,,6:00 a.m.,6:56 a.m.,7:30 a.m.,7:51 a.m.
ifly,AA-3804-PHL-ORD,2:35 p.m.,2:44 p.m.,4:05 p.m.,3:43 p.m.
ifly,CO-1090-BOS-IAH,9:45 a.m.,10:19 a.m.,1:16 p.m.,1:19 p.m.
ifly,AA-1917-JFK-MCO,2:55 p.m.,3:27 p.m.,5:55 p.m.,N/A
ifly,UA-2906-PHL-MCO,3:50 p.m.,4:28 p.m.,6:23 p.m.,
ifly,CO-89-IAH-EWR,6:00 a.m.,6:02 a.m.,10:20 a.m.,10:27 a.m.
ifly,UA-938-DEN-ORD,,missing,7:35 p.m.,7:36 p.m.
ifly,UA-3925-IAD-ORF,8:41 a.m.,8:42 a.m.,9:54 a.m.,N/A
ifly,AA-789-ORD-DEN,,1:19 p.m.,2:35 p.m.,
ifly,AA-1434-DFW-MCO,7:15 a.m.,7:21 a.m.,10:35 a.m.,10:36 a.m.
ifly,UA-664-ORD-PHL,1:33 p.m.,1:31 p.m.,?,4:23 p.m.
ifly,AA-3756-ORD-SLC,12:15 p.m.,12:41 p.m.,2:45 p.m.,2:50 p.m.
ifly,CO-1614-LAX-IAH,?,12:41 a.m.,5:35 a.m.,5:26 a.m.
ifly,CO-58-DEN-IAH,11:25 a.m.,11:32 a.m.,2:50 p.m.,?
ifly,,,4:25 p.m.,12:29 a.m.,12:29 a.m.
,AA-3979-CVG-ORD,7:30 a.m.,8:04 a.m.,8:00 a.m.,8:06 a.m.
ifly,missing,9:00 p.m.,9:00 p.m.,12:15 a.m.,12:15 a.m.
ifly,AA-3786-IAH-ORD,4:00 p.m.,4:12 p.m.,6:40 p.m.,6:15 p.m.
missing,AA-431-MIA-SFO,8:35 a.m.,8:51 a.m.,11:50 a.m.,11:44 a.m.
,AA-1733-ORD-PHX,7:45 p.m.,7:58 p.m.,10:30 p.m.,10:30 p.m.
ifly,UA-3373-IAD-PHL,8:29 a.m.,8:26 a.m.,,?
ifly,UA-3099-PHX-PHL,11:55 a.m.,11:55 a.m.,,5:38 p.m.
,UA-2314-ATL-PHL,,2:55 p.m.,5:00 p.m.,4:47 p.m.
ifly,CO-16-LAX-EWR,10:25 a.m.,10:20 a.m.,6:44 p.m.,6:34 p.m.
ifly,CO-1250-MIA-IAH,2:53 p.m.,3:01 p.m.,4:48 p.m.,4:59 p.m.
ifly,AA-3468-CVG-MIA,7:00 a.m.,7:25 a.m.,9:55 a.m.,9:45 a.m.
ifly,AA-2050-ORD-MIA,10:40 a.m.,11:05 a.m.,2:45 p.m.,2:46 p.m.
ifly,AA-415-BOS-ORD,?,8:56 a.m.,NULL,10:16 a.m.
ifly,AA-3063-SLC-LAX,8:20 p.m.,N/A,9:20 p.m.,9:20 p.m.
ifly,,,N/A,6:40 a.m.,6:19 a.m.
ifly,AA-59-JFK-SFO,,7:39 a.m.,10:45 a.m.,11:12 a.m.
ifly,UA-62-IAH-EWR,2:30 p.m.,2:48 p.m.,7:03 p.m.,7:10 p.m.
ifly,AA-616-DFW-DTW,NULL,10:10 a.m.,12:35 p.m.,1:27 p.m.
ifly,AA-3-JFK-LAX,12:00 p.m.,12:11 p.m.,3:15 p.m.,3:16 p.m.
ifly,CO-1694-LAX-IAH,7:15 p.m.,7:15 p.m.,12:21 a.m.,12:21 a.m.
ifly,AA-446-DFW-PHL,11:50 a.m.,12:12 p.m.,3:50 p.m.,NULL
sfo,UA-397-JFK-SFO,N/A,8:29 a.m.,11:55 a.m.,11:58 a.m.
,AA-85-JFK-SFO,3:05 p.m.,?,missing,6:43 p.m.
sfo,AA-431-MIA-SFO,8:35 a.m.,8:51 a.m.,11:50 a.m.,11:44 a.m.
sfo,AA-59-JFK-SFO,7:10 a.m.,7:39 a.m.,10:45 a.m.,11:12 a.m.
sfo,?,2:30 p.m.,2:26 p.m.,6:15 p.m.,5:42 p.m.
sfo,UA-414-LAX-SFO,6:00 a.m.,5:56 a.m.,7:23 a.m.,7:17 a.m.
flytecomm,AA-3859-IAH-ORD,7:10 a.m.,NULL,9:40 a.m.,9:32 a.m.
flytecomm,CO-1586-IAH-MCO,7:00 p.m.,7:14 p.m.,10:15 p.m.,10:29 p.m.
flytecomm,AA-518-MIA-JFK,6:40 a.m.,,9:25 a.m.,9:28 a.m.
flytecomm,UA-397-JFK-SFO,8:00 a.m.,8:29 a.m.,N/A,11:58 a.m.
,UA-3925-IAD-ORF,8:41 a.m.,8:42 a.m.,,9:43 a.m.
flytecomm,AA-1733-ORD-PHX,7:45 p.m.,7:58 p.m.,10:30 p.m.,10:30 p.m.
flytecomm,UA-2830-MCO-CLT,NULL,3:27 p.m.,N/A,
flytecomm,CO-58-DEN-IAH,11:25 a.m.,11:32 a.m.,2:50 p.m.,N/A
flytecomm,AA-1544-SAN-ORD,11:25 a.m.,,5:25 p.m.,4:56 p.m.
flytecomm,UA-5487-SFO-MRY,10:39 a.m.,10:33 a.m.,11:19 a.m.,11:21 a.m.
,AA-204-LAX-MCO,11:25 p.m.,11:25 p.m.,6:55 a.m.,6:55 a.m.
,UA-414-LAX-SFO,6:00 a.m.,5:56 a.m.,7:23 a.m.,7:17 a.m.
flytecomm,CO-1614-LAX-IAH,missing,12:41 a.m.,5:35 a.m.,5:26 a.m.
flytecomm,UA-2726-FLL-PHL,4:00 p.m.,4:00 p.m.,6:46 p.m.,6:28 p.m.
flytecomm,CO-52-IAH-LAX,7:35 a.m.,7:29 a.m.,9:21 a.m.,9:14 a.m.
flytecomm,CO-1090-BOS-IAH,9:45 a.m.,10:19 a.m.,1:16 p.m.,1:19 p.m.
flytecomm,AA-616-DFW-DTW,9:05 a.m.,10:10 a.m.,12:35 p.m.,1:27 p.m.
,UA-3515-IAD-MSP,8:15 a.m.,NULL,10:06 a.m.,9:56 a.m.
flytecomm,AA-3468-CVG-MIA,7:00 a.m.,7:25 a.m.,9:55 a.m.,?
flytecomm,AA-484-DFW-MIA,4:15 p.m.,4:29 p.m.,7:55 p.m.,missing
flytecomm,AA-1886-BOS-MIA,10:45 a.m.,10:55 a.m.,2:20 p.m.,1:40 p.m.
flytecomm,CO-62-IAH-EWR,2:30 p.m.,2:48 p.m.,7:03 p.m.,7:10 p.m.
flytecomm,CO-1561-PHX-IAH,8:05 a.m.,8:00 a.m.,11:35 a.m.,11:32 a.m.
flytecomm,UA-2314-ATL-PHL,2:55 p.m.,2:55 p.m.,5:00 p.m.,4:47 p.m.
flytecomm,AA-446-DFW-PHL,11:50 a.m.,12:12 p.m.,3:50 p.m.,4:09 p.m.
flytecomm,CO-1023-IAH-DEN,11:40 a.m.,11:56 a.m.,1:17 p.m.,NULL
flytecomm,AA-466-IAH-MIA,6:00 a.m.,6:08 a.m.,9:20 a.m.,
flytecomm,UA-3050-PHX-CLT,11:05 a.m.,11:30 a.m.,NULL,5:05 p.m.
flytecomm,CO-89-IAH-EWR,6:00 a.m.,6:02 a.m.,10:20 a.m.,10:27 a.m.
flytecomm,CO-1088-CLE-IAH,8:40 a.m.,8:40 a.m.,10:54 a.m.,10:56 a.m.
flytecomm,AA-1664-MIA-ATL,10:15 a.m.,10:18 a.m.,12:10 p.m.,11:56 a.m.
flytecomm,AA-1279-DFW-PHX,1:00 p.m.,2:04 p.m.,2:35 p.m.,3:30 p.m.
flytecomm,UA-854-SFO-IAH,7:53 a.m.,7:49 a.m.,1:39 p.m.,1:30 p.m.
N/A,UA-382-IAD-LAX,12:30 p.m.,12:35 p.m.,3:19 p.m.,3:21 p.m.
N/A,N/A,11:45 a.m.,12:13 p.m.,2:00 p.m.,missing
flytecomm,UA-257-JFK-SFO,NULL,2:26 p.m.,6:15 p.m.,5:42 p.m.
flytecomm,UA-2945-PHL-CLT,12:00 a.m.,NULL,1:45 p.m.,1:15 p.m.
flytecomm,CO-63-EWR-IAH,5:25 p.m.,?,8:22 p.m.,8:03 p.m.
,CO-47-IAH-LAX,7:10 p.m.,missing,8:56 p.m.,9:52 p.m.
flytecomm,AA-2050-ORD-MIA,10:40 a.m.,NULL,NULL,2:46 p.m.
?,UA-248-PHX-ORD,12:57 p.m.,1:32 p.m.,5:15 p.m.,N/A
flytecomm,AA-4330-CVG-ORD,3:35 p.m.,3:36 p.m.,4:00 p.m.,3:33 p.m.
flytecomm,AA-1434-DFW-MCO,7:15 a.m.,7:21 a.m.,10:35 a.m.,10:36 a.m.
flytecomm,AA-1640-MIA-MCO,6:30 p.m.,?,7:25 p.m.,7:25 p.m.
flytecomm,AA-4307-ORD-DTW,6:45 p.m.,6:55 p.m.,9:10 p.m.,8:53 p.m.
flytecomm,AA-3-JFK-LAX,12:00 p.m.,12:11 p.m.,3:15 p.m.,3:16 p.m.
flytecomm,CO-1694-LAX-IAH,7:15 p.m.,7:15 p.m.,12:21 a.m.,12:21 a.m.
,UA-843-LAX-ORD,1:55 p.m.,2:10 p.m.,?,7:58 p.m.
flytecomm,CO-1193-EWR-MCO,9:15 a.m.,9:14 a.m.,12:18 p.m.,12:09 p.m.
flytecomm,,6:00 a.m.,6:56 a.m.,7:30 a.m.,7:51 a.m.
flytecomm,N/A,7:10 a.m.,7:30 a.m.,9:35 a.m.,9:31 a.m.
flytecomm,AA-1007-MIA-PHX,,5:08 p.m.,8:05 p.m.,7:55 p.m.
flytecomm,AA-2525-DFW-MIA,7:25 a.m.,7:39 a.m.,11:10 a.m.,11:06 a.m.
flytecomm,UA-2906-PHL-MCO,3:50 p.m.,4:28 p.m.,,6:38 p.m.
flytecomm,UA-938-DEN-ORD,4:16 p.m.,4:15 p.m.,7:35 p.m.,7:36 p.m.
flytecomm,AA-1221-MCO-ORD,8:00 p.m.,8:23 p.m.,missing,9:53 p.m.
missing,CO-16-LAX-EWR,10:25 a.m.,10:20 a.m.,6:44 p.m.,NULL
flytecomm,UA-2515-DFW-CLT,7:05 a.m.,7:05 a.m.,10:31 a.m.,10:47 a.m.
flytecomm,AA-400-DFW-JFK,10:40 a.m.,11:01 a.m.,2:59 p.m.,3:04 p.m.
flytecomm,UA-664-ORD-PHL,1:33 p.m.,1:31 p.m.,4:31 p.m.,4:23 p.m.
flytecomm,AA-3756-ORD-SLC,12:15 p.m.,12:41 p.m.,2:45 p.m.,2:50 p.m.
N/A,?,1:29 p.m.,1:48 p.m.,4:17 p.m.,N/A
flytecomm,AA-1522-SFO-ORD,missing,11:55 p.m.,5:50 a.m.,5:50 a.m.
flytecomm,UA-233-LAX-JFK,4:25 p.m.,N/A,12:29 a.m.,12:29 a.m.
flytecomm,AA-3823-LAX-DEN,9:00 p.m.,9:00 p.m.,12:15 a.m.,12:15 a.m.
flytecomm,?,8:25 p.m.,8:25 p.m.,,11:50 p.m.
flytecomm,AA-1165-JFK-MIA,6:59 a.m.,N/A,10:34 a.m.,10:04 a.m.
flytecomm,AA-431-MIA-SFO,8:35 a.m.,8:51 a.m.,N/A,11:44 a.m.
flytecomm,UA-3373-IAD-PHL,8:29 a.m.,8:26 a.m.,9:24 a.m.,9:13 a.m.
flytecomm,AA-649-ORD-SNA,1:30 p.m.,missing,3:50 p.m.,3:50 p.m.
,?,2:53 p.m.,3:01 p.m.,4:48 p.m.,4:59 p.m.
?,NULL,7:35 a.m.,7:27 a.m.,9:43 a.m.,
flytecomm,UA-828-SFO-ORD,11:08 p.m.,11:08 p.m.,5:11 a.m.,5:11 a.m.
flytecomm,CO-4888-IAH-DAL,,5:30 p.m.,6:40 p.m.,6:40 p.m.
flytecomm,missing,missing,1:32 p.m.,8:27 a.m.,8:02 a.m.
flytecomm,UA-2704-DTW-PHX,missing,11:15 a.m.,1:40 p.m.,2:00 p.m.
,AA-3063-SLC-LAX,8:20 p.m.,8:39 p.m.,NULL,9:20 p.m.
flytecomm,,,2:55 p.m.,N/A,4:44 p.m.
missing,?,2:30 p.m.,,7:03 p.m.,7:10 p.m.
flytecomm,UA-1500-IAH-GUA,8:55 a.m.,9:16 a.m.,11:45 a.m.,11:56 a.m.
flytecomm,AA-3804-PHL-ORD,2:35 p.m.,missing,4:05 p.m.,3:43 p.m.
flytecomm,AA-1917-JFK-MCO,2:55 p.m.,3:27 p.m.,NULL,5:43 p.m.
flytecomm,AA-2268-PHX-ORD,7:15 a.m.,7:22 a.m.,11:35 a.m.,11:06 a.m.
flytecomm,AA-4277-CVG-JFK,12:10 p.m.,12:10 p.m.,2:15 p.m.,1:43 p.m.
flytecomm,AA-2957-DFW-CVG,7:55 a.m.,8:04 a.m.,11:05 a.m.,11:01 a.m.
flytecomm,UA-37-EDI-EWR,9:05 a.m.,8:52 a.m.,11:53 a.m.,12:09 p.m.
flytecomm,AA-789-ORD-DEN,1:05 p.m.,1:19 p.m.,,3:13 p.m.
?,AA-415-BOS-ORD,8:35 a.m.,8:56 a.m.,10:40 a.m.,10:16 a.m.
flytecomm,AA-85-JFK-SFO,3:05 p.m.,3:36 p.m.,6:30 p.m.,6:43 p.m.
flytecomm,AA-3979-CVG-ORD,7:30 a.m.,,8:00 a.m.,8:06 a.m.
flytecomm,AA-3786-IAH-ORD,4:00 p.m.,4:12 p.m.,6:40 p.m.,6:15 p.m.
flytecomm,AA-271-MIA-LAX,11:35 a.m.,11:52 a.m.,2:25 p.m.,2:27 p.m.
flytecomm,CO-50-CLE-EWR,2:55 p.m.,3:31 p.m.,4:49 p.m.,5:26 p.m.
flytecomm,UA-3099-PHX-PHL,11:55 a.m.,11:55 a.m.,6:17 p.m.,N/A
flytecomm,AA-4198-ORD-CLE,10:40 a.m.,10:54 a.m.,12:55 p.m.,12:50 p.m.
flytecomm,AA-404-MIA-MCO,6:45 a.m.,6:57 a.m.,7:45 a.m.,7:40 a.m.
flytecomm,missing,4:00 p.m.,3:58 p.m.,7:05 p.m.,6:36 p.m.
flytecomm,AA-3809-PHX-LAX,missing,6:10 a.m.,missing,6:19 a.m.
flytecomm,AA-59-JFK-SFO,7:10 a.m.,7:39 a.m.,10:45 a.m.,11:12 a.m.
flytecomm,AA-222-LAX-BOS,7:10 a.m.,missing,3:30 p.m.,3:14 p.m.
mytripandmore,AA-1733-ORD-PHX,7:45 p.m.,7:58 p.m.,10:30 p.m.,10:30 p.m.
mytripandmore,CO-1586-IAH-MCO,7:00 p.m.,,10:15 p.m.,10:29 p.m.
mytripandmore,UA-3925-IAD-ORF,8:41 a.m.,NULL,9:54 a.m.,9:43 a.m.
mytripandmore,AA-1640-MIA-MCO,NULL,6:30 p.m.,7:25 p.m.,7:25 p.m.
mytripandmore,UA-2830-MCO-CLT,3:27 p.m.,3:27 p.m.,5:05 p.m.,5:17 p.m.
mytripandmore,UA-5487-SFO-MRY,10:39 a.m.,10:33 a.m.,,11:21 a.m.
mytripandmore,AA-204-LAX-MCO,11:25 p.m.,missing,missing,6:55 a.m.
mytripandmore,CO-1614-LAX-IAH,12:30 a.m.,12:41 a.m.,5:35 a.m.,5:26 a.m.
mytripandmore,,4:00 p.m.,4:00 p.m.,,6:28 p.m.
mytripandmore,CO-1090-BOS-IAH,9:45 a.m.,10:19 a.m.,1:16 p.m.,NULL
mytripandmore,AA-3468-CVG-MIA,7:00 a.m.,7:25 a.m.,9:55 a.m.,9:45 a.m.
mytripandmore,CO-62-IAH-EWR,,2:48 p.m.,7:03 p.m.,7:10 p.m.
mytripandmore,CO-1023-IAH-DEN,11:40 a.m.,11:56 a.m.,1:17 p.m.,
mytripandmore,AA-466-IAH-MIA,6:00 a.m.,6:08 a.m.,9:20 a.m.,9:05 a.m.
mytripandmore,UA-3050-PHX-CLT,11:05 a.m.,11:30 a.m.,4:57 p.m.,NULL
mytripandmore,?,10:15 a.m.,10:18 a.m.,12:10 p.m.,11:56 a.m.
mytripandmore,AA-3979-CVG-ORD,7:30 a.m.,8:04 a.m.,8:00 a.m.,8:06 a.m.
mytripandmore,UA-382-IAD-LAX,?,12:35 p.m.,3:19 p.m.,3:21 p.m.
mytripandmore,AA-616-DFW-DTW,9:05 a.m.,10:10 a.m.,12:35 p.m.,1:27 p.m.
mytripandmore,AA-4344-ORD-DTW,11:45 a.m.,12:13 p.m.,2:00 p.m.,2:10 p.m.
mytripandmore,UA-2945-PHL-CLT,12:00 a.m.,3:11 a.m.,1:45 p.m.,1:15 p.m.
mytripandmore,CO-47-IAH-LAX,,8:25 p.m.,8:56 p.m.,9:52 p.m.
mytripandmore,AA-271-MIA-LAX,11:35 a.m.,11:52 a.m.,2:25 p.m.,2:27 p.m.
mytripandmore,,6:00 a.m.,,7:30 a.m.,7:51 a.m.
mytripandmore,AA-643-MIA-ORD,7:10 a.m.,7:30 a.m.,9:35 a.m.,9:31 a.m.
N/A,?,,,8:05 p.m.,7:55 p.m.
mytripandmore,AA-2525-DFW-MIA,7:25 a.m.,7:39 a.m.,11:10 a.m.,11:06 a.m.
,missing,8:00 p.m.,8:23 p.m.,9:45 p.m.,9:53 p.m.
mytripandmore,UA-2515-DFW-CLT,7:05 a.m.,7:05 a.m.,10:31 a.m.,10:47 a.m.
,AA-4307-ORD-DTW,?,6:55 p.m.,9:10 p.m.,8:53 p.m.
?,UA-233-LAX-JFK,4:25 p.m.,4:25 p.m.,12:29 a.m.,12:29 a.m.
mytripandmore,AA-3823-LAX-DEN,,9:00 p.m.,12:15 a.m.,12:15 a.m.
mytripandmore,?,8:25 p.m.,8:25 p.m.,11:50 p.m.,11:50 p.m.
mytripandmore,AA-1165-JFK-MIA,6:59 a.m.,7:22 a.m.,10:34 a.m.,10:04 a.m.
mytripandmore,AA-431-MIA-SFO,8:35 a.m.,,11:50 a.m.,11:44 a.m.
mytripandmore,UA-257-JFK-SFO,,2:26 p.m.,6:15 p.m.,5:42 p.m.
?,AA-649-ORD-SNA,1:30 p.m.,1:30 p.m.,3:50 p.m.,3:50 p.m.
mytripandmore,CO-1250-MIA-IAH,2:53 p.m.,3:01 p.m.,,N/A
mytripandmore,UA-828-SFO-ORD,NULL,11:08 p.m.,?,5:11 a.m.
mytripandmore,AA-3063-SLC-LAX,8:20 p.m.,8:39 p.m.,9:20 p.m.,9:20 p.m.
mytripandmore,AA-1917-JFK-MCO,missing,3:27 p.m.,5:55 p.m.,5:43 p.m.
mytripandmore,,7:35 a.m.,7:27 a.m.,N/A,8:45 a.m.
mytripandmore,,12:10 p.m.,12:10 p.m.,2:15 p.m.,1:43 p.m.
mytripandmore,UA-37-EDI-EWR,,8:52 a.m.,,NULL
mytripandmore,AA-59-JFK-SFO,7:10 a.m.,7:39 a.m.,10:45 a.m.,11:12 a.m.
mytripandmore,AA-415-BOS-ORD,8:35 a.m.,8:56 a.m.,10:40 a.m.,10:16 a.m.
mytripandmore,AA-1544-SAN-ORD,11:25 a.m.,11:40 a.m.,5:25 p.m.,4:56 p.m.
mytripandmore,AA-3786-IAH-ORD,4:00 p.m.,4:12 p.m.,6:40 p.m.,6:15 p.m.
mytripandmore,CO-50-CLE-EWR,,3:31 p.m.,,5:26 p.m.
mytripandmore,NULL,6:45 a.m.,6:57 a.m.,7:45 a.m.,7:40 a.m.
ord,,7:10 a.m.,7:16 a.m.,9:40 a.m.,9:32 a.m.
ord,AA-3842-MSP-ORD,6:00 a.m.,6:56 a.m.,7:30 a.m.,7:51 a.m.
ord,AA-643-MIA-ORD,7:10 a.m.,7:30 a.m.,9:35 a.m.,9:31 a.m.
ord,AA-3804-PHL-ORD,NULL,2:44 p.m.,4:05 p.m.,3:43 p.m.
ord,AA-2268-PHX-ORD,7:15 a.m.,?,11:35 a.m.,11:06 a.m.
NULL,AA-1221-MCO-ORD,8:00 p.m.,8:23 p.m.,missing,9:53 p.m.
ord,UA-938-DEN-ORD,4:16 p.m.,missing,missing,?
?,AA-789-ORD-DEN,1:05 p.m.,1:19 p.m.,2:35 p.m.,3:13 p.m.
ord,AA-4307-ORD-DTW,6:45 p.m.,6:55 p.m.,9:10 p.m.,8:53 p.m.
ord,AA-3979-CVG-ORD,7:30 a.m.,,8:00 a.m.,8:06 a.m.
,UA-664-ORD-PHL,1:33 p.m.,1:31 p.m.,4:31 p.m.,4:23 p.m.
ord,AA-3756-ORD-SLC,12:15 p.m.,12:41 p.m.,2:45 p.m.,2:50 p.m.
ord,AA-3786-IAH-ORD,4:00 p.m.,4:12 p.m.,6:40 p.m.,6:15 p.m.
NULL,AA-1522-SFO-ORD,11:55 p.m.,11:55 p.m.,5:50 a.m.,NULL
ord,AA-1544-SAN-ORD,11:25 a.m.,11:40 a.m.,5:25 p.m.,4:56 p.m.
ord,AA-4344-ORD-DTW,11:45 a.m.,12:13 p.m.,2:00 p.m.,2:10 p.m.
ord,AA-1733-ORD-PHX,7:45 p.m.,7:58 p.m.,10:30 p.m.,
ord,AA-4198-ORD-CLE,10:40 a.m.,10:54 a.m.,12:55 p.m.,12:50 p.m.
ord,UA-828-SFO-ORD,11:08 p.m.,11:08 p.m.,5:11 a.m.,5:11 a.m.
ord,AA-2050-ORD-MIA,10:40 a.m.,11:05 a.m.,2:45 p.m.,2:46 p.m.
?,UA-248-PHX-ORD,12:57 p.m.,,5:15 p.m.,5:34 p.m.
ord,AA-415-BOS-ORD,8:35 a.m.,8:56 a.m.,10:40 a.m.,?
ord,?,3:35 p.m.,3:36 p.m.,?,3:33 p.m.
ord,UA-843-LAX-ORD,1:55 p.m.,2:10 p.m.,,7:58 p.m.
wunderground,,7:10 a.m.,7:16 a.m.,9:40 a.m.,9:32 a.m.
wunderground,AA-518-MIA-JFK,6:40 a.m.,,9:25 a.m.,9:28 a.m.
wunderground,CO-1586-IAH-MCO,7:00 p.m.,7:14 p.m.,?,10:29 p.m.
wunderground,UA-3925-IAD-ORF,8:41 a.m.,8:42 a.m.,9:54 a.m.,9:43 a.m.
wunderground,AA-1733-ORD-PHX,7:45 p.m.,7:58 p.m.,10:30 p.m.,10:30 p.m.
wunderground,AA-204-LAX-MCO,11:25 p.m.,11:25 p.m.,6:55 a.m.,6:55 a.m.
wunderground,UA-2726-FLL-PHL,4:00 p.m.,4:00 p.m.,6:46 p.m.,6:28 p.m.
wunderground,CO-52-IAH-LAX,7:35 a.m.,7:29 a.m.,NULL,9:14 a.m.
wunderground,AA-3468-CVG-MIA,7:00 a.m.,7:25 a.m.,9:55 a.m.,9:45 a.m.
wunderground,AA-484-DFW-MIA,4:15 p.m.,4:29 p.m.,7:55 p.m.,7:39 p.m.
wunderground,AA-616-DFW-DTW,NULL,10:10 a.m.,12:35 p.m.,1:27 p.m.
wunderground,AA-446-DFW-PHL,11:50 a.m.,12:12 p.m.,3:50 p.m.,4:09 p.m.
wunderground,CO-1023-IAH-DEN,11:40 a.m.,N/A,1:17 p.m.,1:14 p.m.
wunderground,AA-466-IAH-MIA,,6:08 a.m.,9:20 a.m.,?
wunderground,UA-3050-PHX-CLT,11:05 a.m.,11:30 a.m.,4:57 p.m.,5:05 p.m.
,AA-2957-DFW-CVG,7:55 a.m.,8:04 a.m.,11:05 a.m.,11:01 a.m.
wunderground,AA-1664-MIA-ATL,?,10:18 a.m.,12:10 p.m.,11:56 a.m.
wunderground,AA-3979-CVG-ORD,7:30 a.m.,8:04 a.m.,8:00 a.m.,
wunderground,AA-1279-DFW-PHX,1:00 p.m.,2:04 p.m.,2:35 p.m.,3:30 p.m.
wunderground,AA-404-MIA-MCO,6:45 a.m.,6:57 a.m.,7:45 a.m.,7:40 a.m.
wunderground,AA-3756-ORD-SLC,12:15 p.m.,12:41 p.m.,2:45 p.m.,2:50 p.m.
N/A,UA-382-IAD-LAX,missing,12:35 p.m.,3:19 p.m.,3:21 p.m.
wunderground,UA-257-JFK-SFO,2:30 p.m.,2:26 p.m.,6:15 p.m.,5:42 p.m.
wunderground,UA-2945-PHL-CLT,12:00 a.m.,3:11 a.m.,1:45 p.m.,missing
wunderground,CO-63-EWR-IAH,5:25 p.m.,5:22 p.m.,8:22 p.m.,8:03 p.m.
wunderground,missing,7:25 a.m.,7:39 a.m.,11:10 a.m.,11:06 a.m.
wunderground,CO-47-IAH-LAX,7:10 p.m.,8:25 p.m.,8:56 p.m.,9:52 p.m.
wunderground,AA-271-MIA-LAX,11:35 a.m.,NULL,2:25 p.m.,2:27 p.m.
wunderground,AA-2050-ORD-MIA,10:40 a.m.,missing,NULL,2:46 p.m.
wunderground,AA-4330-CVG-ORD,3:35 p.m.,3:36 p.m.,,3:33 p.m.
wunderground,AA-1434-DFW-MCO,7:15 a.m.,N/A,10:35 a.m.,10:36 a.m.
wunderground,AA-1640-MIA-MCO,NULL,6:30 p.m.,7:25 p.m.,7:25 p.m.
wunderground,AA-4307-ORD-DTW,6:45 p.m.,6:55 p.m.,9:10 p.m.,8:53 p.m.
wunderground,AA-3-JFK-LAX,12:00 p.m.,12:11 p.m.,N/A,3:16 p.m.
,CO-1694-LAX-IAH,7:15 p.m.,7:15 p.m.,12:21 a.m.,12:21 a.m.
wunderground,,9:15 a.m.,9:14 a.m.,12:18 p.m.,12:09 p.m.
missing,AA-3842-MSP-ORD,6:00 a.m.,,7:30 a.m.,7:51 a.m.
wunderground,AA-643-MIA-ORD,NULL,?,9:35 a.m.,9:31 a.m.
wunderground,AA-1007-MIA-PHX,4:55 p.m.,5:08 p.m.,8:05 p.m.,7:55 p.m.
wunderground,UA-2906-PHL-MCO,3:50 p.m.,4:28 p.m.,6:23 p.m.,6:38 p.m.
wunderground,AA-1221-MCO-ORD,8:00 p.m.,,9:45 p.m.,9:53 p.m.
NULL,AA-400-DFW-JFK,10:40 a.m.,11:01 a.m.,2:59 p.m.,3:04 p.m.
wunderground,UA-664-ORD-PHL,1:33 p.m.,1:31 p.m.,4:31 p.m.,4:23 p.m.
N/A,N/A,1:29 p.m.,1:48 p.m.,4:17 p.m.,4:17 p.m.
wunderground,UA-233-LAX-JFK,4:25 p.m.,N/A,12:29 a.m.,12:29 a.m.
N/A,AA-3823-LAX-DEN,9:00 p.m.,9:00 p.m.,missing,12:15 a.m.
wunderground,AA-2312-DFW-DTW,,8:25 p.m.,11:50 p.m.,?
wunderground,AA-1165-JFK-MIA,6:59 a.m.,7:22 a.m.,N/A,10:04 a.m.
wunderground,AA-431-MIA-SFO,8:35 a.m.,8:51 a.m.,11:50 a.m.,11:44 a.m.
wunderground,,N/A,1:30 p.m.,3:50 p.m.,3:50 p.m.
wunderground,UA-828-SFO-ORD,11:08 p.m.,?,5:11 a.m.,?
wunderground,N/A,5:30 p.m.,5:30 p.m.,6:40 p.m.,6:40 p.m.
wunderground,AA-3063-SLC-LAX,8:20 p.m.,8:39 p.m.,9:20 p.m.,9:20 p.m.
wunderground,AA-3804-PHL-ORD,2:35 p.m.,2:44 p.m.,4:05 p.m.,3:43 p.m.
wunderground,NULL,2:55 p.m.,3:27 p.m.,5:55 p.m.,N/A
wunderground,AA-2268-PHX-ORD,7:15 a.m.,7:22 a.m.,11:35 a.m.,
wunderground,AA-4277-CVG-JFK,,12:10 p.m.,2:15 p.m.,1:43 p.m.
wunderground,AA-789-ORD-DEN,1:05 p.m.,1:19 p.m.,2:35 p.m.,NULL
wunderground,AA-85-JFK-SFO,3:05 p.m.,3:36 p.m.,6:30 p.m.,6:43 p.m.
,AA-3786-IAH-ORD,4:00 p.m.,4:12 p.m.,missing,?
wunderground,AA-222-LAX-BOS,7:10 a.m.,N/A,3:30 p.m.,3:14 p.m.
wunderground,UA-3099-PHX-PHL,11:55 a.m.,11:55 a.m.,6:17 p.m.,5:38 p.m.
wunderground,AA-4198-ORD-CLE,10:40 a.m.,10:54 a.m.,12:55 p.m.,12:50 p.m.
wunderground,NULL,4:00 p.m.,3:58 p.m.,7:05 p.m.,6:36 p.m.
missing,AA-3809-PHX-LAX,6:00 a.m.,6:10 a.m.,6:40 a.m.,6:19 a.m.
wunderground,AA-59-JFK-SFO,7:10 a.m.,?,10:45 a.m.,NULL
ua,UA-397-JFK-SFO,8:00 a.m.,8:29 a.m.,,11:58 a.m.
ua,?,8:41 a.m.,,NULL,9:43 a.m.
ua,UA-2830-MCO-CLT,3:27 p.m.,3:27 p.m.,5:05 p.m.,5:17 p.m.
ua,UA-5487-SFO-MRY,10:39 a.m.,10:33 a.m.,11:19 a.m.,11:21 a.m.
ua,UA-2726-FLL-PHL,4:00 p.m.,4:00 p.m.,NULL,6:28 p.m.
ua,UA-3050-PHX-CLT,11:05 a.m.,11:30 a.m.,4:57 p.m.,
ua,UA-382-IAD-LAX,12:30 p.m.,12:35 p.m.,3:19 p.m.,3:21 p.m.
ua,UA-2945-PHL-CLT,12:00 a.m.,3:11 a.m.,1:45 p.m.,1:15 p.m.
ua,UA-854-SFO-IAH,7:53 a.m.,?,1:39 p.m.,1:30 p.m.
ua,UA-3515-IAD-MSP,8:15 a.m.,8:12 a.m.,10:06 a.m.,9:56 a.m.
ua,UA-248-PHX-ORD,12:57 p.m.,1:32 p.m.,5:15 p.m.,5:34 p.m.
ua,UA-843-LAX-ORD,1:55 p.m.,2:10 p.m.,7:53 p.m.,7:58 p.m.
?,UA-2906-PHL-MCO,3:50 p.m.,4:28 p.m.,6:23 p.m.,6:38 p.m.
ua,UA-938-DEN-ORD,4:16 p.m.,N/A,7:35 p.m.,7:36 p.m.
ua,UA-2515-DFW-CLT,7:05 a.m.,7:05 a.m.,10:31 a.m.,10:47 a.m.
?,N/A,1:33 p.m.,1:31 p.m.,N/A,4:23 p.m.
ua,UA-37-EWR-MCO,1:29 p.m.,missing,,4:17 p.m.
ua,UA-233-LAX-JFK,4:25 p.m.,4:25 p.m.,12:29 a.m.,12:29 a.m.
NULL,UA-3373-IAD-PHL,8:29 a.m.,8:26 a.m.,9:24 a.m.,9:13 a.m.
ua,UA-6273-YYC-SFO,7:35 a.m.,7:27 a.m.,9:43 a.m.,8:45 a.m.
ua,UA-828-SFO-ORD,11:08 p.m.,11:08 p.m.,5:11 a.m.,5:11 a.m.
ua,UA-858-PVG-SFO,1:45 p.m.,1:32 p.m.,8:27 a.m.,8:02 a.m.
ua,UA-2704-DTW-PHX,11:15 a.m.,11:15 a.m.,1:40 p.m.,2:00 p.m.
ua,UA-2708-EWR-CLT,2:55 p.m.,2:55 p.m.,4:53 p.m.,4:44 p.m.
ua,UA-62-IAH-EWR,2:30 p.m.,?,7:03 p.m.,7:10 p.m.
N/A,UA-1500-IAH-GUA,8:55 a.m.,NULL,11:45 a.m.,11:56 a.m.
ua,UA-2314-ATL-PHL,2:55 p.m.,2:55 p.m.,5:00 p.m.,4:47 p.m.
ua,UA-37-EDI-EWR,9:05 a.m.,8:52 a.m.,11:53 a.m.,12:09 p.m.
ua,UA-3099-PHX-PHL,11:55 a.m.,11:55 a.m.,NULL,5:38 p.m.
ua,UA-414-LAX-SFO,NULL,5:56 a.m.,7:23 a.m.,7:17 a.m.
ua,UA-257-JFK-SFO,2:30 p.m.,2:26 p.m.,6:15 p.m.,5:42 p.m.
flylouisville,AA-3859-IAH-ORD,7:10 a.m.,7:16 a.m.,missing,9:32 a.m.
flylouisville,N/A,,7:14 p.m.,,10:29 p.m.
flylouisville,AA-518-MIA-JFK,,6:54 a.m.,9:25 a.m.,9:28 a.m.
flylouisville,UA-397-JFK-SFO,8:00 a.m.,8:29 a.m.,11:55 a.m.,11:58 a.m.
?,UA-3925-IAD-ORF,8:41 a.m.,8:42 a.m.,9:54 a.m.,9:43 a.m.
flylouisville,AA-1733-ORD-PHX,7:45 p.m.,7:58 p.m.,10:30 p.m.,10:30 p.m.
flylouisville,AA-3-JFK-LAX,12:00 p.m.,12:11 p.m.,3:15 p.m.,3:16 p.m.
missing,UA-2830-MCO-CLT,3:27 p.m.,3:27 p.m.,5:05 p.m.,5:17 p.m.
,CO-58-DEN-IAH,11:25 a.m.,11:32 a.m.,2:50 p.m.,3:31 p.m.
flylouisville,UA-5487-SFO-MRY,,10:33 a.m.,11:19 a.m.,11:21 a.m.
flylouisville,AA-204-LAX-MCO,11:25 p.m.,11:25 p.m.,6:55 a.m.,6:55 a.m.
flylouisville,UA-414-LAX-SFO,NULL,,7:23 a.m.,7:17 a.m.
,CO-1614-LAX-IAH,12:30 a.m.,12:41 a.m.,5:35 a.m.,5:26 a.m.
flylouisville,missing,4:00 p.m.,4:00 p.m.,6:46 p.m.,6:28 p.m.
flylouisville,CO-52-IAH-LAX,7:35 a.m.,7:29 a.m.,NULL,9:14 a.m.
flylouisville,CO-1090-BOS-IAH,?,10:19 a.m.,1:16 p.m.,1:19 p.m.
flylouisville,AA-616-DFW-DTW,9:05 a.m.,10:10 a.m.,?,1:27 p.m.
flylouisville,UA-3515-IAD-MSP,missing,8:12 a.m.,N/A,9:56 a.m.
flylouisville,AA-3468-CVG-MIA,7:00 a.m.,7:25 a.m.,9:55 a.m.,9:45 a.m.
,AA-484-DFW-MIA,4:15 p.m.,4:29 p.m.,7:55 p.m.,NULL
flylouisville,AA-1886-BOS-MIA,10:45 a.m.,10:55 a.m.,2:20 p.m.,1:40 p.m.
flylouisville,CO-62-IAH-EWR,2:30 p.m.,2:48 p.m.,7:03 p.m.,7:10 p.m.
,CO-1561-PHX-IAH,8:05 a.m.,missing,11:35 a.m.,11:32 a.m.
?,,2:55 p.m.,2:55 p.m.,5:00 p.m.,4:47 p.m.
flylouisville,AA-446-DFW-PHL,11:50 a.m.,12:12 p.m.,,4:09 p.m.
flylouisville,CO-1023-IAH-DEN,11:40 a.m.,11:56 a.m.,1:17 p.m.,1:14 p.m.
,AA-466-IAH-MIA,6:00 a.m.,6:08 a.m.,9:20 a.m.,9:05 a.m.
?,?,?,11:30 a.m.,4:57 p.m.,5:05 p.m.
flylouisville,CO-89-IAH-EWR,6:00 a.m.,6:02 a.m.,10:20 a.m.,10:27 a.m.
flylouisville,CO-1088-CLE-IAH,8:40 a.m.,8:40 a.m.,10:54 a.m.,10:56 a.m.
,AA-1664-MIA-ATL,10:15 a.m.,10:18 a.m.,12:10 p.m.,11:56 a.m.
flylouisville,AA-1279-DFW-PHX,1:00 p.m.,2:04 p.m.,2:35 p.m.,3:30 p.m.
flylouisville,,7:53 a.m.,7:49 a.m.,1:39 p.m.,1:30 p.m.
flylouisville,UA-382-IAD-LAX,12:30 p.m.,12:35 p.m.,3:19 p.m.,3:21 p.m.
flylouisville,,11:45 a.m.,12:13 p.m.,2:00 p.m.,2:10 p.m.
flylouisville,,2:30 p.m.,,N/A,5:42 p.m.
flylouisville,UA-2945-PHL-CLT,12:00 a.m.,3:11 a.m.,1:45 p.m.,1:15 p.m.
flylouisville,CO-63-EWR-IAH,5:25 p.m.,5:22 p.m.,NULL,8:03 p.m.
flylouisville,CO-47-IAH-LAX,7:10 p.m.,8:25 p.m.,8:56 p.m.,9:52 p.m.
N/A,AA-2050-ORD-MIA,10:40 a.m.,11:05 a.m.,2:45 p.m.,2:46 p.m.
flylouisville,UA-248-PHX-ORD,12:57 p.m.,1:32 p.m.,5:15 p.m.,5:34 p.m.
flylouisville,AA-4330-CVG-ORD,3:35 p.m.,3:36 p.m.,4:00 p.m.,3:33 p.m.
flylouisville,AA-1434-DFW-MCO,7:15 a.m.,7:21 a.m.,10:35 a.m.,
flylouisville,AA-1640-MIA-MCO,6:30 p.m.,6:30 p.m.,?,7:25 p.m.
flylouisville,AA-4307-ORD-DTW,6:45 p.m.,6:55 p.m.,9:10 p.m.,8:53 p.m.
flylouisville,CO-1694-LAX-IAH,NULL,7:15 p.m.,12:21 a.m.,12:21 a.m.
flylouisville,UA-843-LAX-ORD,1:55 p.m.,?,7:53 p.m.,7:58 p.m.
flylouisville,missing,9:15 a.m.,N/A,12:18 p.m.,12:09 p.m.
flylouisville,AA-3842-MSP-ORD,6:00 a.m.,6:56 a.m.,7:30 a.m.,7:51 a.m.
flylouisville,AA-643-MIA-ORD,7:10 a.m.,7:30 a.m.,9:35 a.m.,NULL
flylouisville,AA-1007-MIA-PHX,4:55 p.m.,5:08 p.m.,8:05 p.m.,7:55 p.m.
flylouisville,UA-2906-PHL-MCO,3:50 p.m.,4:28 p.m.,6:23 p.m.,NULL
flylouisville,UA-938-DEN-ORD,4:16 p.m.,4:15 p.m.,7:35 p.m.,7:36 p.m.
flylouisville,AA-1221-MCO-ORD,8:00 p.m.,8:23 p.m.,9:45 p.m.,9:53 p.m.
flylouisville,CO-16-LAX-EWR,10:25 a.m.,10:20 a.m.,6:44 p.m.,6:34 p.m.
,UA-2515-DFW-CLT,7:05 a.m.,7:05 a.m.,10:31 a.m.,10:47 a.m.
flylouisville,AA-400-DFW-JFK,missing,11:01 a.m.,2:59 p.m.,3:04 p.m.
flylouisville,UA-664-ORD-PHL,missing,1:31 p.m.,4:31 p.m.,4:23 p.m.
flylouisville,AA-3756-ORD-SLC,12:15 p.m.,12:41 p.m.,2:45 p.m.,2:50 p.m.
flylouisville,UA-37-EWR-MCO,1:29 p.m.,1:48 p.m.,4:17 p.m.,4:17 p.m.
flylouisville,AA-1522-SFO-ORD,11:55 p.m.,11:55 p.m.,missing,5:50 a.m.
flylouisville,UA-233-LAX-JFK,4:25 p.m.,4:25 p.m.,12:29 a.m.,12:29 a.m.
flylouisville,AA-3823-LAX-DEN,9:00 p.m.,9:00 p.m.,12:15 a.m.,12:15 a.m.
flylouisville,AA-2312-DFW-DTW,8:25 p.m.,8:25 p.m.,11:50 p.m.,N/A
flylouisville,AA-1165-JFK-MIA,6:59 a.m.,7:22 a.m.,10:34 a.m.,10:04 a.m.
flylouisville,AA-431-MIA-SFO,NULL,8:51 a.m.,11:50 a.m.,11:44 a.m.
flylouisville,N/A,8:29 a.m.,8:26 a.m.,9:24 a.m.,9:13 a.m.
flylouisville,AA-649-ORD-SNA,1:30 p.m.,1:30 p.m.,,3:50 p.m.
flylouisville,CO-1250-MIA-IAH,2:53 p.m.,3:01 p.m.,4:48 p.m.,NULL
flylouisville,N/A,7:35 a.m.,7:27 a.m.,9:43 a.m.,8:45 a.m.
flylouisville,UA-828-SFO-ORD,11:08 p.m.,11:08 p.m.,5:11 a.m.,5:11 a.m.
flylouisville,CO-4888-IAH-DAL,5:30 p.m.,missing,?,6:40 p.m.
N/A,UA-858-PVG-SFO,missing,1:32 p.m.,N/A,NULL
flylouisville,UA-2704-DTW-PHX,11:15 a.m.,11:15 a.m.,1:40 p.m.,N/A
flylouisville,AA-3063-SLC-LAX,8:20 p.m.,8:39 p.m.,9:20 p.m.,9:20 p.m.
flylouisville,UA-2708-EWR-CLT,2:55 p.m.,2:55 p.m.,NULL,missing
flylouisville,UA-62-IAH-EWR,2:30 p.m.,NULL,missing,7:10 p.m.
flylouisville,UA-1500-IAH-GUA,8:55 a.m.,9:16 a.m.,11:45 a.m.,
flylouisville,AA-3804-PHL-ORD,2:35 p.m.,,4:05 p.m.,N/A
NULL,AA-1917-JFK-MCO,2:55 p.m.,3:27 p.m.,5:55 p.m.,5:43 p.m.
flylouisville,AA-2268-PHX-ORD,7:15 a.m.,7:22 a.m.,11:35 a.m.,11:06 a.m.
flylouisville,AA-4277-CVG-JFK,12:10 p.m.,12:10 p.m.,,1:43 p.m.
flylouisville,AA-2957-DFW-CVG,7:55 a.m.,,11:05 a.m.,11:01 a.m.
flylouisville,UA-37-EDI-EWR,9:05 a.m.,8:52 a.m.,11:53 a.m.,12:09 p.m.
flylouisville,AA-789-ORD-DEN,1:05 p.m.,1:19 p.m.,2:35 p.m.,3:13 p.m.
,AA-415-BOS-ORD,,,10:40 a.m.,10:16 a.m.
flylouisville,AA-85-JFK-SFO,3:05 p.m.,3:36 p.m.,missing,6:43 p.m.
flylouisville,AA-3979-CVG-ORD,7:30 a.m.,8:04 a.m.,8:00 a.m.,8:06 a.m.
flylouisville,AA-1544-SAN-ORD,11:25 a.m.,11:40 a.m.,5:25 p.m.,4:56 p.m.
missing,AA-3786-IAH-ORD,4:00 p.m.,4:12 p.m.,6:40 p.m.,6:15 p.m.
missing,AA-271-MIA-LAX,11:35 a.m.,,,2:27 p.m.
,AA-2525-DFW-MIA,7:25 a.m.,7:39 a.m.,11:10 a.m.,
flylouisville,CO-50-CLE-EWR,2:55 p.m.,3:31 p.m.,4:49 p.m.,NULL
flylouisville,missing,11:55 a.m.,11:55 a.m.,6:17 p.m.,5:38 p.m.
flylouisville,AA-4198-ORD-CLE,10:40 a.m.,10:54 a.m.,12:55 p.m.,N/A
flylouisville,AA-404-MIA-MCO,6:45 a.m.,6:57 a.m.,7:45 a.m.,7:40 a.m.
flylouisville,CO-45-EWR-MIA,,3:58 p.m.,7:05 p.m.,6:36 p.m.
flylouisville,AA-3809-PHX-LAX,6:00 a.m.,6:10 a.m.,6:40 a.m.,6:19 a.m.
flylouisville,AA-59-JFK-SFO,7:10 a.m.,7:39 a.m.,10:45 a.m.,11:12 a.m.
N/A,AA-222-LAX-BOS,7:10 a.m.,7:31 a.m.,3:30 p.m.,3:14 p.m.
quicktrip,AA-3859-IAH-ORD,?,7:16 a.m.,9:40 a.m.,9:32 a.m.
quicktrip,CO-1586-IAH-MCO,?,7:14 p.m.,10:15 p.m.,10:29 p.m.
quicktrip,AA-518-MIA-JFK,6:40 a.m.,6:54 a.m.,9:25 a.m.,9:28 a.m.
quicktrip,missing,8:00 a.m.,8:29 a.m.,11:55 a.m.,11:58 a.m.
,UA-3925-IAD-ORF,8:41 a.m.,8:42 a.m.,9:54 a.m.,9:43 a.m.
quicktrip,AA-1733-ORD-PHX,7:45 p.m.,7:58 p.m.,10:30 p.m.,10:30 p.m.
quicktrip,AA-4344-ORD-DTW,,12:13 p.m.,2:00 p.m.,N/A
quicktrip,AA-1640-MIA-MCO,6:30 p.m.,6:30 p.m.,7:25 p.m.,7:25 p.m.
quicktrip,UA-2830-MCO-CLT,3:27 p.m.,3:27 p.m.,missing,5:17 p.m.
N/A,CO-58-DEN-IAH,11:25 a.m.,11:32 a.m.,2:50 p.m.,?
quicktrip,AA-204-LAX-MCO,11:25 p.m.,11:25 p.m.,6:55 a.m.,6:55 a.m.
quicktrip,UA-414-LAX-SFO,6:00 a.m.,,7:23 a.m.,missing
quicktrip,CO-1614-LAX-IAH,12:30 a.m.,12:41 a.m.,5:35 a.m.,5:26 a.m.
quicktrip,NULL,4:00 p.m.,4:00 p.m.,6:46 p.m.,6:28 p.m.
quicktrip,NULL,7:35 a.m.,N/A,9:21 a.m.,9:14 a.m.
quicktrip,CO-1090-BOS-IAH,9:45 a.m.,10:19 a.m.,1:16 p.m.,1:19 p.m.
quicktrip,AA-3468-CVG-MIA,7:00 a.m.,7:25 a.m.,9:55 a.m.,9:45 a.m.
,missing,8:15 a.m.,8:12 a.m.,10:06 a.m.,9:56 a.m.
NULL,AA-484-DFW-MIA,4:15 p.m.,4:29 p.m.,7:55 p.m.,7:39 p.m.
quicktrip,AA-616-DFW-DTW,9:05 a.m.,10:10 a.m.,12:35 p.m.,1:27 p.m.
?,CO-62-IAH-EWR,2:30 p.m.,2:48 p.m.,7:03 p.m.,7:10 p.m.
quicktrip,CO-63-EWR-IAH,N/A,5:22 p.m.,8:22 p.m.,8:03 p.m.
quicktrip,AA-446-DFW-PHL,11:50 a.m.,12:12 p.m.,,4:09 p.m.
quicktrip,NULL,N/A,11:56 a.m.,1:17 p.m.,1:14 p.m.
quicktrip,AA-466-IAH-MIA,6:00 a.m.,6:08 a.m.,9:20 a.m.,9:05 a.m.
quicktrip,UA-3050-PHX-CLT,11:05 a.m.,NULL,4:57 p.m.,5:05 p.m.
quicktrip,CO-89-IAH-EWR,6:00 a.m.,6:02 a.m.,10:20 a.m.,10:27 a.m.
quicktrip,CO-1088-CLE-IAH,8:40 a.m.,8:40 a.m.,10:54 a.m.,10:56 a.m.
quicktrip,AA-2957-DFW-CVG,7:55 a.m.,8:04 a.m.,11:05 a.m.,11:01 a.m.
quicktrip,AA-1664-MIA-ATL,10:15 a.m.,10:18 a.m.,12:10 p.m.,11:56 a.m.
quicktrip,AA-3979-CVG-ORD,7:30 a.m.,8:04 a.m.,8:00 a.m.,8:06 a.m.
quicktrip,AA-1279-DFW-PHX,1:00 p.m.,2:04 p.m.,2:35 p.m.,3:30 p.m.
quicktrip,AA-404-MIA-MCO,6:45 a.m.,6:57 a.m.,7:45 a.m.,7:40 a.m.
quicktrip,AA-3756-ORD-SLC,N/A,12:41 p.m.,2:45 p.m.,
quicktrip,,12:30 p.m.,N/A,3:19 p.m.,3:21 p.m.
quicktrip,UA-2945-PHL-CLT,missing,3:11 a.m.,?,1:15 p.m.
quicktrip,CO-47-IAH-LAX,7:10 p.m.,8:25 p.m.,8:56 p.m.,9:52 p.m.
quicktrip,AA-271-MIA-LAX,NULL,11:52 a.m.,2:25 p.m.,2:27 p.m.
quicktrip,AA-2050-ORD-MIA,10:40 a.m.,11:05 a.m.,2:45 p.m.,2:46 p.m.
quicktrip,UA-248-PHX-ORD,12:57 p.m.,1:32 p.m.,5:15 p.m.,N/A
missing,AA-4330-CVG-ORD,3:35 p.m.,,4:00 p.m.,
quicktrip,AA-1434-DFW-MCO,7:15 a.m.,7:21 a.m.,,10:36 a.m.
quicktrip,CO-1561-PHX-IAH,8:05 a.m.,8:00 a.m.,11:35 a.m.,11:32 a.m.
N/A,AA-4307-ORD-DTW,6:45 p.m.,6:55 p.m.,9:10 p.m.,8:53 p.m.
quicktrip,AA-3-JFK-LAX,12:00 p.m.,12:11 p.m.,3:15 p.m.,3:16 p.m.
?,CO-1694-LAX-IAH,7:15 p.m.,7:15 p.m.,12:21 a.m.,12:21 a.m.
quicktrip,UA-843-LAX-ORD,1:55 p.m.,2:10 p.m.,7:53 p.m.,7:58 p.m.
quicktrip,CO-1193-EWR-MCO,9:15 a.m.,9:14 a.m.,NULL,
quicktrip,NULL,6:00 a.m.,6:56 a.m.,7:30 a.m.,7:51 a.m.
N/A,AA-643-MIA-ORD,7:10 a.m.,7:30 a.m.,9:35 a.m.,9:31 a.m.
quicktrip,,4:55 p.m.,5:08 p.m.,8:05 p.m.,7:55 p.m.
quicktrip,AA-2525-DFW-MIA,7:25 a.m.,7:39 a.m.,11:10 a.m.,11:06 a.m.
quicktrip,UA-2906-PHL-MCO,3:50 p.m.,4:28 p.m.,6:23 p.m.,6:38 p.m.
quicktrip,UA-938-DEN-ORD,N/A,4:15 p.m.,7:35 p.m.,7:36 p.m.
quicktrip,AA-1221-MCO-ORD,8:00 p.m.,8:23 p.m.,9:45 p.m.,9:53 p.m.
quicktrip,NULL,10:25 a.m.,10:20 a.m.,6:44 p.m.,6:34 p.m.
quicktrip,missing,7:05 a.m.,7:05 a.m.,10:31 a.m.,
,AA-400-DFW-JFK,,11:01 a.m.,2:59 p.m.,missing
quicktrip,,1:33 p.m.,1:31 p.m.,4:31 p.m.,4:23 p.m.
quicktrip,UA-37-EWR-MCO,1:29 p.m.,1:48 p.m.,4:17 p.m.,?
quicktrip,AA-1522-SFO-ORD,,11:55 p.m.,missing,5:50 a.m.
quicktrip,UA-233-LAX-JFK,,4:25 p.m.,12:29 a.m.,12:29 a.m.
quicktrip,AA-3823-LAX-DEN,9:00 p.m.,9:00 p.m.,12:15 a.m.,missing
quicktrip,AA-2312-DFW-DTW,8:25 p.m.,8:25 p.m.,11:50 p.m.,11:50 p.m.
,UA-2314-ATL-PHL,2:55 p.m.,2:55 p.m.,5:00 p.m.,4:47 p.m.
quicktrip,AA-1165-JFK-MIA,6:59 a.m.,7:22 a.m.,10:34 a.m.,10:04 a.m.
quicktrip,AA-431-MIA-SFO,,8:51 a.m.,11:50 a.m.,11:44 a.m.
quicktrip,UA-257-JFK-SFO,2:30 p.m.,2:26 p.m.,6:15 p.m.,5:42 p.m.
quicktrip,UA-3373-IAD-PHL,8:29 a.m.,8:26 a.m.,?,9:13 a.m.
quicktrip,CO-1250-MIA-IAH,2:53 p.m.,3:01 p.m.,4:48 p.m.,4:59 p.m.
quicktrip,UA-828-SFO-ORD,11:08 p.m.,11:08 p.m.,5:11 a.m.,5:11 a.m.
quicktrip,CO-4888-IAH-DAL,5:30 p.m.,5:30 p.m.,6:40 p.m.,6:40 p.m.
NULL,NULL,11:15 a.m.,11:15 a.m.,,2:00 p.m.
quicktrip,AA-3063-SLC-LAX,8:20 p.m.,8:39 p.m.,9:20 p.m.,NULL
quicktrip,missing,2:55 p.m.,2:55 p.m.,4:53 p.m.,4:44 p.m.
quicktrip,,2:30 p.m.,2:48 p.m.,7:03 p.m.,
quicktrip,AA-3804-PHL-ORD,2:35 p.m.,2:44 p.m.,4:05 p.m.,3:43 p.m.
quicktrip,AA-1917-JFK-MCO,2:55 p.m.,3:27 p.m.,5:55 p.m.,
quicktrip,AA-2268-PHX-ORD,7:15 a.m.,7:22 a.m.,11:35 a.m.,11:06 a.m.
missing,AA-4277-CVG-JFK,12:10 p.m.,12:10 p.m.,2:15 p.m.,1:43 p.m.
quicktrip,AA-789-ORD-DEN,,1:19 p.m.,2:35 p.m.,3:13 p.m.
quicktrip,UA-854-SFO-IAH,7:53 a.m.,7:49 a.m.,1:39 p.m.,1:30 p.m.
?,AA-415-BOS-ORD,8:35 a.m.,8:56 a.m.,?,10:16 a.m.
quicktrip,AA-85-JFK-SFO,3:05 p.m.,3:36 p.m.,6:30 p.m.,6:43 p.m.
,AA-3786-IAH-ORD,4:00 p.m.,4:12 p.m.,6:40 p.m.,6:15 p.m.
quicktrip,AA-222-LAX-BOS,7:10 a.m.,7:31 a.m.,3:30 p.m.,NULL
quicktrip,CO-50-CLE-EWR,2:55 p.m.,3:31 p.m.,4:49 p.m.,5:26 p.m.
quicktrip,UA-3099-PHX-PHL,11:55 a.m.,11:55 a.m.,6:17 p.m.,5:38 p.m.
quicktrip,AA-4198-ORD-CLE,NULL,10:54 a.m.,12:55 p.m.,12:50 p.m.
quicktrip,CO-45-EWR-MIA,4:00 p.m.,3:58 p.m.,7:05 p.m.,6:36 p.m.
quicktrip,AA-3809-PHX-LAX,6:00 a.m.,6:10 a.m.,6:40 a.m.,6:19 a.m.
quicktrip,AA-59-JFK-SFO,7:10 a.m.,7:39 a.m.,10:45 a.m.,11:12 a.m.
allegiantair,AA-3859-IAH-ORD,7:10 a.m.,7:16 a.m.,9:40 a.m.,9:32 a.m.
allegiantair,CO-1586-IAH-MCO,7:00 p.m.,,10:15 p.m.,10:29 p.m.
,AA-518-MIA-JFK,6:40 a.m.,6:54 a.m.,N/A,9:28 a.m.
allegiantair,UA-397-JFK-SFO,8:00 a.m.,8:29 a.m.,,
allegiantair,UA-3925-IAD-ORF,8:41 a.m.,8:42 a.m.,9:54 a.m.,9:43 a.m.
allegiantair,AA-1733-ORD-PHX,,7:58 p.m.,NULL,10:30 p.m.
allegiantair,AA-3-JFK-LAX,12:00 p.m.,12:11 p.m.,3:15 p.m.,3:16 p.m.
allegiantair,?,3:27 p.m.,3:27 p.m.,5:05 p.m.,5:17 p.m.
allegiantair,CO-58-DEN-IAH,,11:32 a.m.,2:50 p.m.,3:31 p.m.
allegiantair,,10:39 a.m.,10:33 a.m.,11:19 a.m.,11:21 a.m.
allegiantair,AA-204-LAX-MCO,11:25 p.m.,11:25 p.m.,6:55 a.m.,?
allegiantair,UA-414-LAX-SFO,6:00 a.m.,5:56 a.m.,7:23 a.m.,7:17 a.m.
allegiantair,NULL,12:30 a.m.,?,5:35 a.m.,
allegiantair,UA-2726-FLL-PHL,4:00 p.m.,4:00 p.m.,6:46 p.m.,6:28 p.m.
allegiantair,CO-52-IAH-LAX,7:35 a.m.,7:29 a.m.,9:21 a.m.,9:14 a.m.
allegiantair,CO-1090-BOS-IAH,9:45 a.m.,10:19 a.m.,1:16 p.m.,1:19 p.m.
allegiantair,AA-616-DFW-DTW,9:05 a.m.,10:10 a.m.,12:35 p.m.,1:27 p.m.
allegiantair,UA-3515-IAD-MSP,8:15 a.m.,8:12 a.m.,10:06 a.m.,9:56 a.m.
allegiantair,AA-3468-CVG-MIA,7:00 a.m.,7:25 a.m.,,9:45 a.m.
allegiantair,AA-484-DFW-MIA,4:15 p.m.,4:29 p.m.,7:55 p.m.,7:39 p.m.
allegiantair,AA-1886-BOS-MIA,10:45 a.m.,10:55 a.m.,2:20 p.m.,N/A
allegiantair,CO-62-IAH-EWR,2:30 p.m.,2:48 p.m.,7:03 p.m.,7:10 p.m.
,,?,N/A,11:35 a.m.,11:32 a.m.
allegiantair,UA-2314-ATL-PHL,2:55 p.m.,2:55 p.m.,5:00 p.m.,4:47 p.m.
N/A,AA-446-DFW-PHL,NULL,12:12 p.m.,3:50 p.m.,4:09 p.m.
allegiantair,CO-1023-IAH-DEN,11:40 a.m.,11:56 a.m.,1:17 p.m.,NULL
allegiantair,AA-466-IAH-MIA,6:00 a.m.,6:08 a.m.,9:20 a.m.,9:05 a.m.
allegiantair,UA-3050-PHX-CLT,11:05 a.m.,11:30 a.m.,4:57 p.m.,5:05 p.m.
allegiantair,CO-89-IAH-EWR,6:00 a.m.,NULL,10:20 a.m.,missing
allegiantair,CO-1088-CLE-IAH,8:40 a.m.,N/A,,10:56 a.m.
allegiantair,AA-1664-MIA-ATL,10:15 a.m.,10:18 a.m.,missing,11:56 a.m.
allegiantair,AA-1279-DFW-PHX,1:00 p.m.,,N/A,3:30 p.m.
allegiantair,UA-854-SFO-IAH,7:53 a.m.,7:49 a.m.,1:39 p.m.,?
allegiantair,UA-382-IAD-LAX,12:30 p.m.,12:35 p.m.,3:19 p.m.,N/A
allegiantair,AA-4344-ORD-DTW,11:45 a.m.,12:13 p.m.,?,2:10 p.m.
allegiantair,UA-257-JFK-SFO,2:30 p.m.,2:26 p.m.,6:15 p.m.,5:42 p.m.
allegiantair,UA-2945-PHL-CLT,12:00 a.m.,3:11 a.m.,1:45 p.m.,1:15 p.m.
allegiantair,CO-63-EWR-IAH,5:25 p.m.,5:22 p.m.,8:22 p.m.,8:03 p.m.
allegiantair,CO-47-IAH-LAX,7:10 p.m.,8:25 p.m.,8:56 p.m.,9:52 p.m.
allegiantair,AA-2050-ORD-MIA,10:40 a.m.,11:05 a.m.,2:45 p.m.,
allegiantair,UA-248-PHX-ORD,12:57 p.m.,1:32 p.m.,5:15 p.m.,5:34 p.m.
N/A,,3:35 p.m.,3:36 p.m.,4:00 p.m.,3:33 p.m.
allegiantair,AA-1434-DFW-MCO,7:15 a.m.,7:21 a.m.,10:35 a.m.,10:36 a.m.
allegiantair,AA-1640-MIA-MCO,6:30 p.m.,N/A,NULL,7:25 p.m.
allegiantair,AA-4307-ORD-DTW,6:45 p.m.,6:55 p.m.,9:10 p.m.,8:53 p.m.
allegiantair,CO-1694-LAX-IAH,7:15 p.m.,7:15 p.m.,12:21 a.m.,12:21 a.m.
allegiantair,UA-843-LAX-ORD,1:55 p.m.,2:10 p.m.,7:53 p.m.,7:58 p.m.
allegiantair,CO-1193-EWR-MCO,9:15 a.m.,9:14 a.m.,12:18 p.m.,12:09 p.m.
missing,AA-3842-MSP-ORD,6:00 a.m.,6:56 a.m.,7:30 a.m.,7:51 a.m.
allegiantair,AA-643-MIA-ORD,7:10 a.m.,7:30 a.m.,9:35 a.m.,9:31 a.m.
allegiantair,AA-1007-MIA-PHX,4:55 p.m.,5:08 p.m.,8:05 p.m.,
allegiantair,UA-2906-PHL-MCO,3:50 p.m.,4:28 p.m.,6:23 p.m.,6:38 p.m.
allegiantair,UA-938-DEN-ORD,4:16 p.m.,4:15 p.m.,7:35 p.m.,7:36 p.m.
allegiantair,missing,8:00 p.m.,8:23 p.m.,?,9:53 p.m.
allegiantair,CO-16-LAX-EWR,NULL,10:20 a.m.,6:44 p.m.,6:34 p.m.
allegiantair,UA-2515-DFW-CLT,7:05 a.m.,7:05 a.m.,10:31 a.m.,10:47 a.m.
allegiantair,AA-400-DFW-JFK,10:40 a.m.,11:01 a.m.,2:59 p.m.,?
allegiantair,UA-664-ORD-PHL,,1:31 p.m.,4:31 p.m.,?
missing,AA-3756-ORD-SLC,12:15 p.m.,12:41 p.m.,2:45 p.m.,?
allegiantair,UA-37-EWR-MCO,1:29 p.m.,1:48 p.m.,4:17 p.m.,4:17 p.m.
allegiantair,AA-1522-SFO-ORD,11:55 p.m.,NULL,5:50 a.m.,5:50 a.m.
allegiantair,UA-233-LAX-JFK,,4:25 p.m.,12:29 a.m.,12:29 a.m.
allegiantair,AA-3823-LAX-DEN,9:00 p.m.,9:00 p.m.,12:15 a.m.,12:15 a.m.
N/A,AA-2312-DFW-DTW,8:25 p.m.,8:25 p.m.,11:50 p.m.,11:50 p.m.
allegiantair,AA-1165-JFK-MIA,6:59 a.m.,7:22 a.m.,10:34 a.m.,10:04 a.m.
?,?,8:35 a.m.,8:51 a.m.,11:50 a.m.,?
NULL,,8:29 a.m.,8:26 a.m.,9:24 a.m.,9:13 a.m.
allegiantair,AA-649-ORD-SNA,1:30 p.m.,1:30 p.m.,3:50 p.m.,3:50 p.m.
allegiantair,CO-1250-MIA-IAH,2:53 p.m.,3:01 p.m.,4:48 p.m.,4:59 p.m.
allegiantair,,7:35 a.m.,7:27 a.m.,9:43 a.m.,8:45 a.m.
allegiantair,UA-828-SFO-ORD,11:08 p.m.,11:08 p.m.,5:11 a.m.,5:11 a.m.
allegiantair,CO-4888-IAH-DAL,5:30 p.m.,5:30 p.m.,,6:40 p.m.
allegiantair,UA-858-PVG-SFO,1:45 p.m.,NULL,8:27 a.m.,8:02 a.m.
allegiantair,UA-2704-DTW-PHX,11:15 a.m.,11:15 a.m.,1:40 p.m.,2:00 p.m.
allegiantair,AA-3063-SLC-LAX,8:20 p.m.,8:39 p.m.,9:20 p.m.,
,UA-2708-EWR-CLT,2:55 p.m.,2:55 p.m.,4:53 p.m.,N/A
allegiantair,NULL,2:30 p.m.,2:48 p.m.,7:03 p.m.,NULL
allegiantair,UA-1500-IAH-GUA,8:55 a.m.,9:16 a.m.,11:45 a.m.,11:56 a.m.
allegiantair,AA-3804-PHL-ORD,2:35 p.m.,2:44 p.m.,4:05 p.m.,3:43 p.m.
allegiantair,AA-1917-JFK-MCO,2:55 p.m.,3:27 p.m.,,
allegiantair,AA-2268-PHX-ORD,7:15 a.m.,7:22 a.m.,N/A,11:06 a.m.
allegiantair,AA-4277-CVG-JFK,12:10 p.m.,12:10 p.m.,2:15 p.m.,
allegiantair,AA-2957-DFW-CVG,7:55 a.m.,missing,missing,11:01 a.m.
allegiantair,UA-37-EDI-EWR,N/A,8:52 a.m.,11:53 a.m.,12:09 p.m.
allegiantair,AA-789-ORD-DEN,1:05 p.m.,1:19 p.m.,2:35 p.m.,3:13 p.m.
allegiantair,AA-415-BOS-ORD,8:35 a.m.,8:56 a.m.,10:40 a.m.,10:16 a.m.
allegiantair,AA-85-JFK-SFO,3:05 p.m.,3:36 p.m.,6:30 p.m.,6:43 p.m.
allegiantair,AA-3979-CVG-ORD,7:30 a.m.,?,8:00 a.m.,
allegiantair,AA-1544-SAN-ORD,11:25 a.m.,11:40 a.m.,5:25 p.m.,
allegiantair,AA-3786-IAH-ORD,,4:12 p.m.,6:40 p.m.,6:15 p.m.
allegiantair,missing,11:35 a.m.,11:52 a.m.,,2:27 p.m.
allegiantair,AA-2525-DFW-MIA,NULL,7:39 a.m.,11:10 a.m.,11:06 a.m.
allegiantair,CO-50-CLE-EWR,2:55 p.m.,3:31 p.m.,,5:26 p.m.
allegiantair,,11:55 a.m.,11:55 a.m.,6:17 p.m.,5:38 p.m.
allegiantair,AA-4198-ORD-CLE,10:40 a.m.,?,12:55 p.m.,12:50 p.m.
NULL,AA-404-MIA-MCO,6:45 a.m.,6:57 a.m.,7:45 a.m.,7:40 a.m.
allegiantair,CO-45-EWR-MIA,4:00 p.m.,?,7:05 p.m.,6:36 p.m.
allegiantair,AA-3809-PHX-LAX,6:00 a.m.,,6:40 a.m.,6:19 a.m.
allegiantair,AA-59-JFK-SFO,7:10 a.m.,NULL,10:45 a.m.,N/A
allegiantair,AA-222-LAX-BOS,7:10 a.m.,7:31 a.m.,3:30 p.m.,3:14 p.m.
NULL,AA-3859-IAH-ORD,7:10 a.m.,7:16 a.m.,9:40 a.m.,9:32 a.m.
businesstravellogue,?,7:00 p.m.,7:14 p.m.,10:15 p.m.,missing
businesstravellogue,AA-518-MIA-JFK,6:40 a.m.,6:54 a.m.,9:25 a.m.,9:28 a.m.
businesstravellogue,,,8:29 a.m.,,N/A
businesstravellogue,UA-3925-IAD-ORF,8:41 a.m.,8:42 a.m.,9:54 a.m.,9:43 a.m.
businesstravellogue,AA-1733-ORD-PHX,7:45 p.m.,7:58 p.m.,10:30 p.m.,10:30 p.m.
businesstravellogue,AA-3-JFK-LAX,12:00 p.m.,12:11 p.m.,3:15 p.m.,3:16 p.m.
,UA-2830-MCO-CLT,3:27 p.m.,3:27 p.m.,5:05 p.m.,
NULL,CO-58-DEN-IAH,11:25 a.m.,11:32 a.m.,2:50 p.m.,
businesstravellogue,UA-5487-SFO-MRY,10:39 a.m.,,11:19 a.m.,11:21 a.m.
businesstravellogue,AA-204-LAX-MCO,?,11:25 p.m.,?,6:55 a.m.
,UA-414-LAX-SFO,6:00 a.m.,5:56 a.m.,7:23 a.m.,N/A
businesstravellogue,CO-1614-LAX-IAH,12:30 a.m.,12:41 a.m.,5:35 a.m.,
businesstravellogue,UA-2726-FLL-PHL,4:00 p.m.,N/A,6:46 p.m.,6:28 p.m.
businesstravellogue,N/A,7:35 a.m.,7:29 a.m.,?,9:14 a.m.
businesstravellogue,CO-1090-BOS-IAH,9:45 a.m.,10:19 a.m.,1:16 p.m.,1:19 p.m.
businesstravellogue,,9:05 a.m.,10:10 a.m.,?,1:27 p.m.
missing,UA-3515-IAD-MSP,8:15 a.m.,8:12 a.m.,10:06 a.m.,9:56 a.m.
,AA-3468-CVG-MIA,7:00 a.m.,7:25 a.m.,,9:45 a.m.
businesstravellogue,AA-484-DFW-MIA,4:15 p.m.,4:29 p.m.,7:55 p.m.,7:39 p.m.
businesstravellogue,AA-1886-BOS-MIA,,10:55 a.m.,N/A,1:40 p.m.
businesstravellogue,CO-62-IAH-EWR,2:30 p.m.,2:48 p.m.,7:03 p.m.,NULL
businesstravellogue,?,8:05 a.m.,8:00 a.m.,11:35 a.m.,11:32 a.m.
businesstravellogue,UA-2314-ATL-PHL,2:55 p.m.,2:55 p.m.,5:00 p.m.,4:47 p.m.
businesstravellogue,AA-446-DFW-PHL,?,12:12 p.m.,3:50 p.m.,4:09 p.m.
missing,CO-1023-IAH-DEN,11:40 a.m.,11:56 a.m.,1:17 p.m.,1:14 p.m.
businesstravellogue,AA-466-IAH-MIA,NULL,N/A,9:20 a.m.,9:05 a.m.
businesstravellogue,UA-3050-PHX-CLT,11:05 a.m.,missing,4:57 p.m.,N/A
businesstravellogue,CO-89-IAH-EWR,6:00 a.m.,?,10:20 a.m.,10:27 a.m.
businesstravellogue,CO-1088-CLE-IAH,8:40 a.m.,missing,10:54 a.m.,10:56 a.m.
businesstravellogue,AA-1664-MIA-ATL,10:15 a.m.,10:18 a.m.,12:10 p.m.,11:56 a.m.
businesstravellogue,AA-1279-DFW-PHX,NULL,2:04 p.m.,2:35 p.m.,3:30 p.m.
businesstravellogue,N/A,7:53 a.m.,,1:39 p.m.,N/A
businesstravellogue,UA-382-IAD-LAX,12:30 p.m.,12:35 p.m.,3:19 p.m.,3:21 p.m.
businesstravellogue,AA-4344-ORD-DTW,11:45 a.m.,12:13 p.m.,2:00 p.m.,2:10 p.m.
businesstravellogue,UA-257-JFK-SFO,2:30 p.m.,2:26 p.m.,6:15 p.m.,5:42 p.m.
,UA-2945-PHL-CLT,12:00 a.m.,3:11 a.m.,1:45 p.m.,1:15 p.m.
businesstravellogue,CO-63-EWR-IAH,5:25 p.m.,5:22 p.m.,missing,
businesstravellogue,CO-47-IAH-LAX,7:10 p.m.,8:25 p.m.,8:56 p.m.,9:52 p.m.
businesstravellogue,AA-2050-ORD-MIA,10:40 a.m.,11:05 a.m.,2:45 p.m.,2:46 p.m.
businesstravellogue,UA-248-PHX-ORD,12:57 p.m.,1:32 p.m.,5:15 p.m.,5:34 p.m.
businesstravellogue,AA-4330-CVG-ORD,3:35 p.m.,3:36 p.m.,4:00 p.m.,3:33 p.m.
businesstravellogue,AA-1434-DFW-MCO,7:15 a.m.,7:21 a.m.,10:35 a.m.,10:36 a.m.
N/A,AA-1640-MIA-MCO,6:30 p.m.,6:30 p.m.,7:25 p.m.,7:25 p.m.
businesstravellogue,AA-4307-ORD-DTW,missing,6:55 p.m.,9:10 p.m.,8:53 p.m.
businesstravellogue,CO-1694-LAX-IAH,7:15 p.m.,7:15 p.m.,12:21 a.m.,12:21 a.m.
businesstravellogue,,1:55 p.m.,2:10 p.m.,7:53 p.m.,7:58 p.m.
businesstravellogue,CO-1193-EWR-MCO,9:15 a.m.,9:14 a.m.,12:18 p.m.,12:09 p.m.
businesstravellogue,AA-3842-MSP-ORD,6:00 a.m.,6:56 a.m.,7:30 a.m.,7:51 a.m.
businesstravellogue,AA-643-MIA-ORD,7:10 a.m.,,NULL,9:31 a.m.
businesstravellogue,missing,4:55 p.m.,5:08 p.m.,8:05 p.m.,
businesstravellogue,UA-2906-PHL-MCO,3:50 p.m.,4:28 p.m.,6:23 p.m.,6:38 p.m.
businesstravellogue,UA-938-DEN-ORD,4:16 p.m.,4:15 p.m.,7:35 p.m.,7:36 p.m.
businesstravellogue,AA-1221-MCO-ORD,8:00 p.m.,8:23 p.m.,9:45 p.m.,9:53 p.m.
businesstravellogue,CO-16-LAX-EWR,missing,10:20 a.m.,6:44 p.m.,6:34 p.m.
businesstravellogue,UA-2515-DFW-CLT,7:05 a.m.,7:05 a.m.,10:31 a.m.,
businesstravellogue,AA-400-DFW-JFK,10:40 a.m.,11:01 a.m.,?,3:04 p.m.
businesstravellogue,UA-664-ORD-PHL,1:33 p.m.,1:31 p.m.,missing,4:23 p.m.
businesstravellogue,?,12:15 p.m.,12:41 p.m.,2:45 p.m.,2:50 p.m.
businesstravellogue,UA-37-EWR-MCO,1:29 p.m.,1:48 p.m.,4:17 p.m.,4:17 p.m.
businesstravellogue,AA-1522-SFO-ORD,N/A,11:55 p.m.,5:50 a.m.,5:50 a.m.
missing,UA-233-LAX-JFK,4:25 p.m.,?,12:29 a.m.,12:29 a.m.
businesstravellogue,AA-3823-LAX-DEN,9:00 p.m.,9:00 p.m.,12:15 a.m.,12:15 a.m.
,AA-2312-DFW-DTW,NULL,8:25 p.m.,11:50 p.m.,11:50 p.m.
businesstravellogue,AA-1165-JFK-MIA,6:59 a.m.,7:22 a.m.,10:34 a.m.,10:04 a.m.
businesstravellogue,AA-431-MIA-SFO,8:35 a.m.,8:51 a.m.,11:50 a.m.,11:44 a.m.
businesstravellogue,UA-3373-IAD-PHL,8:29 a.m.,8:26 a.m.,9:24 a.m.,9:13 a.m.
businesstravellogue,AA-649-ORD-SNA,1:30 p.m.,,3:50 p.m.,3:50 p.m.
businesstravellogue,?,2:53 p.m.,3:01 p.m.,4:48 p.m.,4:59 p.m.
businesstravellogue,UA-6273-YYC-SFO,7:35 a.m.,missing,9:43 a.m.,8:45 a.m.
businesstravellogue,UA-828-SFO-ORD,NULL,11:08 p.m.,5:11 a.m.,5:11 a.m.
businesstravellogue,CO-4888-IAH-DAL,5:30 p.m.,5:30 p.m.,6:40 p.m.,6:40 p.m.
businesstravellogue,UA-858-PVG-SFO,1:45 p.m.,1:32 p.m.,8:27 a.m.,8:02 a.m.
businesstravellogue,NULL,11:15 a.m.,11:15 a.m.,,2:00 p.m.
businesstravellogue,AA-3063-SLC-LAX,,8:39 p.m.,9:20 p.m.,9:20 p.m.
businesstravellogue,?,2:55 p.m.,2:55 p.m.,4:53 p.m.,4:44 p.m.
businesstravellogue,UA-62-IAH-EWR,missing,2:48 p.m.,7:03 p.m.,7:10 p.m.
businesstravellogue,UA-1500-IAH-GUA,8:55 a.m.,9:16 a.m.,11:45 a.m.,11:56 a.m.
NULL,,2:35 p.m.,2:44 p.m.,,3:43 p.m.
businesstravellogue,AA-1917-JFK-MCO,2:55 p.m.,3:27 p.m.,5:55 p.m.,5:43 p.m.
businesstravellogue,AA-2268-PHX-ORD,7:15 a.m.,7:22 a.m.,11:35 a.m.,11:06 a.m.
,AA-4277-CVG-JFK,12:10 p.m.,12:10 p.m.,2:15 p.m.,1:43 p.m.
?,AA-2957-DFW-CVG,7:55 a.m.,,11:05 a.m.,11:01 a.m.
businesstravellogue,UA-37-EDI-EWR,9:05 a.m.,8:52 a.m.,11:53 a.m.,
businesstravellogue,,1:05 p.m.,,2:35 p.m.,3:13 p.m.
businesstravellogue,AA-415-BOS-ORD,8:35 a.m.,8:56 a.m.,10:40 a.m.,10:16 a.m.
,AA-85-JFK-SFO,3:05 p.m.,3:36 p.m.,6:30 p.m.,
businesstravellogue,AA-3979-CVG-ORD,7:30 a.m.,8:04 a.m.,8:00 a.m.,8:06 a.m.
businesstravellogue,N/A,11:25 a.m.,11:40 a.m.,5:25 p.m.,N/A
businesstravellogue,AA-3786-IAH-ORD,4:00 p.m.,4:12 p.m.,N/A,6:15 p.m.
businesstravellogue,AA-271-MIA-LAX,N/A,11:52 a.m.,2:25 p.m.,2:27 p.m.
businesstravellogue,AA-2525-DFW-MIA,7:25 a.m.,7:39 a.m.,11:10 a.m.,11:06 a.m.
,CO-50-CLE-EWR,2:55 p.m.,3:31 p.m.,4:49 p.m.,5:26 p.m.
businesstravellogue,,11:55 a.m.,11:55 a.m.,N/A,5:38 p.m.
missing,AA-4198-ORD-CLE,10:40 a.m.,10:54 a.m.,12:55 p.m.,?
businesstravellogue,AA-404-MIA-MCO,NULL,6:57 a.m.,7:45 a.m.,7:40 a.m.
businesstravellogue,CO-45-EWR-MIA,4:00 p.m.,3:58 p.m.,7:05 p.m.,6:36 p.m.
businesstravellogue,AA-3809-PHX-LAX,6:00 a.m.,6:10 a.m.,6:40 a.m.,6:19 a.m.
businesstravellogue,AA-59-JFK-SFO,7:10 a.m.,7:39 a.m.,10:45 a.m.,11:12 a.m.
businesstravellogue,AA-222-LAX-BOS,?,7:31 a.m.,3:30 p.m.,3:14 p.m.
den,CO-58-DEN-IAH,11:25 a.m.,11:32 a.m.,2:50 p.m.,3:31 p.m.
den,CO-1023-IAH-DEN,11:40 a.m.,11:56 a.m.,missing,1:14 p.m.
den,AA-3823-LAX-DEN,9:00 p.m.,9:00 p.m.,12:15 a.m.,12:15 a.m.
den,UA-938-DEN-ORD,4:16 p.m.,4:15 p.m.,,7:36 p.m.
den,AA-789-ORD-DEN,1:05 p.m.,1:19 p.m.,2:35 p.m.,3:13 p.m.
gofox,AA-3859-IAH-ORD,7:10 a.m.,missing,9:40 a.m.,9:32 a.m.
gofox,CO-1586-IAH-MCO,,7:14 p.m.,10:15 p.m.,10:29 p.m.
gofox,NULL,6:40 a.m.,6:54 a.m.,9:25 a.m.,9:28 a.m.
gofox,UA-397-JFK-SFO,8:00 a.m.,8:29 a.m.,11:55 a.m.,11:58 a.m.
gofox,UA-3925-IAD-ORF,8:41 a.m.,8:42 a.m.,9:54 a.m.,
gofox,AA-1733-ORD-PHX,7:45 p.m.,,10:30 p.m.,10:30 p.m.
gofox,AA-3-JFK-LAX,12:00 p.m.,12:11 p.m.,3:15 p.m.,3:16 p.m.
gofox,UA-2830-MCO-CLT,3:27 p.m.,3:27 p.m.,5:05 p.m.,5:17 p.m.
,CO-58-DEN-IAH,11:25 a.m.,11:32 a.m.,2:50 p.m.,3:31 p.m.
gofox,UA-5487-SFO-MRY,missing,10:33 a.m.,missing,11:21 a.m.
gofox,AA-204-LAX-MCO,11:25 p.m.,11:25 p.m.,missing,6:55 a.m.
gofox,UA-414-LAX-SFO,6:00 a.m.,5:56 a.m.,7:23 a.m.,7:17 a.m.
gofox,CO-1614-LAX-IAH,12:30 a.m.,12:41 a.m.,,5:26 a.m.
gofox,,4:00 p.m.,4:00 p.m.,6:46 p.m.,6:28 p.m.
gofox,CO-52-IAH-LAX,7:35 a.m.,7:29 a.m.,9:21 a.m.,9:14 a.m.
gofox,CO-1090-BOS-IAH,9:45 a.m.,10:19 a.m.,1:16 p.m.,1:19 p.m.
gofox,AA-616-DFW-DTW,9:05 a.m.,10:10 a.m.,12:35 p.m.,1:27 p.m.
,UA-3515-IAD-MSP,8:15 a.m.,8:12 a.m.,10:06 a.m.,9:56 a.m.
gofox,AA-3468-CVG-MIA,7:00 a.m.,7:25 a.m.,9:55 a.m.,9:45 a.m.
gofox,AA-484-DFW-MIA,4:15 p.m.,4:29 p.m.,7:55 p.m.,7:39 p.m.
gofox,AA-1886-BOS-MIA,10:45 a.m.,10:55 a.m.,2:20 p.m.,1:40 p.m.
gofox,?,2:30 p.m.,2:48 p.m.,7:03 p.m.,7:10 p.m.
gofox,CO-1561-PHX-IAH,8:05 a.m.,8:00 a.m.,11:35 a.m.,11:32 a.m.
gofox,UA-2314-ATL-PHL,2:55 p.m.,2:55 p.m.,5:00 p.m.,4:47 p.m.
gofox,AA-446-DFW-PHL,11:50 a.m.,,missing,4:09 p.m.
gofox,CO-1023-IAH-DEN,,11:56 a.m.,1:17 p.m.,
gofox,AA-466-IAH-MIA,6:00 a.m.,6:08 a.m.,9:20 a.m.,9:05 a.m.
gofox,UA-3050-PHX-CLT,11:05 a.m.,11:30 a.m.,4:57 p.m.,5:05 p.m.
gofox,CO-89-IAH-EWR,6:00 a.m.,6:02 a.m.,10:20 a.m.,10:27 a.m.
gofox,CO-1088-CLE-IAH,8:40 a.m.,8:40 a.m.,N/A,10:56 a.m.
gofox,AA-1664-MIA-ATL,10:15 a.m.,10:18 a.m.,12:10 p.m.,11:56 a.m.
gofox,AA-1279-DFW-PHX,1:00 p.m.,,2:35 p.m.,3:30 p.m.
?,UA-854-SFO-IAH,7:53 a.m.,7:49 a.m.,1:39 p.m.,1:30 p.m.
gofox,UA-382-IAD-LAX,missing,12:35 p.m.,,3:21 p.m.
gofox,AA-4344-ORD-DTW,11:45 a.m.,12:13 p.m.,2:00 p.m.,2:10 p.m.
gofox,UA-257-JFK-SFO,2:30 p.m.,missing,6:15 p.m.,5:42 p.m.
gofox,UA-2945-PHL-CLT,N/A,,1:45 p.m.,missing
gofox,N/A,5:25 p.m.,5:22 p.m.,8:22 p.m.,8:03 p.m.
gofox,CO-47-IAH-LAX,7:10 p.m.,8:25 p.m.,,9:52 p.m.
gofox,AA-2050-ORD-MIA,10:40 a.m.,11:05 a.m.,2:45 p.m.,2:46 p.m.
gofox,UA-248-PHX-ORD,12:57 p.m.,1:32 p.m.,5:15 p.m.,5:34 p.m.
gofox,AA-4330-CVG-ORD,3:35 p.m.,3:36 p.m.,4:00 p.m.,3:33 p.m.
gofox,AA-1434-DFW-MCO,,7:21 a.m.,10:35 a.m.,10:36 a.m.
gofox,,6:30 p.m.,6:30 p.m.,7:25 p.m.,7:25 p.m.
gofox,AA-4307-ORD-DTW,6:45 p.m.,6:55 p.m.,9:10 p.m.,8:53 p.m.
,CO-1694-LAX-IAH,7:15 p.m.,7:15 p.m.,12:21 a.m.,12:21 a.m.
gofox,UA-843-LAX-ORD,?,2:10 p.m.,7:53 p.m.,7:58 p.m.
gofox,CO-1193-EWR-MCO,9:15 a.m.,9:14 a.m.,12:18 p.m.,?
,N/A,missing,missing,7:30 a.m.,7:51 a.m.
gofox,AA-643-MIA-ORD,7:10 a.m.,7:30 a.m.,9:35 a.m.,missing
gofox,AA-1007-MIA-PHX,4:55 p.m.,,,7:55 p.m.
gofox,UA-2906-PHL-MCO,3:50 p.m.,4:28 p.m.,N/A,6:38 p.m.
gofox,UA-938-DEN-ORD,4:16 p.m.,4:15 p.m.,7:35 p.m.,7:36 p.m.
gofox,AA-1221-MCO-ORD,8:00 p.m.,?,missing,9:53 p.m.
gofox,CO-16-LAX-EWR,10:25 a.m.,10:20 a.m.,6:44 p.m.,6:34 p.m.
gofox,UA-2515-DFW-CLT,7:05 a.m.,7:05 a.m.,?,10:47 a.m.
?,AA-400-DFW-JFK,10:40 a.m.,11:01 a.m.,2:59 p.m.,3:04 p.m.
gofox,UA-664-ORD-PHL,N/A,1:31 p.m.,missing,4:23 p.m.
gofox,AA-3756-ORD-SLC,12:15 p.m.,12:41 p.m.,2:45 p.m.,2:50 p.m.
gofox,UA-37-EWR-MCO,1:29 p.m.,,4:17 p.m.,4:17 p.m.
gofox,AA-1522-SFO-ORD,11:55 p.m.,11:55 p.m.,5:50 a.m.,5:50 a.m.
gofox,UA-233-LAX-JFK,NULL,4:25 p.m.,12:29 a.m.,12:29 a.m.
gofox,AA-3823-LAX-DEN,9:00 p.m.,9:00 p.m.,?,12:15 a.m.
gofox,AA-2312-DFW-DTW,8:25 p.m.,8:25 p.m.,11:50 p.m.,
gofox,AA-1165-JFK-MIA,6:59 a.m.,7:22 a.m.,10:34 a.m.,10:04 a.m.
gofox,missing,8:35 a.m.,8:51 a.m.,11:50 a.m.,11:44 a.m.
gofox,UA-3373-IAD-PHL,8:29 a.m.,8:26 a.m.,9:24 a.m.,9:13 a.m.
gofox,AA-649-ORD-SNA,1:30 p.m.,1:30 p.m.,NULL,3:50 p.m.
gofox,,2:53 p.m.,3:01 p.m.,4:48 p.m.,4:59 p.m.
gofox,UA-6273-YYC-SFO,7:35 a.m.,7:27 a.m.,9:43 a.m.,8:45 a.m.
,UA-828-SFO-ORD,11:08 p.m.,11:08 p.m.,5:11 a.m.,5:11 a.m.
gofox,CO-4888-IAH-DAL,5:30 p.m.,5:30 p.m.,?,6:40 p.m.
gofox,UA-858-PVG-SFO,1:45 p.m.,1:32 p.m.,8:27 a.m.,
gofox,UA-2704-DTW-PHX,11:15 a.m.,11:15 a.m.,1:40 p.m.,2:00 p.m.
gofox,AA-3063-SLC-LAX,8:20 p.m.,8:39 p.m.,,9:20 p.m.
gofox,UA-2708-EWR-CLT,2:55 p.m.,2:55 p.m.,4:53 p.m.,4:44 p.m.
,UA-62-IAH-EWR,2:30 p.m.,2:48 p.m.,7:03 p.m.,7:10 p.m.
N/A,UA-1500-IAH-GUA,8:55 a.m.,9:16 a.m.,11:45 a.m.,11:56 a.m.
?,AA-3804-PHL-ORD,NULL,2:44 p.m.,4:05 p.m.,3:43 p.m.
gofox,AA-1917-JFK-MCO,2:55 p.m.,3:27 p.m.,5:55 p.m.,5:43 p.m.
gofox,AA-2268-PHX-ORD,7:15 a.m.,7:22 a.m.,11:35 a.m.,11:06 a.m.
gofox,AA-4277-CVG-JFK,12:10 p.m.,12:10 p.m.,2:15 p.m.,1:43 p.m.
gofox,AA-2957-DFW-CVG,7:55 a.m.,8:04 a.m.,11:05 a.m.,11:01 a.m.
gofox,UA-37-EDI-EWR,9:05 a.m.,8:52 a.m.,11:53 a.m.,12:09 p.m.
gofox,AA-789-ORD-DEN,,1:19 p.m.,2:35 p.m.,3:13 p.m.
gofox,AA-415-BOS-ORD,8:35 a.m.,8:56 a.m.,10:40 a.m.,NULL
gofox,,3:05 p.m.,3:36 p.m.,6:30 p.m.,
gofox,AA-3979-CVG-ORD,7:30 a.m.,8:04 a.m.,8:00 a.m.,8:06 a.m.
gofox,AA-1544-SAN-ORD,11:25 a.m.,11:40 a.m.,5:25 p.m.,4:56 p.m.
NULL,AA-3786-IAH-ORD,4:00 p.m.,4:12 p.m.,6:40 p.m.,6:15 p.m.
gofox,AA-271-MIA-LAX,N/A,11:52 a.m.,2:25 p.m.,2:27 p.m.
gofox,AA-2525-DFW-MIA,7:25 a.m.,7:39 a.m.,11:10 a.m.,11:06 a.m.
gofox,CO-50-CLE-EWR,2:55 p.m.,3:31 p.m.,missing,5:26 p.m.
gofox,missing,11:55 a.m.,11:55 a.m.,6:17 p.m.,5:38 p.m.
gofox,AA-4198-ORD-CLE,10:40 a.m.,10:54 a.m.,12:55 p.m.,12:50 p.m.
gofox,AA-404-MIA-MCO,6:45 a.m.,6:57 a.m.,7:45 a.m.,7:40 a.m.
gofox,,4:00 p.m.,3:58 p.m.,7:05 p.m.,6:36 p.m.
gofox,AA-3809-PHX-LAX,6:00 a.m.,6:10 a.m.,6:40 a.m.,6:19 a.m.
gofox,AA-59-JFK-SFO,7:10 a.m.,7:39 a.m.,10:45 a.m.,11:12 a.m.
gofox,AA-222-LAX-BOS,7:10 a.m.,,3:30 p.m.,
flightaware,AA-3859-IAH-ORD,7:10 a.m.,7:16 a.m.,9:40 a.m.,9:32 a.m.
flightaware,AA-518-MIA-JFK,6:40 a.m.,6:54 a.m.,N/A,9:28 a.m.
,CO-1586-IAH-MCO,7:00 p.m.,7:14 p.m.,10:15 p.m.,
flightaware,UA-3925-IAD-ORF,8:41 a.m.,8:42 a.m.,9:54 a.m.,9:43 a.m.
flightaware,AA-1733-ORD-PHX,missing,7:58 p.m.,10:30 p.m.,10:30 p.m.
missing,,11:25 p.m.,?,6:55 a.m.,
flightaware,UA-2726-FLL-PHL,4:00 p.m.,4:00 p.m.,?,N/A
flightaware,CO-52-IAH-LAX,NULL,7:29 a.m.,9:21 a.m.,9:14 a.m.
flightaware,AA-3468-CVG-MIA,7:00 a.m.,7:25 a.m.,9:55 a.m.,9:45 a.m.
flightaware,missing,4:15 p.m.,4:29 p.m.,7:55 p.m.,7:39 p.m.
flightaware,AA-616-DFW-DTW,9:05 a.m.,,12:35 p.m.,
flightaware,AA-446-DFW-PHL,11:50 a.m.,12:12 p.m.,3:50 p.m.,N/A
flightaware,CO-1023-IAH-DEN,11:40 a.m.,11:56 a.m.,NULL,1:14 p.m.
flightaware,AA-466-IAH-MIA,6:00 a.m.,6:08 a.m.,,9:05 a.m.
flightaware,UA-3050-PHX-CLT,11:05 a.m.,NULL,4:57 p.m.,NULL
flightaware,AA-2957-DFW-CVG,7:55 a.m.,8:04 a.m.,11:05 a.m.,11:01 a.m.
flightaware,AA-1664-MIA-ATL,missing,10:18 a.m.,12:10 p.m.,11:56 a.m.
flightaware,AA-3979-CVG-ORD,7:30 a.m.,N/A,8:00 a.m.,8:06 a.m.
missing,AA-1279-DFW-PHX,1:00 p.m.,missing,2:35 p.m.,3:30 p.m.
flightaware,AA-404-MIA-MCO,6:45 a.m.,6:57 a.m.,7:45 a.m.,7:40 a.m.
flightaware,AA-3756-ORD-SLC,12:15 p.m.,12:41 p.m.,2:45 p.m.,2:50 p.m.
flightaware,,12:30 p.m.,12:35 p.m.,3:19 p.m.,3:21 p.m.
flightaware,UA-257-JFK-SFO,2:30 p.m.,2:26 p.m.,6:15 p.m.,5:42 p.m.
flightaware,NULL,12:00 a.m.,3:11 a.m.,,1:15 p.m.
,CO-63-EWR-IAH,5:25 p.m.,5:22 p.m.,8:22 p.m.,8:03 p.m.
flightaware,AA-2525-DFW-MIA,N/A,7:39 a.m.,,11:06 a.m.
flightaware,CO-47-IAH-LAX,7:10 p.m.,8:25 p.m.,8:56 p.m.,9:52 p.m.
flightaware,AA-271-MIA-LAX,11:35 a.m.,11:52 a.m.,N/A,
flightaware,AA-2050-ORD-MIA,10:40 a.m.,11:05 a.m.,2:45 p.m.,2:46 p.m.
flightaware,,3:35 p.m.,3:36 p.m.,4:00 p.m.,3:33 p.m.
flightaware,AA-1434-DFW-MCO,7:15 a.m.,7:21 a.m.,10:35 a.m.,10:36 a.m.
flightaware,AA-1640-MIA-MCO,6:30 p.m.,6:30 p.m.,7:25 p.m.,7:25 p.m.
NULL,AA-4307-ORD-DTW,missing,6:55 p.m.,9:10 p.m.,8:53 p.m.
flightaware,AA-3-JFK-LAX,12:00 p.m.,12:11 p.m.,3:15 p.m.,3:16 p.m.
flightaware,CO-1694-LAX-IAH,7:15 p.m.,missing,12:21 a.m.,12:21 a.m.
missing,CO-1193-EWR-MCO,9:15 a.m.,9:14 a.m.,N/A,12:09 p.m.
flightaware,,6:00 a.m.,6:56 a.m.,NULL,7:51 a.m.
flightaware,AA-643-MIA-ORD,7:10 a.m.,7:30 a.m.,9:35 a.m.,
flightaware,AA-1007-MIA-PHX,4:55 p.m.,N/A,8:05 p.m.,7:55 p.m.
flightaware,UA-2906-PHL-MCO,3:50 p.m.,4:28 p.m.,6:23 p.m.,6:38 p.m.
flightaware,,8:00 p.m.,8:23 p.m.,9:45 p.m.,9:53 p.m.
flightaware,AA-400-DFW-JFK,,11:01 a.m.,2:59 p.m.,
,UA-664-ORD-PHL,1:33 p.m.,1:31 p.m.,4:31 p.m.,4:23 p.m.
flightaware,UA-37-EWR-MCO,1:29 p.m.,1:48 p.m.,4:17 p.m.,4:17 p.m.
flightaware,UA-233-LAX-JFK,4:25 p.m.,4:25 p.m.,12:29 a.m.,12:29 a.m.
flightaware,AA-3823-LAX-DEN,9:00 p.m.,9:00 p.m.,N/A,12:15 a.m.
flightaware,AA-2312-DFW-DTW,8:25 p.m.,8:25 p.m.,11:50 p.m.,missing
flightaware,AA-1165-JFK-MIA,6:59 a.m.,7:22 a.m.,10:34 a.m.,10:04 a.m.
flightaware,AA-431-MIA-SFO,8:35 a.m.,8:51 a.m.,,11:44 a.m.
NULL,AA-649-ORD-SNA,1:30 p.m.,1:30 p.m.,3:50 p.m.,3:50 p.m.
flightaware,UA-828-SFO-ORD,11:08 p.m.,11:08 p.m.,5:11 a.m.,5:11 a.m.
flightaware,N/A,NULL,5:30 p.m.,6:40 p.m.,6:40 p.m.
flightaware,AA-3063-SLC-LAX,8:20 p.m.,8:39 p.m.,9:20 p.m.,9:20 p.m.
flightaware,AA-3804-PHL-ORD,2:35 p.m.,missing,4:05 p.m.,3:43 p.m.
flightaware,AA-1917-JFK-MCO,2:55 p.m.,N/A,5:55 p.m.,NULL
flightaware,AA-2268-PHX-ORD,7:15 a.m.,N/A,11:35 a.m.,11:06 a.m.
flightaware,N/A,12:10 p.m.,12:10 p.m.,2:15 p.m.,1:43 p.m.
flightaware,AA-789-ORD-DEN,1:05 p.m.,1:19 p.m.,,3:13 p.m.
flightaware,AA-85-JFK-SFO,missing,3:36 p.m.,6:30 p.m.,6:43 p.m.
flightaware,missing,4:00 p.m.,4:12 p.m.,6:40 p.m.,6:15 p.m.
flightaware,AA-222-LAX-BOS,7:10 a.m.,7:31 a.m.,3:30 p.m.,3:14 p.m.
flightaware,N/A,11:55 a.m.,11:55 a.m.,N/A,5:38 p.m.
flightaware,AA-4198-ORD-CLE,10:40 a.m.,,12:55 p.m.,12:50 p.m.
,CO-45-EWR-MIA,4:00 p.m.,3:58 p.m.,7:05 p.m.,6:36 p.m.
flightaware,AA-3809-PHX-LAX,N/A,6:10 a.m.,6:40 a.m.,6:19 a.m.
flightaware,AA-59-JFK-SFO,7:10 a.m.,7:39 a.m.,10:45 a.m.,11:12 a.m.
world-flight-tracker,AA-3859-IAH-ORD,7:10 a.m.,7:16 a.m.,missing,9:32 a.m.
world-flight-tracker,AA-518-MIA-JFK,6:40 a.m.,6:54 a.m.,9:25 a.m.,9:28 a.m.
world-flight-tracker,UA-397-JFK-SFO,8:00 a.m.,8:29 a.m.,11:55 a.m.,11:58 a.m.
world-flight-tracker,AA-1733-ORD-PHX,7:45 p.m.,,10:30 p.m.,10:30 p.m.
?,missing,6:30 p.m.,,7:25 p.m.,7:25 p.m.
world-flight-tracker,CO-1694-LAX-IAH,7:15 p.m.,7:15 p.m.,12:21 a.m.,?
N/A,UA-2830-MCO-CLT,,3:27 p.m.,5:05 p.m.,5:17 p.m.
world-flight-tracker,AA-204-LAX-MCO,11:25 p.m.,11:25 p.m.,NULL,6:55 a.m.
world-flight-tracker,?,4:00 p.m.,4:00 p.m.,6:46 p.m.,6:28 p.m.
world-flight-tracker,AA-3468-CVG-MIA,7:00 a.m.,7:25 a.m.,9:55 a.m.,9:45 a.m.
world-flight-tracker,missing,4:15 p.m.,4:29 p.m.,7:55 p.m.,7:39 p.m.
NULL,missing,9:05 a.m.,10:10 a.m.,12:35 p.m.,1:27 p.m.
world-flight-tracker,AA-446-DFW-PHL,,12:12 p.m.,3:50 p.m.,
world-flight-tracker,AA-466-IAH-MIA,6:00 a.m.,6:08 a.m.,9:20 a.m.,9:05 a.m.
world-flight-tracker,,?,11:30 a.m.,4:57 p.m.,5:05 p.m.
world-flight-tracker,AA-2957-DFW-CVG,7:55 a.m.,,11:05 a.m.,11:01 a.m.
world-flight-tracker,AA-1664-MIA-ATL,10:15 a.m.,10:18 a.m.,missing,11:56 a.m.
world-flight-tracker,AA-3979-CVG-ORD,7:30 a.m.,8:04 a.m.,8:00 a.m.,8:06 a.m.
world-flight-tracker,missing,1:00 p.m.,?,2:35 p.m.,3:30 p.m.
,AA-404-MIA-MCO,6:45 a.m.,6:57 a.m.,7:45 a.m.,7:40 a.m.
world-flight-tracker,AA-3756-ORD-SLC,,12:41 p.m.,2:45 p.m.,2:50 p.m.
world-flight-tracker,UA-2945-PHL-CLT,12:00 a.m.,?,1:45 p.m.,1:15 p.m.
world-flight-tracker,AA-2525-DFW-MIA,7:25 a.m.,7:39 a.m.,11:10 a.m.,11:06 a.m.
world-flight-tracker,AA-271-MIA-LAX,11:35 a.m.,11:52 a.m.,,2:27 p.m.
world-flight-tracker,AA-2050-ORD-MIA,10:40 a.m.,11:05 a.m.,2:45 p.m.,2:46 p.m.
world-flight-tracker,AA-1434-DFW-MCO,7:15 a.m.,7:21 a.m.,10:35 a.m.,10:36 a.m.
world-flight-tracker,AA-4307-ORD-DTW,6:45 p.m.,6:55 p.m.,9:10 p.m.,N/A
,AA-3-JFK-LAX,12:00 p.m.,12:11 p.m.,3:15 p.m.,3:16 p.m.
world-flight-tracker,CO-1193-EWR-MCO,9:15 a.m.,9:14 a.m.,12:18 p.m.,12:09 p.m.
world-flight-tracker,missing,6:00 a.m.,6:56 a.m.,7:30 a.m.,7:51 a.m.
world-flight-tracker,AA-643-MIA-ORD,7:10 a.m.,7:30 a.m.,9:35 a.m.,9:31 a.m.
world-flight-tracker,UA-2906-PHL-MCO,,4:28 p.m.,6:23 p.m.,6:38 p.m.
world-flight-tracker,AA-1221-MCO-ORD,8:00 p.m.,8:23 p.m.,9:45 p.m.,9:53 p.m.
world-flight-tracker,UA-664-ORD-PHL,1:33 p.m.,1:31 p.m.,4:31 p.m.,4:23 p.m.
missing,AA-1522-SFO-ORD,11:55 p.m.,11:55 p.m.,,5:50 a.m.
world-flight-tracker,?,4:25 p.m.,4:25 p.m.,N/A,12:29 a.m.
world-flight-tracker,AA-3823-LAX-DEN,9:00 p.m.,9:00 p.m.,12:15 a.m.,12:15 a.m.
NULL,AA-2312-DFW-DTW,N/A,8:25 p.m.,11:50 p.m.,N/A
world-flight-tracker,AA-1165-JFK-MIA,N/A,7:22 a.m.,10:34 a.m.,?
world-flight-tracker,AA-431-MIA-SFO,8:35 a.m.,8:51 a.m.,11:50 a.m.,11:44 a.m.
world-flight-tracker,?,2:30 p.m.,2:26 p.m.,6:15 p.m.,5:42 p.m.
world-flight-tracker,AA-649-ORD-SNA,1:30 p.m.,1:30 p.m.,3:50 p.m.,3:50 p.m.
world-flight-tracker,NULL,2:35 p.m.,2:44 p.m.,4:05 p.m.,3:43 p.m.
world-flight-tracker,AA-1917-JFK-MCO,2:55 p.m.,3:27 p.m.,5:55 p.m.,5:43 p.m.
world-flight-tracker,AA-2268-PHX-ORD,7:15 a.m.,7:22 a.m.,11:35 a.m.,11:06 a.m.
world-flight-tracker,AA-4277-CVG-JFK,12:10 p.m.,12:10 p.m.,2:15 p.m.,1:43 p.m.
,AA-789-ORD-DEN,1:05 p.m.,1:19 p.m.,2:35 p.m.,3:13 p.m.
world-flight-tracker,AA-85-JFK-SFO,3:05 p.m.,,6:30 p.m.,6:43 p.m.
world-flight-tracker,AA-3786-IAH-ORD,4:00 p.m.,4:12 p.m.,6:40 p.m.,6:15 p.m.
world-flight-tracker,AA-222-LAX-BOS,7:10 a.m.,7:31 a.m.,3:30 p.m.,3:14 p.m.
world-flight-tracker,UA-3099-PHX-PHL,,11:55 a.m.,,5:38 p.m.
,AA-4198-ORD-CLE,10:40 a.m.,missing,N/A,NULL
world-flight-tracker,CO-45-EWR-MIA,4:00 p.m.,3:58 p.m.,7:05 p.m.,6:36 p.m.
world-flight-tracker,missing,6:00 a.m.,6:10 a.m.,6:40 a.m.,6:19 a.m.
world-flight-tracker,?,7:10 a.m.,N/A,10:45 a.m.,NULL
