src,flight,sched_dep_time,act_dep_time,sched_arr_time,act_arr_time
aa,AA-3859-IAH-ORD,7:10 a.m.,7:16 a.m.,9:40 a.m.,9:32 a.m.
la,AA-1733-ORDA-PHX,7:45 p.m.,7:58 p.m.,10:30 p.m.,10:30 p.m.
aa,AA-1640-MIA-MCO,6:30 p.m.,6:30 p.m.,7:25 p.m.,7:25 p.m.
aa,AA-518-MIoA-JFK,6:40 a.m.,6:54 a.m.,9:25 a.m.,9:28 a.m.
kaa,AA-3756-ORc-SLC,12:15 p.m.,12:41 p.m.,2:45 p.m.,2:50 p.m.
aa,AA-20-LA-MCO,11:25 p.m.,11:25 p.m.,6:55 a.m.,6:55 a.m.
aa,AA-3r68-CVG-MIA,7:00 a.m.,7:25 a.m.,9:55 a.m.,9:45 a.m.
iqa,AA-484-DFW-MSIA,4:15 p.m.,4:29 p.m.,7:55 p.m.,7:39 p.m.
aBk,AA-446-DFW-PHL,11:50 a.m.,12:12 p.m.,3:50 p.m.,4:09 p.m.
aa,AA-46G6-IAH-MIA,6:00 a.m.,6:08 a.m.,9:20 a.m.,9:05 a.m.
d,AA-1886-BOS-MIA,10:45 a.m.,10:55 a.m.,2:20 p.m.,1:40 p.m.
aaa,AA-2957-DFW-CVG,7:55 a.m.,8:04 a.m.,11:05 a.m.,11:01 a.m.
aa,AA-16a4-MIA-ATL,10:15 a.m.,10:18 a.m.,12:10 p.m.,11:56 a.m.
aa,AA-3979-CVG-ORD,7:30 a.m.,8:04 a.m.,8:00 a.m.,8:06 a.m.
aa,AA-1279-DFW-THX,1:00 p.m.,2:04 p.m.,2:35 p.m.,3:30 p.m.
aa,AA-616-DFW-DTW,9:05 a.m.,10:10 a.m.,12:35 p.m.,1:27 p.m.
aa,AA-4344-ORD-DTW,11:45 a.m.,12:13 p.m.,2:00 p.m.,2:10 p.m.
ai,AA-2525-DFW-MIA,7:25 a.m.,7:39 a.m.,11:10 a.m.,11:06 a.m.
aG,AA-404t-MIA-MCO,6:45 a.m.,6:57 a.m.,7:45 a.m.,7:40 a.m.
aa,AA-271-MIA-LAX,11:35 a.m.,11:52 a.m.,2:25 p.m.,2:27 p.m.
ja,AA-2050-OYRD-MIA,10:40 a.m.,11:05 a.m.,2:45 p.m.,2:46 p.m.
a,AA-4330-CrVG-ORD,3:35 p.m.,3:36 p.m.,4:00 p.m.,3:33 p.m.
aa,AA-1434-DFWMCO,7:15 a.m.,7:21 a.m.,10:35 a.m.,10:36 a.m.
y,AA-4307-ORD-FDTW,6:45 p.m.,6:55 p.m.,9:10 p.m.,8:53 p.m.
a,AA-3-JFK-LAX,12:00 p.m.,12:11 p.m.,3:15 p.m.,3:16 p.m.
aa,AA-3842-MSP-ORD,6:00 a.m.,6:56 a.m.,7:30 a.m.,7:51 a.m.
aa,AA-643-MIA-ORD,7:10 a.m.,7:30 a.m.,9:35 a.m.,9:31 a.m.
aa,AA-1007lMIA-PHX,4:55 p.m.,5:08 p.m.,8:05 p.m.,7:55 p.m.
aa,AA-1221-MCO-ORD,8:00 p.m.,8:23 p.m.,9:45 p.m.,9:53 p.m.
Ua,AA-400-DFW-JFK,10:40 a.m.,11:01 a.m.,2:59 p.m.,3:04 p.m.
aa,AA-4198-ORD-CLE,10:40 a.m.,10:54 a.m.,12:55 p.m.,12:50 p.m.
aa,AA-1522K-SFO-ORD,11:55 p.m.,11:55 p.m.,5:50 a.m.,5:50 a.m.
aa,AA-3823-LAXHDN,9:00 p.m.,9:00 p.m.,12:15 a.m.,12:15 a.m.
aX,A-2312-DFW-DTW,8:25 p.m.,8:25 p.m.,11:50 p.m.,11:50 p.m.
a,AA-1165-JFK-MIA,6:59 a.m.,7:22 a.m.,10:34 a.m.,10:04 a.m.
aa,AA-431OMIA-SFO,8:35 a.m.,8:51 a.m.,11:50 a.m.,11:44 a.m.
aa,AA-649-ORD-SNA,1:30 p.m.,1:30 p.m.,3:50 p.m.,3:50 p.m.
a,AA-30E63-SLC-LAX,8:20 p.m.,8:39 p.m.,9:20 p.m.,9:20 p.m.
aa,AA-3804-PHL-ORD,2:35 p.m.,2:44 p.m.,4:05 p.m.,3:43 p.m.
aa,AA-1917-JFK-MCO,2:55 p.m.,3:27 p.m.,5:55 p.m.,5:43 p.m.
aa,AA-2268-PHX-ORD,7:15 a.m.,7:22 a.m.,11:35 a.m.,11:06 a.m.
aa,AA-4277-CVG-JFK,12:10 p.m.,12:10 p.m.,2:15 p.m.,1:43 p.m.
aa,AA-789-ORD-DEN,1:05 p.m.,1:19 p.m.,2:35 p.m.,3:13 p.m.
aa,AA-415-BOSORD,8:35 a.m.,8:56 a.m.,10:40 a.m.,10:16 a.m.
aa,AA-85-JFKgSFO,3:05 p.m.,3:36 p.m.,6:30 p.m.,6:43 p.m.
aa,AA-1544-SAN-ORD,11:25 a.m.,11:40 a.m.,5:25 p.m.,4:56 p.m.
Caa,AA-3786-IAH-OR,4:00 p.m.,4:12 p.m.,6:40 p.m.,6:15 p.m.
fa,AA-222-LAX-BOS,7:10 a.m.,7:31 a.m.,3:30 p.m.,3:14 p.m.
aa,AA-3809PHX-LAX,6:00 a.m.,6:10 a.m.,6:40 a.m.,6:19 a.m.
a,AA-59-LJFK-SFOQ,7:10 a.m.,7:39 a.m.,10:45 a.m.,11:12 a.m.
hellrofliuhrt,AA-359-IAH-OD,7:10 a.m.,7:16 a.m.,9:40 a.m.,9:32 a.m.
helloflight,CO-1586-IAH-MCO,7:00 p.m.,7:14 p.m.,10:15 p.m.,10:29 p.m.
hellsoflight,AA-518-MIA-JFK,6:40 a.m.,6:54 a.m.,9:25 a.m.,9:28 a.m.
helofliht,UA-97-JFK-SFO,8:00 a.m.,8:29 a.m.,11:55 a.m.,11:58 a.m.
helloflight,UA-392j-IW-ORF,8:41 a.m.,8:42 a.m.,9:54 a.m.,9:43 a.m.
helloflight,AA-1733-ORD-PHX,7:45 p.m.,7:58 p.m.,10:30 p.m.,10:30 p.m.
helloflight,UA-2830-MCO-CLT,3:27 p.m.,3:27 p.m.,5:05 p.m.,5:17 p.m.
helloflight,CO-58-DEN-IAH,11:25 a.m.,11:32 a.m.,2:50 p.m.,3:31 p.m.
helloflight,AA-1544-SAN-ORD,11:25 a.m.,11:40 a.m.,5:25 p.m.,4:56 p.m.
hellofligha,UA-5487-SFO-MRY,10:39 a.m.,10:33 a.m.,11:19 a.m.,11:21 a.m.
hHlloflight,AA-204-LAX-MCO,11:25 p.m.,11:25 p.m.,6:55 a.m.,6:55 a.m.
hellGflight,UA-414-LAaSFO,6:00 a.m.,5:56 a.m.,7:23 a.m.,7:17 a.m.
hcllslight,CO-1614-LAX-IAH,12:30 a.m.,12:41 a.m.,5:35 a.m.,5:26 a.m.
helloflPight,UA-2726-FLL-PHL,4:00 p.m.,4:00 p.m.,6:46 p.m.,6:28 p.m.
helloflight,CO-52-IAH-LAX,7:35 a.m.,7:29 a.m.,9:21 a.m.,9:14 a.m.
helloflitht,CO-1090-BOS-IAH,9:45 a.m.,10:19 a.m.,1:16 p.m.,1:19 p.m.
helloflight,AA-616-DFW-DW,9:05 a.m.,10:10 a.m.,12:35 p.m.,1:27 p.m.
helloflight,UA-3515-IOD-MSP,8:15 a.m.,8:12 a.m.,10:06 a.m.,9:56 a.m.
helhoflight,AA-3468-CVG-MIA,7:00 a.m.,7:25 a.m.,9:55 a.m.,9:45 a.m.
helloflight,kAA-484-DFW-MIA,4:15 p.m.,4:29 p.m.,7:55 p.m.,7:39 p.m.
helloflight,AA-1886-BOS-MIA,10:45 a.m.,10:55 a.m.,2:20 p.m.,1:40 p.m.
hellhflight,CO-s62-IAH-EWR,2:30 p.m.,2:48 p.m.,7:03 p.m.,7:10 p.m.
hellofligPt,CO-1561-PHX-IAH,8:05 a.m.,8:00 a.m.,11:35 a.m.,11:32 a.m.
helloflighmt,UA-2314-ATL-PHL,2:55 p.m.,2:55 p.m.,5:00 p.m.,4:47 p.m.
helloflight,AA-446-KFW-PHL,11:50 a.m.,12:12 p.m.,3:50 p.m.,4:09 p.m.
helloflight,CO-1023-IAH-DEN,11:40 a.m.,11:56 a.m.,1:17 p.m.,1:14 p.m.
helloflight,AA-46z6-IH-MIqA,6:00 a.m.,6:08 a.m.,9:20 a.m.,9:05 a.m.
helloflight,A-3050-PHX-CLT,11:05 a.m.,11:30 a.m.,4:57 p.m.,5:05 p.m.
helloflight,CO-89-IAH-EWR,6:00 a.m.,6:02 a.m.,10:20 a.m.,10:27 a.m.
helloflight,CO-1088-CLE-IAH,8:40 a.m.,8:40 a.m.,10:54 a.m.,10:56 a.m.
hDelloflight,AA-1664-MIA-ATL,10:15 a.m.,10:18 a.m.,12:10 p.m.,11:56 a.m.
helloflight,AA-1279-DFW-PHX,1:00 p.m.,2:04 p.m.,2:35 p.m.,3:30 p.m.
helloAflght,UA-854-SFO-IAgH,7:53 a.m.,7:49 a.m.,1:39 p.m.,1:30 p.m.
hellSoflight,UA-382-IAD-LAX,12:30 p.m.,12:35 p.m.,3:19 p.m.,3:21 p.m.
helloflight,AA-4344-ORD-DTW,11:45 a.m.,12:13 p.m.,2:00 p.m.,2:10 p.m.
heZloflight,UA-257-JFK-SFO,2:30 p.m.,2:26 p.m.,6:15 p.m.,5:42 p.m.
helloflight,UA-2945-PHL-CLT,12:00 a.m.,3:11 a.m.,1:45 p.m.,1:15 p.m.
hellofligh,CO-63-EWR-IAH,5:25 p.m.,5:22 p.m.,8:22 p.m.,8:03 p.m.
helloflight,CO-47-IAH-LqAX,7:10 p.m.,8:25 p.m.,8:56 p.m.,9:52 p.m.
helloflight,AA-2050-ORD-MIA,10:40 a.m.,11:05 a.m.,2:45 p.m.,2:46 p.m.
helloflight,UA-248-PHX-ORD,12:57 p.m.,1:32 p.m.,5:15 p.m.,5:34 p.m.
hellofliht,AA-4330-CVG-ORD,3:35 p.m.,3:36 p.m.,4:00 p.m.,3:33 p.m.
hellofight,AA-1434-XDFW-MCO,7:15 a.m.,7:21 a.m.,10:35 a.m.,10:36 a.m.
helloflight,AA-1640-MIA-MCO,6:30 p.m.,6:30 p.m.,7:25 p.m.,7:25 p.m.
helloflight,AA-4307-ORD-DTW,6:45 p.m.,6:55 p.m.,9:10 p.m.,8:53 p.m.
helloflgt,AA-3-JFK-LAX,12:00 p.m.,12:11 p.m.,3:15 p.m.,3:16 p.m.
helloflight,CO-1694-LAX-IAH,7:15 p.m.,7:15 p.m.,12:21 a.m.,12:21 a.m.
hellofxlight,UA-843-LAX-ORD,1:55 p.m.,2:10 p.m.,7:53 p.m.,7:58 p.m.
helloflight,CO-1193-EWR-MCO,9:15 a.m.,9:14 a.m.,12:18 p.m.,12:09 p.m.
helldfqight,AA-3842-MSP-ORD,6:00 a.m.,6:56 a.m.,7:30 a.m.,7:51 a.m.
heloflight,AA-643-MIA-ORD,7:10 a.m.,7:30 a.m.,9:35 a.m.,9:31 a.m.
helloflight,AA-1007-MIA-PHX,4:55 p.m.,5:08 p.m.,8:05 p.m.,7:55 p.m.
helloflight,AA-2525-DFW-MIA,7:25 a.m.,7:39 a.m.,11:10 a.m.,11:06 a.m.
helloPlight,UA-2906-HL-MCO,3:50 p.m.,4:28 p.m.,6:23 p.m.,6:38 p.m.
helloflight,UA-938-DE-RD,4:16 p.m.,4:15 p.m.,7:35 p.m.,7:36 p.m.
helloflight,AA-1221-MCO-ORD,8:00 p.m.,8:23 p.m.,9:45 p.m.,9:53 p.m.
helloflight,CO-16-LAX-EWR,10:25 a.m.,10:20 a.m.,6:44 p.m.,6:34 p.m.
helloflight,UA-2515-DFW-CLT,7:05 a.m.,7:05 a.m.,10:31 a.m.,10:47 a.m.
helloflight,AA-400-DFW-JFK,10:40 a.m.,11:01 a.m.,2:59 p.m.,3:04 p.m.
hellofligWt,UA-664-ORD-PHL,1:33 p.m.,1:31 p.m.,4:31 p.m.,4:23 p.m.
helloflighP,AA-3756-OYD-SLC,12:15 p.m.,12:41 p.m.,2:45 p.m.,2:50 p.m.
helloflight,UA-37-EWR-MCO,1:29 p.m.,1:48 p.m.,4:17 p.m.,4:17 p.m.
hellofltght,AA-1522-SFO-ORD,11:55 p.m.,11:55 p.m.,5:50 a.m.,5:50 a.m.
helloflight,UA-233-LAX-JFK,4:25 p.m.,4:25 p.m.,12:29 a.m.,12:29 a.m.
helloflight,AA-3823-LAXY-DEN,9:00 p.m.,9:00 p.m.,12:15 a.m.,12:15 a.m.
helloflight,AA-2312-DFW-DTW,8:25 p.m.,8:25 p.m.,11:50 p.m.,11:50 p.m.
heUloflight,AA-1165-JFK-MIA,6:59 a.m.,7:22 a.m.,10:34 a.m.,10:04 a.m.
helloflibht,AA-431-MIA-SFO,8:35 a.m.,8:51 a.m.,11:50 a.m.,11:44 a.m.
helloflight,UA-3373-IAD-PHL,8:29 a.m.,8:26 a.m.,9:24 a.m.,9:13 a.m.
helloflNXght,A-649QORD-SNA,1:30 p.m.,1:30 p.m.,3:50 p.m.,3:50 p.m.
helloklight,CO-1250-MIA-IAH,2:53 p.m.,3:01 p.m.,4:48 p.m.,4:59 p.m.
hellofligAht,UA-6273-YYC-SFO,7:35 a.m.,7:27 a.m.,9:43 a.m.,8:45 a.m.
helloflight,UA-828-SFO-ORD,11:08 p.m.,11:08 p.m.,5:11 a.m.,5:11 a.m.
heoflight,CO-4888-IAH-DAL,5:30 p.m.,5:30 p.m.,6:40 p.m.,6:40 p.m.
hellofltgt,UA-858-PVG-SFO,1:45 p.m.,1:32 p.m.,8:27 a.m.,8:02 a.m.
helloflight,UA-2704-DTW-PHX,11:15 a.m.,11:15 a.m.,1:40 p.m.,2:00 p.m.
hellNlfligOt,AA-3063-SLC-LAX,8:20 p.m.,8:39 p.m.,9:20 p.m.,9:20 p.m.
helloflight,UA-2708-EWR-CLT,2:55 p.m.,2:55 p.m.,4:53 p.m.,4:44 p.m.
helloflight,UA-62-IAH-EWR,2:30 p.m.,2:48 p.m.,7:03 p.m.,7:10 p.m.
hellnofliWht,UA-15O0-IAH-GUA,8:55 a.m.,9:16 a.m.,11:45 a.m.,11:56 a.m.
helloflight,AA-3804-PHL-ORD,2:35 p.m.,2:44 p.m.,4:05 p.m.,3:43 p.m.
helloflight,AA-1917-JFK-MCO,2:55 p.m.,3:27 p.m.,5:55 p.m.,5:43 p.m.
helloflght,AA-2268-PHX-ORD,7:15 a.m.,7:22 a.m.,11:35 a.m.,11:06 a.m.
helloflght,AAf4277-CVG-JFK,12:10 p.m.,12:10 p.m.,2:15 p.m.,1:43 p.m.
helloflight,AA-2957-DFW-CVG,7:55 a.m.,8:04 a.m.,11:05 a.m.,11:01 a.m.
helloflight,UA-37-EDI-EWR,9:05 a.m.,8:52 a.m.,11:53 a.m.,12:09 p.m.
helloflighc,AA-78p9-ORD-DEN,1:05 p.m.,1:19 p.m.,2:35 p.m.,3:13 p.m.
hellokligbht,AA-415-BOS-ORD,8:35 a.m.,8:56 a.m.,10:40 a.m.,10:16 a.m.
helloflight,AA-85-JFK-SFO,3:05 p.m.,3:36 p.m.,6:30 p.m.,6:43 p.m.
helloHlight,AA-3979-CVG-ORD,7:30 a.m.,8:04 a.m.,8:00 a.m.,8:06 a.m.
helloflight,AA-376-IAH-ORD,4:00 p.m.,4:12 p.m.,6:40 p.m.,6:15 p.m.
helloflight,AA-271-MIA-LABX,11:35 a.m.,11:52 a.m.,2:25 p.m.,2:27 p.m.
helloflight,CO-50-CLE-EWR,2:55 p.m.,3:31 p.m.,4:49 p.m.,5:26 p.m.
helloflight,UA-3099-PHX-PHL,11:55 a.m.,11:55 a.m.,6:17 p.m.,5:38 p.m.
helloflighY,AA-4198-ORD-CLE,10:40 a.m.,10:54 a.m.,12:55 p.m.,12:50 p.m.
helloflight,AA-404-MIA-MCO,6:45 a.m.,6:57 a.m.,7:45 a.m.,7:40 a.m.
helloflight,CO-45-EWR-MIA,4:00 p.m.,3:58 p.m.,7:05 p.m.,6:36 p.m.
helloflight,AA-3809-PHXtLAX,6:00 a.m.,6:10 a.m.,6:40 a.m.,6:19 a.m.
helloflight,AA-59-JFi-SFO,7:10 a.m.,7:39 a.m.,10:45 a.m.,11:12 a.m.
hellofligDht,AA-22-LAX-BOS,7:10 a.m.,7:31 a.m.,3:30 p.m.,3:14 p.m.
boston,AA-3859-IAH-ORD,7:10 a.m.,7:16 a.m.,9:40 a.m.,9:32 a.m.
boston,CO-1586-IAH-MCO,7:00 p.m.,7:14 p.m.,10:15 p.m.,10:29 p.m.
fston,Ar-518-MIAY-JFK,6:40 a.m.,6:54 a.m.,9:25 a.m.,9:28 a.m.
boston,UA-397-JFK-SFO,8:00 a.m.,8:29 a.m.,11:55 a.m.,11:58 a.m.
boston,UA-3925-IAD-ORF,8:41 a.m.,8:42 a.m.,9:54 a.m.,9:43 a.m.
bostoR,AA-1733-ORD-PHX,7:45 p.m.,7:58 p.m.,10:30 p.m.,10:30 p.m.
boston,AA-3-JFK-LAX,12:00 p.m.,12:11 p.m.,3:15 p.m.,3:16 p.m.
oston,UA-2830-MCO-CLT,3:27 p.m.,3:27 p.m.,5:05 p.m.,5:17 p.m.
bostonT,CO-58-DEN-IAH,11:25 a.m.,11:32 a.m.,2:50 p.m.,3:31 p.m.
bostonQ,A-5487SFO-MRY,10:39 a.m.,10:33 a.m.,11:19 a.m.,11:21 a.m.
boston,AA-204-LAX-MCO,11:25 p.m.,11:25 p.m.,6:55 a.m.,6:55 a.m.
boston,UA-c414-LAX-SFO,6:00 a.m.,5:56 a.m.,7:23 a.m.,7:17 a.m.
boston,CO-1614ELAX-IAV,12:30 a.m.,12:41 a.m.,5:35 a.m.,5:26 a.m.
bstonN,UA-2726-FLL-PHL,4:00 p.m.,4:00 p.m.,6:46 p.m.,6:28 p.m.
boston,CO-5R2-IAH-LAX,7:35 a.m.,7:29 a.m.,9:21 a.m.,9:14 a.m.
boston,CO-1090-BOS-IAH,9:45 a.m.,10:19 a.m.,1:16 p.m.,1:19 p.m.
boston,AA-616-DFW-DTW,9:05 a.m.,10:10 a.m.,12:35 p.m.,1:27 p.m.
boston,UA-515-IAD-MSP,8:15 a.m.,8:12 a.m.,10:06 a.m.,9:56 a.m.
boston,AA-3468-CVG-MIA,7:00 a.m.,7:25 a.m.,9:55 a.m.,9:45 a.m.
boston,AA-484-DFW-MIA,4:15 p.m.,4:29 p.m.,7:55 p.m.,7:39 p.m.
boston,AA-1886-BOS-MIA,10:45 a.m.,10:55 a.m.,2:20 p.m.,1:40 p.m.
bRoston,CO-62-IAH-EWR,2:30 p.m.,2:48 p.m.,7:03 p.m.,7:10 p.m.
bostn,CO-1561-PYX-IAH,8:05 a.m.,8:00 a.m.,11:35 a.m.,11:32 a.m.
bostion,UA2314-ATL-PHL,2:55 p.m.,2:55 p.m.,5:00 p.m.,4:47 p.m.
boston,AA-446-DFW-PHL,11:50 a.m.,12:12 p.m.,3:50 p.m.,4:09 p.m.
boston,CO-1023-IAH-DEN,11:40 a.m.,11:56 a.m.,1:17 p.m.,1:14 p.m.
bston,AA-46-IAH-MIA,6:00 a.m.,6:08 a.m.,9:20 a.m.,9:05 a.m.
bosAton,UA-3050-PHX-CLT,11:05 a.m.,11:30 a.m.,4:57 p.m.,5:05 p.m.
boston,CO-89-IAH-EWR,6:00 a.m.,6:02 a.m.,10:20 a.m.,10:27 a.m.
Jboston,CO-1088-CLE-IAH,8:40 a.m.,8:40 a.m.,10:54 a.m.,10:56 a.m.
bostnI,AA-1664-MIA-ATL,10:15 a.m.,10:18 a.m.,12:10 p.m.,11:56 a.m.
boston,AA-1279-DFW-PHX,1:00 p.m.,2:04 p.m.,2:35 p.m.,3:30 p.m.
boston,UA-854-SFO-IAH,7:53 a.m.,7:49 a.m.,1:39 p.m.,1:30 p.m.
boston,UA-382-IAD-LAX,12:30 p.m.,12:35 p.m.,3:19 p.m.,3:21 p.m.
otonn,AA-4344-ORD-DTW,11:45 a.m.,12:13 p.m.,2:00 p.m.,2:10 p.m.
boton,UAf-257-JFKxSFO,2:30 p.m.,2:26 p.m.,6:15 p.m.,5:42 p.m.
boston,UA-2945-PHL-CLT,12:00 a.m.,3:11 a.m.,1:45 p.m.,1:15 p.m.
boston,CO-63-EWR-IAH,5:25 p.m.,5:22 p.m.,8:22 p.m.,8:03 p.m.
boston,CO-47-IAH-LAX,7:10 p.m.,8:25 p.m.,8:56 p.m.,9:52 p.m.
boson,AA-2050-ORD-MIA,10:40 a.m.,11:05 a.m.,2:45 p.m.,2:46 p.m.
boston,UA-248-PX-ORD,12:57 p.m.,1:32 p.m.,5:15 p.m.,5:34 p.m.
bston,AA-4330-CVG-ORD,3:35 p.m.,3:36 p.m.,4:00 p.m.,3:33 p.m.
bposton,AA-1434-DFW-MCO,7:15 a.m.,7:21 a.m.,10:35 a.m.,10:36 a.m.
boston,AA-1640-MIA-MCO,6:30 p.m.,6:30 p.m.,7:25 p.m.,7:25 p.m.
boston,AA-4307-ORfD-DTW,6:45 p.m.,6:55 p.m.,9:10 p.m.,8:53 p.m.
boston,CO-1694-LAX-IAH,7:15 p.m.,7:15 p.m.,12:21 a.m.,12:21 a.m.
boston,UA-843-LAX-aORD,1:55 p.m.,2:10 p.m.,7:53 p.m.,7:58 p.m.
boston,CO-1193-EWR-MCO,9:15 a.m.,9:14 a.m.,12:18 p.m.,12:09 p.m.
boston,AA-3842-MSP-ORD,6:00 a.m.,6:56 a.m.,7:30 a.m.,7:51 a.m.
boston,AA-643-MIA-AOJD,7:10 a.m.,7:30 a.m.,9:35 a.m.,9:31 a.m.
boston,lAA-1007-MiA-PHX,4:55 p.m.,5:08 p.m.,8:05 p.m.,7:55 p.m.
boston,UA-2906-PHL-MCO,3:50 p.m.,4:28 p.m.,6:23 p.m.,6:38 p.m.
boston,U-98-DEN-ORD,4:16 p.m.,4:15 p.m.,7:35 p.m.,7:36 p.m.
foston,AA-122-MCO-ORDP,8:00 p.m.,8:23 p.m.,9:45 p.m.,9:53 p.m.
boston,CO-16-LAX-EWR,10:25 a.m.,10:20 a.m.,6:44 p.m.,6:34 p.m.
boston,UA-2515-DFW-CLT,7:05 a.m.,7:05 a.m.,10:31 a.m.,10:47 a.m.
boston,AA-L400-DFW-JFK,10:40 a.m.,11:01 a.m.,2:59 p.m.,3:04 p.m.
bosto,UA-664-ORD-PHL,1:33 p.m.,1:31 p.m.,4:31 p.m.,4:23 p.m.
boston,AA-3756-ORD-SLC,12:15 p.m.,12:41 p.m.,2:45 p.m.,2:50 p.m.
boston,UA-37-EWR-MCO,1:29 p.m.,1:48 p.m.,4:17 p.m.,4:17 p.m.
bUoston,AA-1522-SFO-ORD,11:55 p.m.,11:55 p.m.,5:50 a.m.,5:50 a.m.
bosYton,UA-23G-LAXRJFK,4:25 p.m.,4:25 p.m.,12:29 a.m.,12:29 a.m.
bosto,AA-3823-LAX-DEN,9:00 p.m.,9:00 p.m.,12:15 a.m.,12:15 a.m.
boston,AA-2312-DFW-DTWN,8:25 p.m.,8:25 p.m.,11:50 p.m.,11:50 p.m.
boston,AA-1165-JTFK-MIGA,6:59 a.m.,7:22 a.m.,10:34 a.m.,10:04 a.m.
boston,AA-431-MIA-SFO,8:35 a.m.,8:51 a.m.,11:50 a.m.,11:44 a.m.
bjoston,A-3373-IAD-PHL,8:29 a.m.,8:26 a.m.,9:24 a.m.,9:13 a.m.
boston,AA-649-ORD-SNA,1:30 p.m.,1:30 p.m.,3:50 p.m.,3:50 p.m.
otoY,CO-1250-MIA-IAH,2:53 p.m.,3:01 p.m.,4:48 p.m.,4:59 p.m.
boston,UA-6273-YYC-SFO,7:35 a.m.,7:27 a.m.,9:43 a.m.,8:45 a.m.
boston,UA-828-SFO-ORD,11:08 p.m.,11:08 p.m.,5:11 a.m.,5:11 a.m.
bostGon,CO-4888-IAH-DAL,5:30 p.m.,5:30 p.m.,6:40 p.m.,6:40 p.m.
boson,A-858-PVG-SFO,1:45 p.m.,1:32 p.m.,8:27 a.m.,8:02 a.m.
boston,UA-2704-DTW-PHX,11:15 a.m.,11:15 a.m.,1:40 p.m.,2:00 p.m.
boston,AA-3063-SLC-LAX,8:20 p.m.,8:39 p.m.,9:20 p.m.,9:20 p.m.
boston,UA-2708-EWR-CLT,2:55 p.m.,2:55 p.m.,4:53 p.m.,4:44 p.m.
bosto,UA-62-AH-EWR,2:30 p.m.,2:48 p.m.,7:03 p.m.,7:10 p.m.
boston,UA-5x0-IAH-GUA,8:55 a.m.,9:16 a.m.,11:45 a.m.,11:56 a.m.
bostmon,AA-3804-PHL-ORD,2:35 p.m.,2:44 p.m.,4:05 p.m.,3:43 p.m.
boston,AA-1917-JFK-MCO,2:55 p.m.,3:27 p.m.,5:55 p.m.,5:43 p.m.
boston,AA-2268-PHX-ORD,7:15 a.m.,7:22 a.m.,11:35 a.m.,11:06 a.m.
bosDon,AA-4277-CVG-JFK,12:10 p.m.,12:10 p.m.,2:15 p.m.,1:43 p.m.
bston,AA-2957eDFW-CVG,7:55 a.m.,8:04 a.m.,11:05 a.m.,11:01 a.m.
Fboston,UA-37-EDI-EWR,9:05 a.m.,8:52 a.m.,11:53 a.m.,12:09 p.m.
boston,AA-789-ORD-DEN,1:05 p.m.,1:19 p.m.,2:35 p.m.,3:13 p.m.
boston,AA-415-BOS-ORD,8:35 a.m.,8:56 a.m.,10:40 a.m.,10:16 a.m.
boston,AA-85-JK-SFO,3:05 p.m.,3:36 p.m.,6:30 p.m.,6:43 p.m.
boston,AA-3979CVG-ORD,7:30 a.m.,8:04 a.m.,8:00 a.m.,8:06 a.m.
boston,AA-154N-SAQ-ORD,11:25 a.m.,11:40 a.m.,5:25 p.m.,4:56 p.m.
boston,AA-3786-IAH-ORD,4:00 p.m.,4:12 p.m.,6:40 p.m.,6:15 p.m.
boston,AA-271-IA-LAX,11:35 a.m.,11:52 a.m.,2:25 p.m.,2:27 p.m.
bosto,AA-2525-DFW-MIA,7:25 a.m.,7:39 a.m.,11:10 a.m.,11:06 a.m.
oston,CO-50-CLE-EWR,2:55 p.m.,3:31 p.m.,4:49 p.m.,5:26 p.m.
bstoJ,UA-3099-PHX-PHL,11:55 a.m.,11:55 a.m.,6:17 p.m.,5:38 p.m.
boston,AA-4198-ORD-CLE,10:40 a.m.,10:54 a.m.,12:55 p.m.,12:50 p.m.
boston,AAU-404-MIA-MCO,6:45 a.m.,6:57 a.m.,7:45 a.m.,7:40 a.m.
boston,CO-45-EWR-MIA,4:00 p.m.,3:58 p.m.,7:05 p.m.,6:36 p.m.
loston,AA-3809-PHX-LAX,6:00 a.m.,6:10 a.m.,6:40 a.m.,6:19 a.m.
boston,AA-59-JFK-SFO,7:10 a.m.,7:39 a.m.,10:45 a.m.,11:12 a.m.
boston,AA-222-LAX-BOS,7:10 a.m.,7:31 a.m.,3:30 p.m.,3:14 p.m.
weather,AA-859-IAH-ORD,7:10 a.m.,7:16 a.m.,9:40 a.m.,9:32 a.m.
weather,AA-518-MIA-JFK,6:40 a.m.,6:54 a.m.,9:25 a.m.,9:28 a.m.
weather,UA-397-JFK-SFO,8:00 a.m.,8:29 a.m.,11:55 a.m.,11:58 a.m.
aweater,UA-3925-IAD-ORF,8:41 a.m.,8:42 a.m.,9:54 a.m.,9:43 a.m.
weathjJr,AA-1733-ORD-gHX,7:45 p.m.,7:58 p.m.,10:30 p.m.,10:30 p.m.
weather,AA-1640-MIA-MCO,6:30 p.m.,6:30 p.m.,7:25 p.m.,7:25 p.m.
weaher,UA-2830-McCO-CLh,3:27 p.m.,3:27 p.m.,5:05 p.m.,5:17 p.m.
eather,CO-58-DEN-IAH,11:25 a.m.,11:32 a.m.,2:50 p.m.,3:31 p.m.
weather,AA-1544-SAN-ORD,11:25 a.m.,11:40 a.m.,5:25 p.m.,4:56 p.m.
weatheM,UA-5487-SFO-MRY,10:39 a.m.,10:33 a.m.,11:19 a.m.,11:21 a.m.
weaMher,AA-204-LAX-MCO,11:25 p.m.,11:25 p.m.,6:55 a.m.,6:55 a.m.
weather,A-414-LAX-SFO,6:00 a.m.,5:56 a.m.,7:23 a.m.,7:17 a.m.
weather,AA-3756-ORD-SC,12:15 p.m.,12:41 p.m.,2:45 p.m.,2:50 p.m.
weather,UA-2726-FLL-PHL,4:00 p.m.,4:00 p.m.,6:46 p.m.,6:28 p.m.
weither,CO-1090-BOS-IAH,9:45 a.m.,10:19 a.m.,1:16 p.m.,1:19 p.m.
weathVr,AA-468-CVG-MIA,7:00 a.m.,7:25 a.m.,9:55 a.m.,9:45 a.m.
weather,UA-3515-IAD-MSP,8:15 a.m.,8:12 a.m.,10:06 a.m.,9:56 a.m.
weaqher,AA-484-DFW-MIA,4:15 p.m.,4:29 p.m.,7:55 p.m.,7:39 p.m.
weather,CO-62-IAH-EWR,2:30 p.m.,2:48 p.m.,7:03 p.m.,7:10 p.m.
weather,AA-44W6-DFW-PHL,11:50 a.m.,12:12 p.m.,3:50 p.m.,4:09 p.m.
weather,AA-466-IAH-MIA,6:00 a.m.,6:08 a.m.,9:20 a.m.,9:05 a.m.
weather,UA-30w50-PHX-CCLT,11:05 a.m.,11:30 a.m.,4:57 p.m.,5:05 p.m.
wePather,CO-89-IAH-EWR,6:00 a.m.,6:02 a.m.,10:20 a.m.,10:27 a.m.
weatTer,CO-1088-CLE-IAH,8:40 a.m.,8:40 a.m.,10:54 a.m.,10:56 a.m.
weather,AA1886-BOS-MIA,10:45 a.m.,10:55 a.m.,2:20 p.m.,1:40 p.m.
weavher,AA-1664-MIA-ATL,10:15 a.m.,10:18 a.m.,12:10 p.m.,11:56 a.m.
weather,AA-3979-CVG-ORD,7:30 a.m.,8:04 a.m.,8:00 a.m.,8:06 a.m.
wecather,AA-1279-DFW-PHX,1:00 p.m.,2:04 p.m.,2:35 p.m.,3:30 p.m.
weather,CO-1614-LAX-IAH,12:30 a.m.,12:41 a.m.,5:35 a.m.,5:26 a.m.
weather,AA-616-DFW-DTW,9:05 a.m.,10:10 a.m.,12:35 p.m.,1:27 p.m.
weatheAr,AA-4344z-ORD-DTW,11:45 a.m.,12:13 p.m.,2:00 p.m.,2:10 p.m.
weather,UA-2945-PHL-CLT,12:00 a.m.,3:11 a.m.,1:45 p.m.,1:15 p.m.
wather,AA-2525-DFW-MIA,7:25 a.m.,7:39 a.m.,11:10 a.m.,11:06 a.m.
weather,AA-71-MIA-LAX,11:35 a.m.,11:52 a.m.,2:25 p.m.,2:27 p.m.
wether,AA-2050-ORD-MIA,10:40 a.m.,11:05 a.m.,2:45 p.m.,2:46 p.m.
weather,AA-1434-DFW-MCO,7:15 a.m.,7:21 a.m.,10:35 a.m.,10:36 a.m.
wqather,CO-1561-PHX-IAH,8:05 a.m.,8:00 a.m.,11:35 a.m.,11:32 a.m.
weather,AA-4307-ORD-DTW,6:45 p.m.,6:55 p.m.,9:10 p.m.,8:53 p.m.
weather,AA-3-JFK-LAX,12:00 p.m.,12:11 p.m.,3:15 p.m.,3:16 p.m.
weather,CO-1694-LAX-IAH,7:15 p.m.,7:15 p.m.,12:21 a.m.,12:21 a.m.
weather,UA-843-LAX-ORD,1:55 p.m.,2:10 p.m.,7:53 p.m.,7:58 p.m.
weather,CO1193-EWR-MCO,9:15 a.m.,9:14 a.m.,12:18 p.m.,12:09 p.m.
weather,AA-3842-MSP-ORD,6:00 a.m.,6:56 a.m.,7:30 a.m.,7:51 a.m.
weather,AA-64-MIA-OD,7:10 a.m.,7:30 a.m.,9:35 a.m.,9:31 a.m.
weather,UA-2906-PHL-MCO,3:50 p.m.,4:28 p.m.,6:23 p.m.,6:38 p.m.
weather,UA-938-DEN-ORD,4:16 p.m.,4:15 p.m.,7:35 p.m.,7:36 p.m.
weatherB,AA-122-MCO-ORD,8:00 p.m.,8:23 p.m.,9:45 p.m.,9:53 p.m.
weathr,CO-d1-LAX-EWR,10:25 a.m.,10:20 a.m.,6:44 p.m.,6:34 p.m.
weather,UA-2515-DFW-CLT,7:05 a.m.,7:05 a.m.,10:31 a.m.,10:47 a.m.
weather,AC-400-DFW-JFK,10:40 a.m.,11:01 a.m.,2:59 p.m.,3:04 p.m.
weather,UA-664-ORD-PHL,1:33 p.m.,1:31 p.m.,4:31 p.m.,4:23 p.m.
weathr,AA-1522kSFO-OR,11:55 p.m.,11:55 p.m.,5:50 a.m.,5:50 a.m.
weather,UA-233-LAX-JFK,4:25 p.m.,4:25 p.m.,12:29 a.m.,12:29 a.m.
weatAer,AA-3823LAX-DEN,9:00 p.m.,9:00 p.m.,12:15 a.m.,12:15 a.m.
weather,AA-2312-DFW-DTW,8:25 p.m.,8:25 p.m.,11:50 p.m.,11:50 p.m.
weather,AA-1165-JFK-tIA,6:59 a.m.,7:22 a.m.,10:34 a.m.,10:04 a.m.
weather,AA-31-MIA-SFO,8:35 a.m.,8:51 a.m.,11:50 a.m.,11:44 a.m.
weatFr,UA-57-JFK-SFO,2:30 p.m.,2:26 p.m.,6:15 p.m.,5:42 p.m.
weather,UA-3373-IAD-PHL,8:29 a.m.,8:26 a.m.,9:24 a.m.,9:13 a.m.
weather,AA-649-ORD-SNA,1:30 p.m.,1:30 p.m.,3:50 p.m.,3:50 p.m.
meather,CO-1250-MIn-IAH,2:53 p.m.,3:01 p.m.,4:48 p.m.,4:59 p.m.
weater,UA-6273-YYC-SFO,7:35 a.m.,7:27 a.m.,9:43 a.m.,8:45 a.m.
wseather,UA-858-PVG-SFO,1:45 p.m.,1:32 p.m.,8:27 a.m.,8:02 a.m.
weather,UA-2704-DTW-PHX,11:15 a.m.,11:15 a.m.,1:40 p.m.,2:00 p.m.
weather,AA-30ol3-SLC-LAX,8:20 p.m.,8:39 p.m.,9:20 p.m.,9:20 p.m.
weather,UA-2708-EWR-CLT,2:55 p.m.,2:55 p.m.,4:53 p.m.,4:44 p.m.
weathpr,UA-62-IAH-EWR,2:30 p.m.,2:48 p.m.,7:03 p.m.,7:10 p.m.
weather,AA-3804-PHL-ORD,2:35 p.m.,2:44 p.m.,4:05 p.m.,3:43 p.m.
weather,AA-1917-JFK-MCO,2:55 p.m.,3:27 p.m.,5:55 p.m.,5:43 p.m.
weather,AA-2268-PHX-ORD,7:15 a.m.,7:22 a.m.,11:35 a.m.,11:06 a.m.
weather,UA-2314-ATL-PHL,2:55 p.m.,2:55 p.m.,5:00 p.m.,4:47 p.m.
weather,AA-4277-CVG-JFK,12:10 p.m.,12:10 p.m.,2:15 p.m.,1:43 p.m.
weather,AA-2957-DFW-CVG,7:55 a.m.,8:04 a.m.,11:05 a.m.,11:01 a.m.
weathr,UA-37-EDI-EWR,9:05 a.m.,8:52 a.m.,11:53 a.m.,12:09 p.m.
cweather,AL-789-ORD-DEpN,1:05 p.m.,1:19 p.m.,2:35 p.m.,3:13 p.m.
weatheIr,UA-854-SFO-IAH,7:53 a.m.,7:49 a.m.,1:39 p.m.,1:30 p.m.
cwfeather,AA-415G-BOS-ORD,8:35 a.m.,8:56 a.m.,10:40 a.m.,10:16 a.m.
weather,AA-85-JFK-SFO,3:05 p.m.,3:36 p.m.,6:30 p.m.,6:43 p.m.
weathker,AA-3786U-IAH-ORD,4:00 p.m.,4:12 p.m.,6:40 p.m.,6:15 p.m.
weather,COU-50-CLE-EWR,2:55 p.m.,3:31 p.m.,4:49 p.m.,5:26 p.m.
weather,UA-3099-PHX-PHL,11:55 a.m.,11:55 a.m.,6:17 p.m.,5:38 p.m.
weather,AA-4198-ORD-CLE,10:40 a.m.,10:54 a.m.,12:55 p.m.,12:50 p.m.
weather,AA-404-MIAKCO,6:45 a.m.,6:57 a.m.,7:45 a.m.,7:40 a.m.
weathe,CO-45-EWR-MIA,4:00 p.m.,3:58 p.m.,7:05 p.m.,6:36 p.m.
weather,AA-3809-PHX-LAX,6:00 a.m.,6:10 a.m.,6:40 a.m.,6:19 a.m.
weathr,AA-59-JFK-SFO,7:10 a.m.,7:39 a.m.,10:45 a.m.,11:12 a.m.
wejather,AA-222-LAX-BOS,7:10 a.m.,7:31 a.m.,3:30 p.m.,3:14 p.m.
airtravelcenter,AA-3859-IAH-ORD,7:10 a.m.,7:16 a.m.,9:40 a.m.,9:32 a.m.
aiotravelcenter,CO-1586-IAH-MCO,7:00 p.m.,7:14 p.m.,10:15 p.m.,10:29 p.m.
airravelcenter,AA-518-MXA-JFK,6:40 a.m.,6:54 a.m.,9:25 a.m.,9:28 a.m.
airtravelcenter,UA-397-JFK-SFO,8:00 a.m.,8:29 a.m.,11:55 a.m.,11:58 a.m.
airtZavelcnter,UA-3925-IAD-RF,8:41 a.m.,8:42 a.m.,9:54 a.m.,9:43 a.m.
airtravelcenter,AA-1733-ORDPAX,7:45 p.m.,7:58 p.m.,10:30 p.m.,10:30 p.m.
airtravelcenter,UA-2830-MCO-CLI,3:27 p.m.,3:27 p.m.,5:05 p.m.,5:17 p.m.
airtravelcenter,CO-5-DEN-IAH,11:25 a.m.,11:32 a.m.,2:50 p.m.,3:31 p.m.
airtavelcener,AA-154X4-SAN-ORD,11:25 a.m.,11:40 a.m.,5:25 p.m.,4:56 p.m.
airtravelcenter,UA-5487-SFO-MRY,10:39 a.m.,10:33 a.m.,11:19 a.m.,11:21 a.m.
airtravelcenter,AA-204-LAX-MCO,11:25 p.m.,11:25 p.m.,6:55 a.m.,6:55 a.m.
airtravelcenter,UA-414-LAX-SFO,6:00 a.m.,5:56 a.m.,7:23 a.m.,7:17 a.m.
irtravelcenter,CO-1614-LAX-IAH,12:30 a.m.,12:41 a.m.,5:35 a.m.,5:26 a.m.
airtravelcenter,UA-2726-FLL-PHL,4:00 p.m.,4:00 p.m.,6:46 p.m.,6:28 p.m.
airtravelcenter,CO-52-IAH-LAX,7:35 a.m.,7:29 a.m.,9:21 a.m.,9:14 a.m.
airVtravelcenter,CO-1090-BOS-IAH,9:45 a.m.,10:19 a.m.,1:16 p.m.,1:19 p.m.
airtrazelcenter,AA-616-DFW-DTW,9:05 a.m.,10:10 a.m.,12:35 p.m.,1:27 p.m.
airtravelcenter,UA-3515-IAD-MSo,8:15 a.m.,8:12 a.m.,10:06 a.m.,9:56 a.m.
airtravelcenter,AA-3468-CVG-MIA,7:00 a.m.,7:25 a.m.,9:55 a.m.,9:45 a.m.
airtravelcenter,AA-484-DFW-MIA,4:15 p.m.,4:29 p.m.,7:55 p.m.,7:39 p.m.
airtravelcenter,A-1886-BOS-MIA,10:45 a.m.,10:55 a.m.,2:20 p.m.,1:40 p.m.
airtravelcentBr,CO-62-IAH-EWR,2:30 p.m.,2:48 p.m.,7:03 p.m.,7:10 p.m.
airtrvelcenter,CO-1561-PHX-IAH,8:05 a.m.,8:00 a.m.,11:35 a.m.,11:32 a.m.
airtravelcentter,UA-2314-ATL-PHL,2:55 p.m.,2:55 p.m.,5:00 p.m.,4:47 p.m.
airtravelcmenter,AA-u446-DFW-PHL,11:50 a.m.,12:12 p.m.,3:50 p.m.,4:09 p.m.
airtravelcenter,CO-1023-IAH-DEN,11:40 a.m.,11:56 a.m.,1:17 p.m.,1:14 p.m.
airtravelcenter,AA-466-IAH-MIA,6:00 a.m.,6:08 a.m.,9:20 a.m.,9:05 a.m.
airtravelcenter,UA-3050-PHX-CLxT,11:05 a.m.,11:30 a.m.,4:57 p.m.,5:05 p.m.
airwravelcenter,CO-89FIAH-EWR,6:00 a.m.,6:02 a.m.,10:20 a.m.,10:27 a.m.
airtravelcentQr,CO-1088-CLE-IAH,8:40 a.m.,8:40 a.m.,10:54 a.m.,10:56 a.m.
airtravelcenter,AA-1664L-MIA-ATL,10:15 a.m.,10:18 a.m.,12:10 p.m.,11:56 a.m.
airtravelcenter,AA-1279-DFW-PHX,1:00 p.m.,2:04 p.m.,2:35 p.m.,3:30 p.m.
aFirtravelcenter,UA-854-SFO-IyAH,7:53 a.m.,7:49 a.m.,1:39 p.m.,1:30 p.m.
airtravelcenter,UA-382-IAD-LAX,12:30 p.m.,12:35 p.m.,3:19 p.m.,3:21 p.m.
airtravelcenter,AA-4344-ORD-DTW,11:45 a.m.,12:13 p.m.,2:00 p.m.,2:10 p.m.
airtravelcente,UA-257-JFK-SFO,2:30 p.m.,2:26 p.m.,6:15 p.m.,5:42 p.m.
airtravelcenter,UA-h945-PHL-CLT,12:00 a.m.,3:11 a.m.,1:45 p.m.,1:15 p.m.
airtravelcenter,CO-63-EWR-IAH,5:25 p.m.,5:22 p.m.,8:22 p.m.,8:03 p.m.
airtravelcenter,CO-47-IAH-LAX,7:10 p.m.,8:25 p.m.,8:56 p.m.,9:52 p.m.
airtravelNcenter,AA-2050-ORDMIA,10:40 a.m.,11:05 a.m.,2:45 p.m.,2:46 p.m.
airtraveQceztMr,UA-248-PsX-ORD,12:57 p.m.,1:32 p.m.,5:15 p.m.,5:34 p.m.
airtravelcenter,AA-4330-CVG-ORD,3:35 p.m.,3:36 p.m.,4:00 p.m.,3:33 p.m.
airtravelcenter,AA-C434-DFW-MCO,7:15 a.m.,7:21 a.m.,10:35 a.m.,10:36 a.m.
ahirtravelcenter,AA-1640-MIA-MCO,6:30 p.m.,6:30 p.m.,7:25 p.m.,7:25 p.m.
airtravelcenter,AA-430U7-ORD-DTW,6:45 p.m.,6:55 p.m.,9:10 p.m.,8:53 p.m.
airtraelcenter,AA-3-JFK-LAX,12:00 p.m.,12:11 p.m.,3:15 p.m.,3:16 p.m.
airtravelcenter,CO-1694-LAX-IAH,7:15 p.m.,7:15 p.m.,12:21 a.m.,12:21 a.m.
airtravelcenter,UA-843-LAX-ORD,1:55 p.m.,2:10 p.m.,7:53 p.m.,7:58 p.m.
airtravelcenter,CO-G1193-EWR-MCO,9:15 a.m.,9:14 a.m.,12:18 p.m.,12:09 p.m.
airtKavelcenter,AA-3842-MSP-ORD,6:00 a.m.,6:56 a.m.,7:30 a.m.,7:51 a.m.
airtravelceYntr,AA-643-MIA-ORD,7:10 a.m.,7:30 a.m.,9:35 a.m.,9:31 a.m.
airtravelcenter,AA-1007-MIA-PHX,4:55 p.m.,5:08 p.m.,8:05 p.m.,7:55 p.m.
airtravelcRnter,AA-225-DFW-MIA,7:25 a.m.,7:39 a.m.,11:10 a.m.,11:06 a.m.
airtravelcenter,UA-2IA6-PHL-MCO,3:50 p.m.,4:28 p.m.,6:23 p.m.,6:38 p.m.
airtravelcenter,UA938-DENDORD,4:16 p.m.,4:15 p.m.,7:35 p.m.,7:36 p.m.
airtravelcenter,AA-x2h21-MCO-ORD,8:00 p.m.,8:23 p.m.,9:45 p.m.,9:53 p.m.
airtrfavelcenter,CO-16-LAX-EWR,10:25 a.m.,10:20 a.m.,6:44 p.m.,6:34 p.m.
airtravelcenter,UA-2515-DFWHCLT,7:05 a.m.,7:05 a.m.,10:31 a.m.,10:47 a.m.
airtravelcenter,AA-400-DW-JFK,10:40 a.m.,11:01 a.m.,2:59 p.m.,3:04 p.m.
airtravelcenZer,UA-664-ORD-PHL,1:33 p.m.,1:31 p.m.,4:31 p.m.,4:23 p.m.
airtravelcenter,AA-3S756-OXD-SLC,12:15 p.m.,12:41 p.m.,2:45 p.m.,2:50 p.m.
airtravelcenter,UA-37-EWR-MCO,1:29 p.m.,1:48 p.m.,4:17 p.m.,4:17 p.m.
airtravelcenter,AA-1522-SFO-ORD,11:55 p.m.,11:55 p.m.,5:50 a.m.,5:50 a.m.
airtravelcenter,UA-233-LAX-JFK,4:25 p.m.,4:25 p.m.,12:29 a.m.,12:29 a.m.
airtravelcenter,AA-3823-LAX-DEN,9:00 p.m.,9:00 p.m.,12:15 a.m.,12:15 a.m.
airtravelcenSer,AA-212-DFW-DTW,8:25 p.m.,8:25 p.m.,11:50 p.m.,11:50 p.m.
airtravelceVer,AA-116M-JFK-MI,6:59 a.m.,7:22 a.m.,10:34 a.m.,10:04 a.m.
airtrLvelcenter,AA-431-MKE-SFO,8:35 a.m.,8:51 a.m.,11:50 a.m.,11:44 a.m.
airtravelcenter,UA-3373-IAD-PHL,8:29 a.m.,8:26 a.m.,9:24 a.m.,9:13 a.m.
airtravelcenter,AA-649-RD-SNA,1:30 p.m.,1:30 p.m.,3:50 p.m.,3:50 p.m.
airtravelcenter,CO-1250-MIA-IAH,2:53 p.m.,3:01 p.m.,4:48 p.m.,4:59 p.m.
airtravelcenter,UA-6273-zYC-SFO,7:35 a.m.,7:27 a.m.,9:43 a.m.,8:45 a.m.
airtravelcenter,UA-828-SFO-ORD,11:08 p.m.,11:08 p.m.,5:11 a.m.,5:11 a.m.
airtravelcenter,CO-4888IAH-DAL,5:30 p.m.,5:30 p.m.,6:40 p.m.,6:40 p.m.
airtravelcenter,UA-858-PVG-SFO,1:45 p.m.,1:32 p.m.,8:27 a.m.,8:02 a.m.
airtravelcemter,UA-2704-DTW-PHX,11:15 a.m.,11:15 a.m.,1:40 p.m.,2:00 p.m.
airravelcenter,AA-3063-SLC-LAX,8:20 p.m.,8:39 p.m.,9:20 p.m.,9:20 p.m.
airtravelcenter,UA-2708-EWR-CLT,2:55 p.m.,2:55 p.m.,4:53 p.m.,4:44 p.m.
airtravelcenter,UA-62-IAH-EWR,2:30 p.m.,2:48 p.m.,7:03 p.m.,7:10 p.m.
cirtravelcenter,UA-1500-IAH-GUA,8:55 a.m.,9:16 a.m.,11:45 a.m.,11:56 a.m.
airtravlcenter,AA-3804-PHL-OPRD,2:35 p.m.,2:44 p.m.,4:05 p.m.,3:43 p.m.
airtravelcenter,AA-1917-JFK-MCO,2:55 p.m.,3:27 p.m.,5:55 p.m.,5:43 p.m.
airtravelcenter,AA-2268-PHX-ORD,7:15 a.m.,7:22 a.m.,11:35 a.m.,11:06 a.m.
aRrtravelcenter,AA-4277-CVG-JFK,12:10 p.m.,12:10 p.m.,2:15 p.m.,1:43 p.m.
airtravxelcDnter,AA-2957-DFW-CVG,7:55 a.m.,8:04 a.m.,11:05 a.m.,11:01 a.m.
airtpavelcenter,UA-37-EDI-EWR,9:05 a.m.,8:52 a.m.,11:53 a.m.,12:09 p.m.
airtravelcenter,APA-789-ORD-DEN,1:05 p.m.,1:19 p.m.,2:35 p.m.,3:13 p.m.
airtravelcenter,AA-415-BOS-ORD,8:35 a.m.,8:56 a.m.,10:40 a.m.,10:16 a.m.
airtravelcenter,AA-85-JFK-SFO,3:05 p.m.,3:36 p.m.,6:30 p.m.,6:43 p.m.
airtravelcennter,AA-3979-CVG-ORD,7:30 a.m.,8:04 a.m.,8:00 a.m.,8:06 a.m.
airtiravelcenter,AA-3786-IAH-ORD,4:00 p.m.,4:12 p.m.,6:40 p.m.,6:15 p.m.
airtravelcenter,AAg-271-MIA-LAX,11:35 a.m.,11:52 a.m.,2:25 p.m.,2:27 p.m.
airtravelcenter,CO-50-CLE-EWR,2:55 p.m.,3:31 p.m.,4:49 p.m.,5:26 p.m.
airtravelcenter,UA-3099-PHX-PHL,11:55 a.m.,11:55 a.m.,6:17 p.m.,5:38 p.m.
airtravelcenter,AA-4198-ORD-CLE,10:40 a.m.,10:54 a.m.,12:55 p.m.,12:50 p.m.
Airtravelcenter,A-404-MIA-MCO,6:45 a.m.,6:57 a.m.,7:45 a.m.,7:40 a.m.
airtravelcenter,COE-45-EWR-MIA,4:00 p.m.,3:58 p.m.,7:05 p.m.,6:36 p.m.
airtravelcenter,AA-3809-PHX-LAX,6:00 a.m.,6:10 a.m.,6:40 a.m.,6:19 a.m.
airtravelcenter,AAl-59-JFK-SFO,7:10 a.m.,7:39 a.m.,10:45 a.m.,11:12 a.m.
airtravelcenter,AA-222-LAX-pOS,7:10 a.m.,7:31 a.m.,3:30 p.m.,3:14 p.m.
vlightview,AA-3859-IAH-ORD,7:10 a.m.,7:16 a.m.,9:40 a.m.,9:32 a.m.
flightview,CO-1586-IAH-MCO,7:00 p.m.,7:14 p.m.,10:15 p.m.,10:29 p.m.
flightvie,AA-518-MIA-JFK,6:40 a.m.,6:54 a.m.,9:25 a.m.,9:28 a.m.
fEightview,UA-397-JFK-SFO,8:00 a.m.,8:29 a.m.,11:55 a.m.,11:58 a.m.
fligOhtview,UA-3925-IAD-ORF,8:41 a.m.,8:42 a.m.,9:54 a.m.,9:43 a.m.
flightview,AA-173j3-ORD-PHX,7:45 p.m.,7:58 p.m.,10:30 p.m.,10:30 p.m.
flighvview,AA-3g-JFK-LAX,12:00 p.m.,12:11 p.m.,3:15 p.m.,3:16 p.m.
flightiew,UA-2830-MCO-CLT,3:27 p.m.,3:27 p.m.,5:05 p.m.,5:17 p.m.
flightview,CO-58-DEN-IHAH,11:25 a.m.,11:32 a.m.,2:50 p.m.,3:31 p.m.
flightview,UA-5487-SFO-MRY,10:39 a.m.,10:33 a.m.,11:19 a.m.,11:21 a.m.
flightview,AA-204-LAX-MCO,11:25 p.m.,11:25 p.m.,6:55 a.m.,6:55 a.m.
flightview,UA-414-LAX-SFO,6:00 a.m.,5:56 a.m.,7:23 a.m.,7:17 a.m.
flightiew,CO-1614-LAX-IAH,12:30 a.m.,12:41 a.m.,5:35 a.m.,5:26 a.m.
flightvieDw,UA-2726-FLL-PHL,4:00 p.m.,4:00 p.m.,6:46 p.m.,6:28 p.m.
Yflightview,COD-52-IAH-LAX,7:35 a.m.,7:29 a.m.,9:21 a.m.,9:14 a.m.
flightview,CO-1090-BOS-IjAH,9:45 a.m.,10:19 a.m.,1:16 p.m.,1:19 p.m.
flightviewQ,AA-B616-DFW-DTW,9:05 a.m.,10:10 a.m.,12:35 p.m.,1:27 p.m.
flightview,MA-3515JIAD-MSP,8:15 a.m.,8:12 a.m.,10:06 a.m.,9:56 a.m.
lightview,AA-3468-CVG-MIA,7:00 a.m.,7:25 a.m.,9:55 a.m.,9:45 a.m.
fightview,AA-484-DFW-MIA,4:15 p.m.,4:29 p.m.,7:55 p.m.,7:39 p.m.
flightview,AA-1886-BOSP-MIA,10:45 a.m.,10:55 a.m.,2:20 p.m.,1:40 p.m.
nlghtview,CO-62-IAH-EWR,2:30 p.m.,2:48 p.m.,7:03 p.m.,7:10 p.m.
lightview,CO-1561-PHX-IAH,8:05 a.m.,8:00 a.m.,11:35 a.m.,11:32 a.m.
flightview,UA-2314-ATL-PHwL,2:55 p.m.,2:55 p.m.,5:00 p.m.,4:47 p.m.
flightview,EA-446-DFW-PHL,11:50 a.m.,12:12 p.m.,3:50 p.m.,4:09 p.m.
flightview,CO-103-IAH-DEN,11:40 a.m.,11:56 a.m.,1:17 p.m.,1:14 p.m.
flightview,AA-466-AHmMIA,6:00 a.m.,6:08 a.m.,9:20 a.m.,9:05 a.m.
flightview,UA-3050-PX-CLT,11:05 a.m.,11:30 a.m.,4:57 p.m.,5:05 p.m.
flightview,CO-89-IAH-YWR,6:00 a.m.,6:02 a.m.,10:20 a.m.,10:27 a.m.
flihtview,CO-1088-CLE-IAH,8:40 a.m.,8:40 a.m.,10:54 a.m.,10:56 a.m.
flightviJw,AA-1664-MIA-ATL,10:15 a.m.,10:18 a.m.,12:10 p.m.,11:56 a.m.
flightviIew,AA-1279-DFiW-PHX,1:00 p.m.,2:04 p.m.,2:35 p.m.,3:30 p.m.
flightview,UA-854-SFO-IAH,7:53 a.m.,7:49 a.m.,1:39 p.m.,1:30 p.m.
flightview,UA-382-IAD-LAX,12:30 p.m.,12:35 p.m.,3:19 p.m.,3:21 p.m.
flightview,AA-4344-ORD-DTW,11:45 a.m.,12:13 p.m.,2:00 p.m.,2:10 p.m.
fSlightview,UA-257-JFK-SFO,2:30 p.m.,2:26 p.m.,6:15 p.m.,5:42 p.m.
lighdtview,UA-2945-PHL-CLT,12:00 a.m.,3:11 a.m.,1:45 p.m.,1:15 p.m.
flightview,CO-63-EWR-IAH,5:25 p.m.,5:22 p.m.,8:22 p.m.,8:03 p.m.
flibhtview,CO-47-IAH-LAX,7:10 p.m.,8:25 p.m.,8:56 p.m.,9:52 p.m.
flightview,AA-2050-ORD-MIA,10:40 a.m.,11:05 a.m.,2:45 p.m.,2:46 p.m.
flqghtview,UA-248-PHX-ORD,12:57 p.m.,1:32 p.m.,5:15 p.m.,5:34 p.m.
flightMiew,AA-4330-CVG-ORD,3:35 p.m.,3:36 p.m.,4:00 p.m.,3:33 p.m.
flightview,AiA-1434-DFW-MCO,7:15 a.m.,7:21 a.m.,10:35 a.m.,10:36 a.m.
flightview,AA-1640-MA-MCO,6:30 p.m.,6:30 p.m.,7:25 p.m.,7:25 p.m.
flightview,AA-4307ORD-DTW,6:45 p.m.,6:55 p.m.,9:10 p.m.,8:53 p.m.
flightview,CO-1694-dX-IAH,7:15 p.m.,7:15 p.m.,12:21 a.m.,12:21 a.m.
flightvieSw,UA-843-LAX-ORD,1:55 p.m.,2:10 p.m.,7:53 p.m.,7:58 p.m.
flightSiAht,CO-1193-EWR-MCO,9:15 a.m.,9:14 a.m.,12:18 p.m.,12:09 p.m.
flightview,AA-3842-MSP-ORD,6:00 a.m.,6:56 a.m.,7:30 a.m.,7:51 a.m.
flihtvipw,AA-643-MIA-ORD,7:10 a.m.,7:30 a.m.,9:35 a.m.,9:31 a.m.
flightview,AA-1007-MIA-PHX,4:55 p.m.,5:08 p.m.,8:05 p.m.,7:55 p.m.
flightview,UA-2906-PHL-MCO,3:50 p.m.,4:28 p.m.,6:23 p.m.,6:38 p.m.
lightview,UA-938-DEN-ORKD,4:16 p.m.,4:15 p.m.,7:35 p.m.,7:36 p.m.
lightview,AA-1221-MCO-ORED,8:00 p.m.,8:23 p.m.,9:45 p.m.,9:53 p.m.
flightview,CO-16-LAX-EWR,10:25 a.m.,10:20 a.m.,6:44 p.m.,6:34 p.m.
flightvQe,UA-2515-DFW-CLT,7:05 a.m.,7:05 a.m.,10:31 a.m.,10:47 a.m.
flightview,AA-400-DFW-JFK,10:40 a.m.,11:01 a.m.,2:59 p.m.,3:04 p.m.
flightview,AwA-664-ORD-PHL,1:33 p.m.,1:31 p.m.,4:31 p.m.,4:23 p.m.
flightview,AA-3756-ORD-SLC,12:15 p.m.,12:41 p.m.,2:45 p.m.,2:50 p.m.
flightview,UA-37-EWR-MCO,1:29 p.m.,1:48 p.m.,4:17 p.m.,4:17 p.m.
flightview,AA-1522-SFO-ORD,11:55 p.m.,11:55 p.m.,5:50 a.m.,5:50 a.m.
fldightview,UA-233-LAX-JFK,4:25 p.m.,4:25 p.m.,12:29 a.m.,12:29 a.m.
flightview,AA-3823-LAX-DEN,9:00 p.m.,9:00 p.m.,12:15 a.m.,12:15 a.m.
flightview,AA-2312-DFW-DTW,8:25 p.m.,8:25 p.m.,11:50 p.m.,11:50 p.m.
flightvieNw,AA-1165-JFK-MIA,6:59 a.m.,7:22 a.m.,10:34 a.m.,10:04 a.m.
flightview,AA-431QMIA-SFO,8:35 a.m.,8:51 a.m.,11:50 a.m.,11:44 a.m.
flightview,UA-337-IAD-PHL,8:29 a.m.,8:26 a.m.,9:24 a.m.,9:13 a.m.
flightview,AA-w49-ORD-SNA,1:30 p.m.,1:30 p.m.,3:50 p.m.,3:50 p.m.
flightview,CO-1250-MIA-IAH,2:53 p.m.,3:01 p.m.,4:48 p.m.,4:59 p.m.
fliqghtview,UA-6273-YYC-SFO,7:35 a.m.,7:27 a.m.,9:43 a.m.,8:45 a.m.
flightview,UA-828-SFO-ORD,11:08 p.m.,11:08 p.m.,5:11 a.m.,5:11 a.m.
flightview,CO-4888-IAH-DAL,5:30 p.m.,5:30 p.m.,6:40 p.m.,6:40 p.m.
flighdview,UA-858-PVG-SFO,1:45 p.m.,1:32 p.m.,8:27 a.m.,8:02 a.m.
flifhtview,UA-2704-DTW-PHX,11:15 a.m.,11:15 a.m.,1:40 p.m.,2:00 p.m.
flightview,AA-3063-SLC-LAX,8:20 p.m.,8:39 p.m.,9:20 p.m.,9:20 p.m.
flighview,UA-2708-EWR-CLT,2:55 p.m.,2:55 p.m.,4:53 p.m.,4:44 p.m.
flightview,UA-62GIAH-EWR,2:30 p.m.,2:48 p.m.,7:03 p.m.,7:10 p.m.
flightview,UA-1J500-IAH-GUA,8:55 a.m.,9:16 a.m.,11:45 a.m.,11:56 a.m.
flightview,AA-380M4-PHL-ORD,2:35 p.m.,2:44 p.m.,4:05 p.m.,3:43 p.m.
fYightview,AA-1917-JFK-MCO,2:55 p.m.,3:27 p.m.,5:55 p.m.,5:43 p.m.
flightview,AA-2268-PAX-ORD,7:15 a.m.,7:22 a.m.,11:35 a.m.,11:06 a.m.
fliggtview,AA-4277-CVG-JFK,12:10 p.m.,12:10 p.m.,2:15 p.m.,1:43 p.m.
flightview,AA-2957-DFW-CVG,7:55 a.m.,8:04 a.m.,11:05 a.m.,11:01 a.m.
flightview,UA-37-EDI-EWR,9:05 a.m.,8:52 a.m.,11:53 a.m.,12:09 p.m.
flghtview,AA789-ORD-DEN,1:05 p.m.,1:19 p.m.,2:35 p.m.,3:13 p.m.
flightview,AA-415x-BOS-gORD,8:35 a.m.,8:56 a.m.,10:40 a.m.,10:16 a.m.
flightviw,AA-85-JFK-SFO,3:05 p.m.,3:36 p.m.,6:30 p.m.,6:43 p.m.
Qflightview,AA-3979-CVG-OR,7:30 a.m.,8:04 a.m.,8:00 a.m.,8:06 a.m.
flightview,AA-1544-SAN-ORD,11:25 a.m.,11:40 a.m.,5:25 p.m.,4:56 p.m.
flightvHew,AA-3786-IAH-ORD,4:00 p.m.,4:12 p.m.,6:40 p.m.,6:15 p.m.
flightview,AA-271-MIA-LAX,11:35 a.m.,11:52 a.m.,2:25 p.m.,2:27 p.m.
flihtview,AA-2525-DFW-MIA,7:25 a.m.,7:39 a.m.,11:10 a.m.,11:06 a.m.
flightview,CO-50-CPE-EWR,2:55 p.m.,3:31 p.m.,4:49 p.m.,5:26 p.m.
flightview,UA-3099-PHX-PHL,11:55 a.m.,11:55 a.m.,6:17 p.m.,5:38 p.m.
flightview,AA-4198-ORD-CLE,10:40 a.m.,10:54 a.m.,12:55 p.m.,12:50 p.m.
lightview,AA-404-MIA-MCO,6:45 a.m.,6:57 a.m.,7:45 a.m.,7:40 a.m.
flightview,CO-45-EWR-MIA,4:00 p.m.,3:58 p.m.,7:05 p.m.,6:36 p.m.
flightview,AA-3809-PHX-LAX,6:00 a.m.,6:10 a.m.,6:40 a.m.,6:19 a.m.
flightview,AA-59-JFK-SFO,7:10 a.m.,7:39 a.m.,10:45 a.m.,11:12 a.m.
clightview,AA-222-LAX-BOS,7:10 a.m.,7:31 a.m.,3:30 p.m.,3:14 p.m.
fligCtstats,AH-3859-IAH-ORD,7:10 a.m.,7:16 a.m.,9:40 a.m.,9:32 a.m.
flightstats,CO-1586-IAH-MCO,7:00 p.m.,7:14 p.m.,10:15 p.m.,10:29 p.m.
flightstats,AA-518-MIA-JFK,6:40 a.m.,6:54 a.m.,9:25 a.m.,9:28 a.m.
flightstats,UA-397-JFK-SF,8:00 a.m.,8:29 a.m.,11:55 a.m.,11:58 a.m.
flightstats,UA-3925-IAD-ORF,8:41 a.m.,8:42 a.m.,9:54 a.m.,9:43 a.m.
flightsats,AA-1733-ORD-PHX,7:45 p.m.,7:58 p.m.,10:30 p.m.,10:30 p.m.
flightsbats,AA-4344-ORD-DTW,11:45 a.m.,12:13 p.m.,2:00 p.m.,2:10 p.m.
flightstats,A-1640-MIA-MCO,6:30 p.m.,6:30 p.m.,7:25 p.m.,7:25 p.m.
fclightstats,UA-2830-MCO-CLT,3:27 p.m.,3:27 p.m.,5:05 p.m.,5:17 p.m.
flihtstats,CO-58-DEN-IAH,11:25 a.m.,11:32 a.m.,2:50 p.m.,3:31 p.m.
fllghtstats,AA-204-LAX-MCO,11:25 p.m.,11:25 p.m.,6:55 a.m.,6:55 a.m.
flightstas,UA-414-LAX-SOR,6:00 a.m.,5:56 a.m.,7:23 a.m.,7:17 a.m.
flightstats,CO-1614-LAX-IAH,12:30 a.m.,12:41 a.m.,5:35 a.m.,5:26 a.m.
flightstats,UA-2726-FLL-PHL,4:00 p.m.,4:00 p.m.,6:46 p.m.,6:28 p.m.
flightstats,CO-52-IAHgLAX,7:35 a.m.,7:29 a.m.,9:21 a.m.,9:14 a.m.
flightstats,eCO-1090-BOS-IAH,9:45 a.m.,10:19 a.m.,1:16 p.m.,1:19 p.m.
flightstats,AA-3468-CVG-MIA,7:00 a.m.,7:25 a.m.,9:55 a.m.,9:45 a.m.
flightstats,UA-3515-IAD-MSP,8:15 a.m.,8:12 a.m.,10:06 a.m.,9:56 a.m.
flightstats,AA-G484-DFW-MIA,4:15 p.m.,4:29 p.m.,7:55 p.m.,7:39 p.m.
flightstats,nA-616-DFW-DTW,9:05 a.m.,10:10 a.m.,12:35 p.m.,1:27 p.m.
flightstats,CO-62-IAH-EWR,2:30 p.m.,2:48 p.m.,7:03 p.m.,7:10 p.m.
flihtstats,CO-63-EWR-IAH,5:25 p.m.,5:22 p.m.,8:22 p.m.,8:03 p.m.
flightstats,AA-446-DFW-PHL,11:50 a.m.,12:12 p.m.,3:50 p.m.,4:09 p.m.
flNghtstats,CO-1023-IH-DEd,11:40 a.m.,11:56 a.m.,1:17 p.m.,1:14 p.m.
flightstats,AA-466-IAH-MIA,6:00 a.m.,6:08 a.m.,9:20 a.m.,9:05 a.m.
Flightstats,UA-3050-PHX-CLT,11:05 a.m.,11:30 a.m.,4:57 p.m.,5:05 p.m.
flightstats,CO-89-IAH-EWR,6:00 a.m.,6:02 a.m.,10:20 a.m.,10:27 a.m.
flightstats,CO-1088-CLE-ITAH,8:40 a.m.,8:40 a.m.,10:54 a.m.,10:56 a.m.
flightsvats,AA-295-DFW-CVG,7:55 a.m.,8:04 a.m.,11:05 a.m.,11:01 a.m.
fligYtstats,AA-1664-MIA-ATL,10:15 a.m.,10:18 a.m.,12:10 p.m.,11:56 a.m.
fliCghtstats,AA-3979-CVG-ORD,7:30 a.m.,8:04 a.m.,8:00 a.m.,8:06 a.m.
flightstats,AA-1279-DFW-PHX,1:00 p.m.,2:04 p.m.,2:35 p.m.,3:30 p.m.
flghtstats,AA-404-MIA-MCO,6:45 a.m.,6:57 a.m.,7:45 a.m.,7:40 a.m.
flightstats,AA-3756-ORD-SLC,12:15 p.m.,12:41 p.m.,2:45 p.m.,2:50 p.m.
flightstats,UA-382-IAD-LAX,12:30 p.m.,12:35 p.m.,3:19 p.m.,3:21 p.m.
flightstats,A-945-PHL-CLT,12:00 a.m.,3:11 a.m.,1:45 p.m.,1:15 p.m.
flightstats,CO-47-IAH-LAX,7:10 p.m.,8:25 p.m.,8:56 p.m.,9:52 p.m.
flIghtstas,AA-271-MIA-LAX,11:35 a.m.,11:52 a.m.,2:25 p.m.,2:27 p.m.
flightsVtats,AA-2050-ORD-MIA,10:40 a.m.,11:05 a.m.,2:45 p.m.,2:46 p.m.
flightsRtats,UA-248-PHX-ORD,12:57 p.m.,1:32 p.m.,5:15 p.m.,5:34 p.m.
fligetstts,AA-4330-CVG-ORD,3:35 p.m.,3:36 p.m.,4:00 p.m.,3:33 p.m.
flightstats,AA-1434-CFW-MCO,7:15 a.m.,7:21 a.m.,10:35 a.m.,10:36 a.m.
flijhtstats,CO-1561-PHX-IAH,8:05 a.m.,8:00 a.m.,11:35 a.m.,11:32 a.m.
flightstats,AA-4307-ORD-DTW,6:45 p.m.,6:55 p.m.,9:10 p.m.,8:53 p.m.
flightstats,AA-3-JFK-LAX,12:00 p.m.,12:11 p.m.,3:15 p.m.,3:16 p.m.
flightstats,CO-1694-LAX-IAH,7:15 p.m.,7:15 p.m.,12:21 a.m.,12:21 a.m.
flightstats,UA-843-LAX-ORD,1:55 p.m.,2:10 p.m.,7:53 p.m.,7:58 p.m.
fligatstats,CO-1193-EW-MCO,9:15 a.m.,9:14 a.m.,12:18 p.m.,12:09 p.m.
flightstats,AA-3842-MSP-ORD,6:00 a.m.,6:56 a.m.,7:30 a.m.,7:51 a.m.
flightstats,AA-A643-MIA-ORD,7:10 a.m.,7:30 a.m.,9:35 a.m.,9:31 a.m.
flightstats,AA-1007-MIA-PHX,4:55 p.m.,5:08 p.m.,8:05 p.m.,7:55 p.m.
flightstats,AA-2525-DFW-MIA,7:25 a.m.,7:39 a.m.,11:10 a.m.,11:06 a.m.
flightstats,UA-2906-PHL-MCO,3:50 p.m.,4:28 p.m.,6:23 p.m.,6:38 p.m.
flightstats,UA-938-DEN-ORD,4:16 p.m.,4:15 p.m.,7:35 p.m.,7:36 p.m.
flightstats,AA-1221-MCO-ORS,8:00 p.m.,8:23 p.m.,9:45 p.m.,9:53 p.m.
flightstatsR,CO-16-LAX-ER,10:25 a.m.,10:20 a.m.,6:44 p.m.,6:34 p.m.
fhlightstts,UA-2515-DFW-CLT,7:05 a.m.,7:05 a.m.,10:31 a.m.,10:47 a.m.
Ylightstazts,AA-400-DFW-JFK,10:40 a.m.,11:01 a.m.,2:59 p.m.,3:04 p.m.
lightstats,UA-664-ORD-PHL,1:33 p.m.,1:31 p.m.,4:31 p.m.,4:23 p.m.
flightstats,UA-37-EWR-MlO,1:29 p.m.,1:48 p.m.,4:17 p.m.,4:17 p.m.
flightstats,AA-1522-SFOVORD,11:55 p.m.,11:55 p.m.,5:50 a.m.,5:50 a.m.
flightstatsv,UA-233-LAX-JFK,4:25 p.m.,4:25 p.m.,12:29 a.m.,12:29 a.m.
flightstats,AA-3823-LAX-DEN,9:00 p.m.,9:00 p.m.,12:15 a.m.,12:15 a.m.
lightstats,AA-2312-DFW-DTW,8:25 p.m.,8:25 p.m.,11:50 p.m.,11:50 p.m.
flightstats,HA-2314-ATL-PHL,2:55 p.m.,2:55 p.m.,5:00 p.m.,4:47 p.m.
flightstats,AA-1165-JFV-MIA,6:59 a.m.,7:22 a.m.,10:34 a.m.,10:04 a.m.
flightstats,AA-431-MIA-SCFO,8:35 a.m.,8:51 a.m.,11:50 a.m.,11:44 a.m.
flightstats,UA-257-JFK-SFO,2:30 p.m.,2:26 p.m.,6:15 p.m.,5:42 p.m.
flighttats,UA-3373-IAD-PHL,8:29 a.m.,8:26 a.m.,9:24 a.m.,9:13 a.m.
flighttats,CO-1250-pMIA-IAH,2:53 p.m.,3:01 p.m.,4:48 p.m.,4:59 p.m.
flightstats,UA-828-SFO-ORD,11:08 p.m.,11:08 p.m.,5:11 a.m.,5:11 a.m.
flightstats,CO-488-IAH-DAs,5:30 p.m.,5:30 p.m.,6:40 p.m.,6:40 p.m.
flighltstats,UA-2704-DTW-PHX,11:15 a.m.,11:15 a.m.,1:40 p.m.,2:00 p.m.
flightstats,AA-3063P-SLC-LAX,8:20 p.m.,8:39 p.m.,9:20 p.m.,9:20 p.m.
flightstats,UA-2708-EWR-CLT,2:55 p.m.,2:55 p.m.,4:53 p.m.,4:44 p.m.
flightstats,UA-62-IAH-EWR,2:30 p.m.,2:48 p.m.,7:03 p.m.,7:10 p.m.
flightstats,AA-3804-PL-ORD,2:35 p.m.,2:44 p.m.,4:05 p.m.,3:43 p.m.
flightstatsA,AA-1S1G7-JFK-MCO,2:55 p.m.,3:27 p.m.,5:55 p.m.,5:43 p.m.
flightstts,AA-2268-PHXYORD,7:15 a.m.,7:22 a.m.,11:35 a.m.,11:06 a.m.
flightstats,AA-4277-CVG-JFKJ,12:10 p.m.,12:10 p.m.,2:15 p.m.,1:43 p.m.
flightstats,AA-789-ORD-DEN,1:05 p.m.,1:19 p.m.,2:35 p.m.,3:13 p.m.
fightstats,UA-854-SFO-IAH,7:53 a.m.,7:49 a.m.,1:39 p.m.,1:30 p.m.
frightsats,AA-415-BOS-ORD,8:35 a.m.,8:56 a.m.,10:40 a.m.,10:16 a.m.
flightstats,AA-85-JFK-SFO,3:05 p.m.,3:36 p.m.,6:30 p.m.,6:43 p.m.
flightstats,AA-3786-IAH-ORD,4:00 p.m.,4:12 p.m.,6:40 p.m.,6:15 p.m.
flitstats,AA-222-LAX-BOS,7:10 a.m.,7:31 a.m.,3:30 p.m.,3:14 p.m.
flightstats,PO-50-CLE-NWR,2:55 p.m.,3:31 p.m.,4:49 p.m.,5:26 p.m.
flghtstats,UA-3099-PHX-PHL,11:55 a.m.,11:55 a.m.,6:17 p.m.,5:38 p.m.
lightstats,AA-4198-ORD-CLE,10:40 a.m.,10:54 a.m.,12:55 p.m.,12:50 p.m.
flightstats,CO-4-EW-MIA,4:00 p.m.,3:58 p.m.,7:05 p.m.,6:36 p.m.
flightstts,AA-3809-PHX-LAX,6:00 a.m.,6:10 a.m.,6:40 a.m.,6:19 a.m.
flightstats,AA-59-JF-SFO,7:10 a.m.,7:39 a.m.,10:45 a.m.,11:12 a.m.
anynj,AA-3859-IAH-ORD,7:10 a.m.,7:16 a.m.,9:40 a.m.,9:32 a.m.
panynj,CO-1586-IAH-MCO,7:00 p.m.,7:14 p.m.,10:15 p.m.,10:29 p.m.
panynj,AA-51-MIA-JFK,6:40 a.m.,6:54 a.m.,9:25 a.m.,9:28 a.m.
panynj,UA-397-JaFK-SFO,8:00 a.m.,8:29 a.m.,11:55 a.m.,11:58 a.m.
panynj,UA-3925-IAD-ORF,8:41 a.m.,8:42 a.m.,9:54 a.m.,9:43 a.m.
panynj,AZA-1733-ORD-PHX,7:45 p.m.,7:58 p.m.,10:30 p.m.,10:30 p.m.
panynj,AoA-3-JFK-LAX,12:00 p.m.,12:11 p.m.,3:15 p.m.,3:16 p.m.
panynj,UA-2830-MCO-CLT,3:27 p.m.,3:27 p.m.,5:05 p.m.,5:17 p.m.
panynj,CO-58-DEN-IAH,11:25 a.m.,11:32 a.m.,2:50 p.m.,3:31 p.m.
panynOj,UA-547-SFO-MRY,10:39 a.m.,10:33 a.m.,11:19 a.m.,11:21 a.m.
panynjE,AAM-204-LAX-MCO,11:25 p.m.,11:25 p.m.,6:55 a.m.,6:55 a.m.
panynj,UA-414-LAX-SFO,6:00 a.m.,5:56 a.m.,7:23 a.m.,7:17 a.m.
pnynj,CO-1614-LAX-IAH,12:30 a.m.,12:41 a.m.,5:35 a.m.,5:26 a.m.
panynj,UA-2726-FLL-PHL,4:00 p.m.,4:00 p.m.,6:46 p.m.,6:28 p.m.
panynj,CO-52-IAH-LAX,7:35 a.m.,7:29 a.m.,9:21 a.m.,9:14 a.m.
pannynj,IO-1090-BOS-IAHB,9:45 a.m.,10:19 a.m.,1:16 p.m.,1:19 p.m.
panynj,AA-61-DFW-DTW,9:05 a.m.,10:10 a.m.,12:35 p.m.,1:27 p.m.
panynj,UA-355-IAD-MSP,8:15 a.m.,8:12 a.m.,10:06 a.m.,9:56 a.m.
panynj,AA-3X468-CVG-MIA,7:00 a.m.,7:25 a.m.,9:55 a.m.,9:45 a.m.
panynj,AA-484-DFW-MIA,4:15 p.m.,4:29 p.m.,7:55 p.m.,7:39 p.m.
panyj,AA-1886-BOS-MIA,10:45 a.m.,10:55 a.m.,2:20 p.m.,1:40 p.m.
panynj,CO-62-IAH-EWR,2:30 p.m.,2:48 p.m.,7:03 p.m.,7:10 p.m.
panynB,CO-1561-HX-IAH,8:05 a.m.,8:00 a.m.,11:35 a.m.,11:32 a.m.
panynj,UA-2314-ATL-PHL,2:55 p.m.,2:55 p.m.,5:00 p.m.,4:47 p.m.
panynj,AA-4g6-DFW-PHL,11:50 a.m.,12:12 p.m.,3:50 p.m.,4:09 p.m.
panynj,CO-1023-IAH-DEN,11:40 a.m.,11:56 a.m.,1:17 p.m.,1:14 p.m.
ianynj,A-466-IAH-MIA,6:00 a.m.,6:08 a.m.,9:20 a.m.,9:05 a.m.
panynj,UA-3050-PHX-CLT,11:05 a.m.,11:30 a.m.,4:57 p.m.,5:05 p.m.
panynj,CO-89-IAH-EWR,6:00 a.m.,6:02 a.m.,10:20 a.m.,10:27 a.m.
panynj,CO-1088CLvE-IAH,8:40 a.m.,8:40 a.m.,10:54 a.m.,10:56 a.m.
panynj,AA-1664-MIA-ATL,10:15 a.m.,10:18 a.m.,12:10 p.m.,11:56 a.m.
Panynj,AA-1279-DFW-PHX,1:00 p.m.,2:04 p.m.,2:35 p.m.,3:30 p.m.
panynj,UA-854-SFO-IAH,7:53 a.m.,7:49 a.m.,1:39 p.m.,1:30 p.m.
panynj,UA-382-IAD-LAX,12:30 p.m.,12:35 p.m.,3:19 p.m.,3:21 p.m.
panynj,A-4344-ORD-DTW,11:45 a.m.,12:13 p.m.,2:00 p.m.,2:10 p.m.
panynj,UFA-257-JFK-SFO,2:30 p.m.,2:26 p.m.,6:15 p.m.,5:42 p.m.
panFGj,UA-2945-PHL-CLT,12:00 a.m.,3:11 a.m.,1:45 p.m.,1:15 p.m.
panynmj,CO-63-EWR-IAH,5:25 p.m.,5:22 p.m.,8:22 p.m.,8:03 p.m.
panynj,CO-47-IAH-LAX,7:10 p.m.,8:25 p.m.,8:56 p.m.,9:52 p.m.
panynj,AA-2050-ORD-MIA,10:40 a.m.,11:05 a.m.,2:45 p.m.,2:46 p.m.
panynj,UA-48-PHX-ORD,12:57 p.m.,1:32 p.m.,5:15 p.m.,5:34 p.m.
panynj,AA-433b-CVG-ORD,3:35 p.m.,3:36 p.m.,4:00 p.m.,3:33 p.m.
panynj,AA-14k4-DFW-MCO,7:15 a.m.,7:21 a.m.,10:35 a.m.,10:36 a.m.
panynj,AA-d640-MIA-MCO,6:30 p.m.,6:30 p.m.,7:25 p.m.,7:25 p.m.
pannj,AA-4307-ORD-DTW,6:45 p.m.,6:55 p.m.,9:10 p.m.,8:53 p.m.
panynj,CO-1694-LAX-IAH,7:15 p.m.,7:15 p.m.,12:21 a.m.,12:21 a.m.
panynj,UA-843-LAX-ORW,1:55 p.m.,2:10 p.m.,7:53 p.m.,7:58 p.m.
panynj,CO-1193-EWR-CO,9:15 a.m.,9:14 a.m.,12:18 p.m.,12:09 p.m.
ppanynj,AA-38F42-MSP-ORD,6:00 a.m.,6:56 a.m.,7:30 a.m.,7:51 a.m.
panynj,AA-643-MIA-ORD,7:10 a.m.,7:30 a.m.,9:35 a.m.,9:31 a.m.
panynj,AAp1007-MIAdPHX,4:55 p.m.,5:08 p.m.,8:05 p.m.,7:55 p.m.
panynj,UA-2906-PHL-MCO,3:50 p.m.,4:28 p.m.,6:23 p.m.,6:38 p.m.
panynj,UA-938-DEN-ORD,4:16 p.m.,4:15 p.m.,7:35 p.m.,7:36 p.m.
panynj,AA-1221RMCO-ORD,8:00 p.m.,8:23 p.m.,9:45 p.m.,9:53 p.m.
panynj,CO-16-LAX-EWR,10:25 a.m.,10:20 a.m.,6:44 p.m.,6:34 p.m.
anynj,UA-2515-DFW-CLT,7:05 a.m.,7:05 a.m.,10:31 a.m.,10:47 a.m.
pdanynj,AA-400-DFW-JFK,10:40 a.m.,11:01 a.m.,2:59 p.m.,3:04 p.m.
panyj,UA-664-ORD-PHL,1:33 p.m.,1:31 p.m.,4:31 p.m.,4:23 p.m.
anynj,AA-3756-ORD-SLC,12:15 p.m.,12:41 p.m.,2:45 p.m.,2:50 p.m.
panynj,UA-37-EWR-MCO,1:29 p.m.,1:48 p.m.,4:17 p.m.,4:17 p.m.
payWj,AA-1522-QFOAORD,11:55 p.m.,11:55 p.m.,5:50 a.m.,5:50 a.m.
panyn,UA-233-LAX-JFK,4:25 p.m.,4:25 p.m.,12:29 a.m.,12:29 a.m.
panyj,AA-23-LAX-DEN,9:00 p.m.,9:00 p.m.,12:15 a.m.,12:15 a.m.
panynj,AA-2312-DFW-DTW,8:25 p.m.,8:25 p.m.,11:50 p.m.,11:50 p.m.
panynj,AA-1165-JFK-MIA,6:59 a.m.,7:22 a.m.,10:34 a.m.,10:04 a.m.
pancynj,AA-431-eMIA-SFO,8:35 a.m.,8:51 a.m.,11:50 a.m.,11:44 a.m.
pnynj,UA-3373-IADPHtL,8:29 a.m.,8:26 a.m.,9:24 a.m.,9:13 a.m.
panynj,AA-649-ORD-SNA,1:30 p.m.,1:30 p.m.,3:50 p.m.,3:50 p.m.
panynj,CO-1250-MIA-IAH,2:53 p.m.,3:01 p.m.,4:48 p.m.,4:59 p.m.
panynj,UAh6273-YYCSFO,7:35 a.m.,7:27 a.m.,9:43 a.m.,8:45 a.m.
panynj,UA-828-SFO-ORYD,11:08 p.m.,11:08 p.m.,5:11 a.m.,5:11 a.m.
panynj,CO-4888-IWXAH-DAL,5:30 p.m.,5:30 p.m.,6:40 p.m.,6:40 p.m.
panynj,UA-858-PVG-SFO,1:45 p.m.,1:32 p.m.,8:27 a.m.,8:02 a.m.
Manynj,UZA-2704-DTW-PHX,11:15 a.m.,11:15 a.m.,1:40 p.m.,2:00 p.m.
panynj,AA-3063-SLC-LAX,8:20 p.m.,8:39 p.m.,9:20 p.m.,9:20 p.m.
panynj,UA-2708-EWR-CLT,2:55 p.m.,2:55 p.m.,4:53 p.m.,4:44 p.m.
paynj,UA-62-IAH-EWR,2:30 p.m.,2:48 p.m.,7:03 p.m.,7:10 p.m.
panynj,Ug-1500-IAH-GUA,8:55 a.m.,9:16 a.m.,11:45 a.m.,11:56 a.m.
pNanymnoj,AA-3804-PHL-ORD,2:35 p.m.,2:44 p.m.,4:05 p.m.,3:43 p.m.
pIanynj,AA-1917-JFK-MCO,2:55 p.m.,3:27 p.m.,5:55 p.m.,5:43 p.m.
panynj,AA-2268-PHX-ORD,7:15 a.m.,7:22 a.m.,11:35 a.m.,11:06 a.m.
panynj,A-4277-CVG-JFK,12:10 p.m.,12:10 p.m.,2:15 p.m.,1:43 p.m.
panynj,AA-2957-DFW-CVG,7:55 a.m.,8:04 a.m.,11:05 a.m.,11:01 a.m.
panynj,UA-37-EDI-EWR,9:05 a.m.,8:52 a.m.,11:53 a.m.,12:09 p.m.
aynj,AAX89ORD-DN,1:05 p.m.,1:19 p.m.,2:35 p.m.,3:13 p.m.
anynj,AA-415-BOS-ORD,8:35 a.m.,8:56 a.m.,10:40 a.m.,10:16 a.m.
panynj,AA-85-JFK-SFO,3:05 p.m.,3:36 p.m.,6:30 p.m.,6:43 p.m.
panynj,AA-39j79-CwG-ORD,7:30 a.m.,8:04 a.m.,8:00 a.m.,8:06 a.m.
panXnj,AA-1544-SAN-ORD,11:25 a.m.,11:40 a.m.,5:25 p.m.,4:56 p.m.
panlynj,AA-3786-IH-ORD,4:00 p.m.,4:12 p.m.,6:40 p.m.,6:15 p.m.
panynj,AA-271-MIA-LAX,11:35 a.m.,11:52 a.m.,2:25 p.m.,2:27 p.m.
panynj,AA-2525-DFW-MIA,7:25 a.m.,7:39 a.m.,11:10 a.m.,11:06 a.m.
panynj,CO-50-CLE-EWR,2:55 p.m.,3:31 p.m.,4:49 p.m.,5:26 p.m.
panynj,UA-309e9-PHX-PHL,11:55 a.m.,11:55 a.m.,6:17 p.m.,5:38 p.m.
paynj,AA-4198-ORD-CLE,10:40 a.m.,10:54 a.m.,12:55 p.m.,12:50 p.m.
panyn,Ax-404-MIA-MCO,6:45 a.m.,6:57 a.m.,7:45 a.m.,7:40 a.m.
panynj,COh-45-EWR-MIA,4:00 p.m.,3:58 p.m.,7:05 p.m.,6:36 p.m.
panynj,AA-3809-PHX-LAX,6:00 a.m.,6:10 a.m.,6:40 a.m.,6:19 a.m.
paQynj,AA-59-JFK-SFO,7:10 a.m.,7:39 a.m.,10:45 a.m.,11:12 a.m.
panynM,AA-222-LAX-BOS,7:10 a.m.,7:31 a.m.,3:30 p.m.,3:14 p.m.
flightexplorer,AA-385n9-IAH-ORD,7:10 a.m.,7:16 a.m.,9:40 a.m.,9:32 a.m.
fjightexplorer,AA-1733-ORD-PHX,7:45 p.m.,7:58 p.m.,10:30 p.m.,10:30 p.m.
flightexplorer,OI1586-IAH-MCO,7:00 p.m.,7:14 p.m.,10:15 p.m.,10:29 p.m.
flightexplorer,UA-397-JFK-SFO,8:00 a.m.,8:29 a.m.,11:55 a.m.,11:58 a.m.
flightexplorer,UA-3925-iADaORF,8:41 a.m.,8:42 a.m.,9:54 a.m.,9:43 a.m.
flightexplorer,AA-1640-MIA-MCO,6:30 p.m.,6:30 p.m.,7:25 p.m.,7:25 p.m.
flightUxplorer,AA-1544-SAN-ORD,11:25 a.m.,11:40 a.m.,5:25 p.m.,4:56 p.m.
flightexplorer,UA-5487-SFO-MRY,10:39 a.m.,10:33 a.m.,11:19 a.m.,11:21 a.m.
flightexplorer,AA-204-LAX-MCO,11:25 p.m.,11:25 p.m.,6:55 a.m.,6:55 a.m.
flightexlorer,UA-414-LAX-SFO,6:00 a.m.,5:56 a.m.,7:23 a.m.,7:17 a.m.
flightexplorer,CO-1614-LAX-IAH,12:30 a.m.,12:41 a.m.,5:35 a.m.,5:26 a.m.
flightexplorer,AA-3756-ORD-SLC,12:15 p.m.,12:41 p.m.,2:45 p.m.,2:50 p.m.
floghtexplorer,AA-3468-CVG-MIA,7:00 a.m.,7:25 a.m.,9:55 a.m.,9:45 a.m.
flightexplorer,AA-484-DFW-MIA,4:15 p.m.,4:29 p.m.,7:55 p.m.,7:39 p.m.
flightexplorer,AA-616-DFW-DTW,9:05 a.m.,10:10 a.m.,12:35 p.m.,1:27 p.m.
flightexplorer,AA-446-DFW-PHL,11:50 a.m.,12:12 p.m.,3:50 p.m.,4:09 p.m.
flightexplorer,CO-103-IAH-DEN,11:40 a.m.,11:56 a.m.,1:17 p.m.,1:14 p.m.
flghtexplorer,AA-466-IAH-MIA,6:00 a.m.,6:08 a.m.,9:20 a.m.,9:05 a.m.
flightexploer,AA-2957-DFW-CVG,7:55 a.m.,8:04 a.m.,11:05 a.m.,11:01 a.m.
flightexplorer,AA-1664-MIAT-ATL,10:15 a.m.,10:18 a.m.,12:10 p.m.,11:56 a.m.
flFghtexplorer,AA-379-CVG-ORD,7:30 a.m.,8:04 a.m.,8:00 a.m.,8:06 a.m.
flightexplorer,AA-1279-DFW-PHX,1:00 p.m.,2:04 p.m.,2:35 p.m.,3:30 p.m.
flightexploPer,UA-382-IAD-LAX,12:30 p.m.,12:35 p.m.,3:19 p.m.,3:21 p.m.
flightexplorer,AA-4344-ORD-DTW,11:45 a.m.,12:13 p.m.,2:00 p.m.,2:10 p.m.
flightexplorer,UA-257-JFK-SFO,2:30 p.m.,2:26 p.m.,6:15 p.m.,5:42 p.m.
flightexplorer,AA-271-MIwA-LAX,11:35 a.m.,11:52 a.m.,2:25 p.m.,2:27 p.m.
fplightexplorer,AA-2050-ORD-MIA,10:40 a.m.,11:05 a.m.,2:45 p.m.,2:46 p.m.
flighKtexplorer,UA-248-PHX-ORD,12:57 p.m.,1:32 p.m.,5:15 p.m.,5:34 p.m.
flightexplorer,AA-430-CVG-ORD,3:35 p.m.,3:36 p.m.,4:00 p.m.,3:33 p.m.
flightexplotrer,AA-1434-DFW-MCO,7:15 a.m.,7:21 a.m.,10:35 a.m.,10:36 a.m.
flightexplorer,AA-4307-ORD-DTW,6:45 p.m.,6:55 p.m.,9:10 p.m.,8:53 p.m.
flightexplorer,AA-3-JFK-LAX,12:00 p.m.,12:11 p.m.,3:15 p.m.,3:16 p.m.
flightexplorer,CO-1193-EWR-MCO,9:15 a.m.,9:14 a.m.,12:18 p.m.,12:09 p.m.
flightexplorer,AA-3842-MSP-ORD,6:00 a.m.,6:56 a.m.,7:30 a.m.,7:51 a.m.
flightexploKrer,AA-643-MIA-ORD,7:10 a.m.,7:30 a.m.,9:35 a.m.,9:31 a.m.
flightexplorer,AA-1007-MIA-PHX,4:55 p.m.,5:08 p.m.,8:05 p.m.,7:55 p.m.
flightexplorer,AA-2525-DFW-MIA,7:25 a.m.,7:39 a.m.,11:10 a.m.,11:06 a.m.
flightexplorer,UA-938-DEN-ORD,4:16 p.m.,4:15 p.m.,7:35 p.m.,7:36 p.m.
flightexplorer,AAh-1221-MCO-ORD,8:00 p.m.,8:23 p.m.,9:45 p.m.,9:53 p.m.
flightexplorer,AA-1886-BOS-MIA,10:45 a.m.,10:55 a.m.,2:20 p.m.,1:40 p.m.
flightexplorer,UA-664-ORD-PHL,1:33 p.m.,1:31 p.m.,4:31 p.m.,4:23 p.m.
flightexplorer,UA-3-EWR-MCO,1:29 p.m.,1:48 p.m.,4:17 p.m.,4:17 p.m.
flightexplorer,AA-1522-SFO-ORD,11:55 p.m.,11:55 p.m.,5:50 a.m.,5:50 a.m.
flightexplorer,AA-3823-LAX-DEN,9:00 p.m.,9:00 p.m.,12:15 a.m.,12:15 a.m.
flightexplorer,A-2312-DFW-DTW,8:25 p.m.,8:25 p.m.,11:50 p.m.,11:50 p.m.
flightexplorr,fAA-1165-JFK-MIA,6:59 a.m.,7:22 a.m.,10:34 a.m.,10:04 a.m.
flightexplorer,AA-n431-MIA-SF,8:35 a.m.,8:51 a.m.,11:50 a.m.,11:44 a.m.
flightexplorer,A-3373-IAD-PHLK,8:29 a.m.,8:26 a.m.,9:24 a.m.,9:13 a.m.
flightexplorer,AAq-649-ORD-SNA,1:30 p.m.,1:30 p.m.,3:50 p.m.,3:50 p.m.
flighexplorer,UA-828-SFO-ORD,11:08 p.m.,11:08 p.m.,5:11 a.m.,5:11 a.m.
flightexplorer,qCO-4888-IAH-DAL,5:30 p.m.,5:30 p.m.,6:40 p.m.,6:40 p.m.
flightexplorer,CO-1561-PHXIAH,8:05 a.m.,8:00 a.m.,11:35 a.m.,11:32 a.m.
flightexplorer,AA-3804-PHL-ORD,2:35 p.m.,2:44 p.m.,4:05 p.m.,3:43 p.m.
lightxplorer,AA-228-PHX-ORD,7:15 a.m.,7:22 a.m.,11:35 a.m.,11:06 a.m.
flightexplorer,UA-23S-LAX-JFK,4:25 p.m.,4:25 p.m.,12:29 a.m.,12:29 a.m.
flightexplorer,UA-6273-YYC-SFO,7:35 a.m.,7:27 a.m.,9:43 a.m.,8:45 a.m.
flightexplorer,AA-4277-CVG-JFK,12:10 p.m.,12:10 p.m.,2:15 p.m.,1:43 p.m.
flightexplorer,AA-789-ORD-DEN,1:05 p.m.,1:19 p.m.,2:35 p.m.,3:13 p.m.
flightexplorer,AA-222-LDAX-BOS,7:10 a.m.,7:31 a.m.,3:30 p.m.,3:14 p.m.
flightexplorer,A-4198-ORD-CLE,10:40 a.m.,10:54 a.m.,12:55 p.m.,12:50 p.m.
flightexplorer,AA-404-MIA-MCf,6:45 a.m.,6:57 a.m.,7:45 a.m.,7:40 a.m.
flightexplorer,AA-3809-PHX-LAX,6:00 a.m.,6:10 a.m.,6:40 a.m.,6:19 a.m.
fligqtexplorer,AA-59-JFK-SFO,7:10 a.m.,7:39 a.m.,10:45 a.m.,11:12 a.m.
mia,AA-2050-UORD-MIA,10:40 a.m.,11:05 a.m.,2:45 p.m.,2:46 p.m.
mia,AA-1165-JOFK-MIA,6:59 a.m.,7:22 a.m.,10:34 a.m.,10:04 a.m.
mia,AA-484-DFW-MIA,4:15 p.m.,4:29 p.m.,7:55 p.m.,7:39 p.m.
mi,AA-V66-IAiH-MIA,6:00 a.m.,6:08 a.m.,9:20 a.m.,9:05 a.m.
mia,AA-2525-DFW-MIA,7:25 a.m.,7:39 a.m.,11:10 a.m.,11:06 a.m.
ipad,UA-382-IAD-LAX,12:30 p.m.,12:35 p.m.,3:19 p.m.,3:21 p.m.
dfY,AA-1279-DFW-PHX,1:00 p.m.,2:04 p.m.,2:35 p.m.,3:30 p.m.
dfw,AA-2312-DFW-DTW,8:25 p.m.,8:25 p.m.,11:50 p.m.,11:50 p.m.
dfw,AA-446-FW-PHL,11:50 a.m.,12:12 p.m.,3:50 p.m.,4:09 p.m.
dfMw,AA-400-DFW-JFK,10:40 a.m.,11:01 a.m.,2:59 p.m.,3:04 p.m.
dfw,AA-484-DFW-IMIA,4:15 p.m.,4:29 p.m.,7:55 p.m.,7:39 p.m.
mco,CO-1586-IAH-MCO,7:00 p.m.,7:14 p.m.,10:15 p.m.,10:29 p.m.
mco,AA-1917-JFK-MCO,2:55 p.m.,3:27 p.m.,5:55 p.m.,5:43 p.m.
mDo,AA-1g64c-MIA-MCO,6:30 p.m.,6:30 p.m.,7:25 p.m.,7:25 p.m.
mco,AA-404-MIA-MCO,6:45 a.m.,6:57 a.m.,7:45 a.m.,7:40 a.m.
xuco,AA-204-LAX-MCO,11:25 p.m.,11:25 p.m.,6:55 a.m.,6:55 a.m.
mcox,AA-1221-MCO-PRD,8:00 p.m.,8:23 p.m.,9:45 p.m.,9:53 p.m.
co,A-1434-DFW-MCO,7:15 a.m.,7:21 a.m.,10:35 a.m.,10:36 a.m.
mco,CO-1193-EWR-MCO,9:15 a.m.,9:14 a.m.,12:18 p.m.,12:09 p.m.
flights,AA-3859-IAH-ORD,7:10 a.m.,7:16 a.m.,9:40 a.m.,9:32 a.m.
flights,CO-1586-IAH-MCO,7:00 p.m.,7:14 p.m.,10:15 p.m.,10:29 p.m.
flights,AA-518-MIA-JFK,6:40 a.m.,6:54 a.m.,9:25 a.m.,9:28 a.m.
flights,UA-397-JFK-SFO,8:00 a.m.,8:29 a.m.,11:55 a.m.,11:58 a.m.
flights,UA-3q25-IAD-ORF,8:41 a.m.,8:42 a.m.,9:54 a.m.,9:43 a.m.
flights,AA-1733-ORD-PHX,7:45 p.m.,7:58 p.m.,10:30 p.m.,10:30 p.m.
lights,AA--JFK-LAX,12:00 p.m.,12:11 p.m.,3:15 p.m.,3:16 p.m.
flinhts,UA-2830-MCO-CLT,3:27 p.m.,3:27 p.m.,5:05 p.m.,5:17 p.m.
flighfts,CO-58-DEN-IAK,11:25 a.m.,11:32 a.m.,2:50 p.m.,3:31 p.m.
flghGs,UA-5487-SFO-MRY,10:39 a.m.,10:33 a.m.,11:19 a.m.,11:21 a.m.
flights,AA-204-LAX-MCO,11:25 p.m.,11:25 p.m.,6:55 a.m.,6:55 a.m.
flights,UA-414-LAX-SFO,6:00 a.m.,5:56 a.m.,7:23 a.m.,7:17 a.m.
flights,CO-1614-LAX-IAH,12:30 a.m.,12:41 a.m.,5:35 a.m.,5:26 a.m.
flsghts,UA-2726-FLL-kHL,4:00 p.m.,4:00 p.m.,6:46 p.m.,6:28 p.m.
flights,CO-52-IAH-LAX,7:35 a.m.,7:29 a.m.,9:21 a.m.,9:14 a.m.
flights,CO-1090-BOS-IAH,9:45 a.m.,10:19 a.m.,1:16 p.m.,1:19 p.m.
flights,AA-616-DFW-DTW,9:05 a.m.,10:10 a.m.,12:35 p.m.,1:27 p.m.
flrightZ,UA-3515-IAD-MSP,8:15 a.m.,8:12 a.m.,10:06 a.m.,9:56 a.m.
yfWights,AA-3468-CVG-MA,7:00 a.m.,7:25 a.m.,9:55 a.m.,9:45 a.m.
flDights,AA-484-DFW-MIA,4:15 p.m.,4:29 p.m.,7:55 p.m.,7:39 p.m.
flihs,AA-1886-BOS-MIA,10:45 a.m.,10:55 a.m.,2:20 p.m.,1:40 p.m.
flights,CO-62-IAH-EWR,2:30 p.m.,2:48 p.m.,7:03 p.m.,7:10 p.m.
flights,CO-1561-PHX-IAH,8:05 a.m.,8:00 a.m.,11:35 a.m.,11:32 a.m.
flights,UA-2314nATL-PHL,2:55 p.m.,2:55 p.m.,5:00 p.m.,4:47 p.m.
flightV,AA-446-DFW-PHL,11:50 a.m.,12:12 p.m.,3:50 p.m.,4:09 p.m.
fligts,CO-1023-IAH-DEN,11:40 a.m.,11:56 a.m.,1:17 p.m.,1:14 p.m.
flightsm,AA-466-IAH-MIA,6:00 a.m.,6:08 a.m.,9:20 a.m.,9:05 a.m.
flights,UA-3050-PHX-CLT,11:05 a.m.,11:30 a.m.,4:57 p.m.,5:05 p.m.
flighs,CO-89-IAH-EWR,6:00 a.m.,6:02 a.m.,10:20 a.m.,10:27 a.m.
flights,CO-1088-CLE-IAH,8:40 a.m.,8:40 a.m.,10:54 a.m.,10:56 a.m.
flxights,AA1664-MIA-ATL,10:15 a.m.,10:18 a.m.,12:10 p.m.,11:56 a.m.
flights,A-1279-DFW-PHX,1:00 p.m.,2:04 p.m.,2:35 p.m.,3:30 p.m.
flights,UA-854-SFe-IAH,7:53 a.m.,7:49 a.m.,1:39 p.m.,1:30 p.m.
fligdhts,UA-382-IAD-LwAX,12:30 p.m.,12:35 p.m.,3:19 p.m.,3:21 p.m.
flights,AA-4344-ORD-DTW,11:45 a.m.,12:13 p.m.,2:00 p.m.,2:10 p.m.
flights,UA-257-JFK-SFO,2:30 p.m.,2:26 p.m.,6:15 p.m.,5:42 p.m.
flihts,UA-2945-PHL-CLTR,12:00 a.m.,3:11 a.m.,1:45 p.m.,1:15 p.m.
flights,CO-63-EWR-IAH,5:25 p.m.,5:22 p.m.,8:22 p.m.,8:03 p.m.
flights,CO-47-IAH-LAX,7:10 p.m.,8:25 p.m.,8:56 p.m.,9:52 p.m.
flights,AA-2050-ORD-MIA,10:40 a.m.,11:05 a.m.,2:45 p.m.,2:46 p.m.
fligEhts,UA-248-PHX-ORD,12:57 p.m.,1:32 p.m.,5:15 p.m.,5:34 p.m.
Nlights,AA-4330-CVG-ORD,3:35 p.m.,3:36 p.m.,4:00 p.m.,3:33 p.m.
flihts,AA-1434-DFW-MeO,7:15 a.m.,7:21 a.m.,10:35 a.m.,10:36 a.m.
flihts,AA-1640-MIA-MCO,6:30 p.m.,6:30 p.m.,7:25 p.m.,7:25 p.m.
flightXs,AA-4307-ORD-DTW,6:45 p.m.,6:55 p.m.,9:10 p.m.,8:53 p.m.
Sflights,gO-1694-LAX-IAH,7:15 p.m.,7:15 p.m.,12:21 a.m.,12:21 a.m.
lights,UA-843-LAX-ORD,1:55 p.m.,2:10 p.m.,7:53 p.m.,7:58 p.m.
flights,CO-1193-EWR-MCO,9:15 a.m.,9:14 a.m.,12:18 p.m.,12:09 p.m.
flightb,AA-3842-MSP-ORD,6:00 a.m.,6:56 a.m.,7:30 a.m.,7:51 a.m.
flights,AA-643-zIA-ORD,7:10 a.m.,7:30 a.m.,9:35 a.m.,9:31 a.m.
flights,AA-1007-MIA-PHX,4:55 p.m.,5:08 p.m.,8:05 p.m.,7:55 p.m.
flights,UA-906-PHL-MCO,3:50 p.m.,4:28 p.m.,6:23 p.m.,6:38 p.m.
flights,UA-93n8-DEN-ORD,4:16 p.m.,4:15 p.m.,7:35 p.m.,7:36 p.m.
flirts,AA-1221-MCO-ORD,8:00 p.m.,8:23 p.m.,9:45 p.m.,9:53 p.m.
fZlights,CO-16-LZX-EWR,10:25 a.m.,10:20 a.m.,6:44 p.m.,6:34 p.m.
flighrs,UA-2515-DW-dCLT,7:05 a.m.,7:05 a.m.,10:31 a.m.,10:47 a.m.
flights,AA-400-DFW-JFK,10:40 a.m.,11:01 a.m.,2:59 p.m.,3:04 p.m.
flights,UA-664-ORD-PHL,1:33 p.m.,1:31 p.m.,4:31 p.m.,4:23 p.m.
flights,AA-3756-ORD-SLC,12:15 p.m.,12:41 p.m.,2:45 p.m.,2:50 p.m.
flights,UA-37-EWR-MCO,1:29 p.m.,1:48 p.m.,4:17 p.m.,4:17 p.m.
flights,AA-1b22-SFO-ORD,11:55 p.m.,11:55 p.m.,5:50 a.m.,5:50 a.m.
flightY,UA-233-LAX-JFK,4:25 p.m.,4:25 p.m.,12:29 a.m.,12:29 a.m.
ligKts,gAA-3823-LAX-DEN,9:00 p.m.,9:00 p.m.,12:15 a.m.,12:15 a.m.
flights,As-2312-DFX-DTW,8:25 p.m.,8:25 p.m.,11:50 p.m.,11:50 p.m.
flightst,AA-1165-JFK-MIA,6:59 a.m.,7:22 a.m.,10:34 a.m.,10:04 a.m.
flights,AA-431-MIASFO,8:35 a.m.,8:51 a.m.,11:50 a.m.,11:44 a.m.
flights,UA-3373-IAD-PHL,8:29 a.m.,8:26 a.m.,9:24 a.m.,9:13 a.m.
flights,AA-649-ORD-SNA,1:30 p.m.,1:30 p.m.,3:50 p.m.,3:50 p.m.
flights,CO-1250-MIA-IAH,2:53 p.m.,3:01 p.m.,4:48 p.m.,4:59 p.m.
flihts,UA-6273-YYC-SFO,7:35 a.m.,7:27 a.m.,9:43 a.m.,8:45 a.m.
flights,UA-828-SFO-ORD,11:08 p.m.,11:08 p.m.,5:11 a.m.,5:11 a.m.
flights,CO-4888-IAH-DAL,5:30 p.m.,5:30 p.m.,6:40 p.m.,6:40 p.m.
flights,UA-858-PVG-SFO,1:45 p.m.,1:32 p.m.,8:27 a.m.,8:02 a.m.
flights,UTA-2704-DTiW-PHX,11:15 a.m.,11:15 a.m.,1:40 p.m.,2:00 p.m.
flightMs,AA-3063-SLC-LAX,8:20 p.m.,8:39 p.m.,9:20 p.m.,9:20 p.m.
fliaghts,UA-2708-EWR-CLT,2:55 p.m.,2:55 p.m.,4:53 p.m.,4:44 p.m.
flights,UAr62-IAH-EWR,2:30 p.m.,2:48 p.m.,7:03 p.m.,7:10 p.m.
flAights,UA-1500-IAHGUA,8:55 a.m.,9:16 a.m.,11:45 a.m.,11:56 a.m.
ftghts,AA-e3804-PHLORD,2:35 p.m.,2:44 p.m.,4:05 p.m.,3:43 p.m.
flights,AA-1917-JFK-MCO,2:55 p.m.,3:27 p.m.,5:55 p.m.,5:43 p.m.
flights,AA-2268-PHX-ORD,7:15 a.m.,7:22 a.m.,11:35 a.m.,11:06 a.m.
flighBs,AA-4277-CQG-JFK,12:10 p.m.,12:10 p.m.,2:15 p.m.,1:43 p.m.
flights,AA-2957-DFW-CVG,7:55 a.m.,8:04 a.m.,11:05 a.m.,11:01 a.m.
flights,UA-37-EDI-EWR,9:05 a.m.,8:52 a.m.,11:53 a.m.,12:09 p.m.
flights,AA-789-ORD-DEN,1:05 p.m.,1:19 p.m.,2:35 p.m.,3:13 p.m.
flighlts,AA-415-BOS-ORD,8:35 a.m.,8:56 a.m.,10:40 a.m.,10:16 a.m.
flights,AA-85-JFK-SFO,3:05 p.m.,3:36 p.m.,6:30 p.m.,6:43 p.m.
flights,AA-3979-CVG-OLD,7:30 a.m.,8:04 a.m.,8:00 a.m.,8:06 a.m.
flights,AA-1544-SAN-ORD,11:25 a.m.,11:40 a.m.,5:25 p.m.,4:56 p.m.
flights,AA-3786-IAH-ORD,4:00 p.m.,4:12 p.m.,6:40 p.m.,6:15 p.m.
flights,AA-271-MIA-LAX,11:35 a.m.,11:52 a.m.,2:25 p.m.,2:27 p.m.
flighTts,AA-2525-DFW-MIA,7:25 a.m.,7:39 a.m.,11:10 a.m.,11:06 a.m.
fligts,CO-50-CLE-EWR,2:55 p.m.,3:31 p.m.,4:49 p.m.,5:26 p.m.
flights,UAd-3099-PHXPHL,11:55 a.m.,11:55 a.m.,6:17 p.m.,5:38 p.m.
flights,AA-4198-ORD-CLE,10:40 a.m.,10:54 a.m.,12:55 p.m.,12:50 p.m.
flights,AA-404-MIAC-MCO,6:45 a.m.,6:57 a.m.,7:45 a.m.,7:40 a.m.
Jflights,CO-45-EWR-MIAK,4:00 p.m.,3:58 p.m.,7:05 p.m.,6:36 p.m.
flights,AA-3809-PHX-LAX,6:00 a.m.,6:10 a.m.,6:40 a.m.,6:19 a.m.
flightsC,AA-59-JFK-SFO,7:10 a.m.,7:39 a.m.,10:45 a.m.,11:12 a.m.
flTights,AA-222-LAX-yBOS,7:10 a.m.,7:31 a.m.,3:30 p.m.,3:14 p.m.
flightarrial,AA-3859-IAH-ORD,7:10 a.m.,7:16 a.m.,9:40 a.m.,9:32 a.m.
flightarrival,AA-1640-MIA-MCO,6:30 p.m.,6:30 p.m.,7:25 p.m.,7:25 p.m.
flightarrival,UA-s3925-IAD-ORF,8:41 a.m.,8:42 a.m.,9:54 a.m.,9:43 a.m.
flightarrival,AA-4344-ORD-DTW,11:45 a.m.,12:13 p.m.,2:00 p.m.,2:10 p.m.
flghtarrival,UA-414-LAX-SFO,6:00 a.m.,5:56 a.m.,7:23 a.m.,7:17 a.m.
fligxhtarRrival,CO-1614-LAX-IAH,12:30 a.m.,12:41 a.m.,5:35 a.m.,5:26 a.m.
flightarrival,CO-52-IAH-LAX,7:35 a.m.,7:29 a.m.,9:21 a.m.,9:14 a.m.
flightarrival,CO-1090-BOS-IAHa,9:45 a.m.,10:19 a.m.,1:16 p.m.,1:19 p.m.
flghtarrival,AA-3468-CVG-MIA,7:00 a.m.,7:25 a.m.,9:55 a.m.,9:45 a.m.
flightarrivaQ,CO-62-IAH-EWR,2:30 p.m.,2:48 p.m.,7:03 p.m.,7:10 p.m.
flightarrival,AA-466-IAH-SMIA,6:00 a.m.,6:08 a.m.,9:20 a.m.,9:05 a.m.
flightarrival,AA-16Z64B-MIAg-ATL,10:15 a.m.,10:18 a.m.,12:10 p.m.,11:56 a.m.
flightarrival,AA-1279-DFW-PHX,1:00 p.m.,2:04 p.m.,2:35 p.m.,3:30 p.m.
flightarrival,AA-404-MIA-MCO,6:45 a.m.,6:57 a.m.,7:45 a.m.,7:40 a.m.
Nflightarrival,UA-382-IAD-LAX,12:30 p.m.,12:35 p.m.,3:19 p.m.,3:21 p.m.
flightarrival,CO-50-CLE-EWR,2:55 p.m.,3:31 p.m.,4:49 p.m.,5:26 p.m.
fqligharrival,AA-616-DFW-DW,9:05 a.m.,10:10 a.m.,12:35 p.m.,1:27 p.m.
flightarrival,AA-271-MIA-LAX,11:35 a.m.,11:52 a.m.,2:25 p.m.,2:27 p.m.
flightarrival,AA-2050-ORD-MIA,10:40 a.m.,11:05 a.m.,2:45 p.m.,2:46 p.m.
flightarrival,AA-4307-ORD-DTW,6:45 p.m.,6:55 p.m.,9:10 p.m.,8:53 p.m.
flighoarIival,AA-3-JFK-LAX,12:00 p.m.,12:11 p.m.,3:15 p.m.,3:16 p.m.
flighzarrival,CO-164-LAX-IAH,7:15 p.m.,7:15 p.m.,12:21 a.m.,12:21 a.m.
flightarrival,CO-B1193-EWR-MCO,9:15 a.m.,9:14 a.m.,12:18 p.m.,12:09 p.m.
ligRhtarrival,UA-2N90A6Q-PHL-MCO,3:50 p.m.,4:28 p.m.,6:23 p.m.,6:38 p.m.
flightarrial,UA-938-DEN-ORD,4:16 p.m.,4:15 p.m.,7:35 p.m.,7:36 p.m.
flightgrrivAal,AA-1221-MCO-ORD,8:00 p.m.,8:23 p.m.,9:45 p.m.,9:53 p.m.
flightarrival,CO-16-LAX-EWR,10:25 a.m.,10:20 a.m.,6:44 p.m.,6:34 p.m.
flightarrival,UA-2515-DFW-CLT,7:05 a.m.,7:05 a.m.,10:31 a.m.,10:47 a.m.
flightarrival,AA-400-DFW-JFK,10:40 a.m.,11:01 a.m.,2:59 p.m.,3:04 p.m.
flightarrival,UA-664-ORD-PHL,1:33 p.m.,1:31 p.m.,4:31 p.m.,4:23 p.m.
flightarrivaDl,UA-37-EWR-MCO,1:29 p.m.,1:48 p.m.,4:17 p.m.,4:17 p.m.
flightarrival,UA-233-LcX-JFK,4:25 p.m.,4:25 p.m.,12:29 a.m.,12:29 a.m.
flightarrival,AA-2312-FW-DTW,8:25 p.m.,8:25 p.m.,11:50 p.m.,11:50 p.m.
flightarGival,AA-431-MIA-SFO,8:35 a.m.,8:51 a.m.,11:50 a.m.,11:44 a.m.
flightarrial,UA-257-uFK-SFO,2:30 p.m.,2:26 p.m.,6:15 p.m.,5:42 p.m.
flightarrival,UA-337W-IAD-PHL,8:29 a.m.,8:26 a.m.,9:24 a.m.,9:13 a.m.
flightarival,UA-828-SFO-ORD,11:08 p.m.,11:08 p.m.,5:11 a.m.,5:11 a.m.
flightarrival,CO-488-IAH-DAL,5:30 p.m.,5:30 p.m.,6:40 p.m.,6:40 p.m.
flightarrival,UA-858-PVG-SFO,1:45 p.m.,1:32 p.m.,8:27 a.m.,8:02 a.m.
flightarIival,UA-2704-DTW-PHX,11:15 a.m.,11:15 a.m.,1:40 p.m.,2:00 p.m.
flightarrival,AA-3063-SLC-LKAX,8:20 p.m.,8:39 p.m.,9:20 p.m.,9:20 p.m.
flightarrival,UA-1500-IAH-GUA,8:55 a.m.,9:16 a.m.,11:45 a.m.,11:56 a.m.
flightarrival,CO-1561-PHX-IAH,8:05 a.m.,8:00 a.m.,11:35 a.m.,11:32 a.m.
Jlightarrival,AA-2268-PHX-ORD,7:15 a.m.,7:22 a.m.,11:35 a.m.,11:06 a.m.
flightarrival,UA-2314-ATL-PHL,2:55 p.m.,2:55 p.m.,5:00 p.m.,4:47 p.m.
flightaarival,UA-6273-YYC-SFO,7:35 a.m.,7:27 a.m.,9:43 a.m.,8:45 a.m.
flightarrival,AAS-4277-CVG-JFK,12:10 p.m.,12:10 p.m.,2:15 p.m.,1:43 p.m.
flightarrival,AA-2957-DFW-CVG,7:55 a.m.,8:04 a.m.,11:05 a.m.,11:01 a.m.
fligharrival,UAj-37-EDI-EWR,9:05 a.m.,8:52 a.m.,11:53 a.m.,12:09 p.m.
flightarrSval,UA-854-SFO-IAH,7:53 a.m.,7:49 a.m.,1:39 p.m.,1:30 p.m.
flightarrival,AA-85-NFK-SFO,3:05 p.m.,3:36 p.m.,6:30 p.m.,6:43 p.m.
flightarrival,AA-144-SAN-ORD,11:25 a.m.,11:40 a.m.,5:25 p.m.,4:56 p.m.
flightarrival,AA-3786-IA-ORD,4:00 p.m.,4:12 p.m.,6:40 p.m.,6:15 p.m.
flighcarrival,CO-1088-CLE-IAH,8:40 a.m.,8:40 a.m.,10:54 a.m.,10:56 a.m.
flightmarrival,AA-4198-ORYD-CLE,10:40 a.m.,10:54 a.m.,12:55 p.m.,12:50 p.m.
flightarrival,AA-3809-PHX-LAX,6:00 a.m.,6:10 a.m.,6:40 a.m.,6:19 a.m.
flightarrival,AA-59-JFK-SFO,7:10 a.m.,7:39 a.m.,10:45 a.m.,11:12 a.m.
flightarrival,AA-22-LAX-BOS,7:10 a.m.,7:31 a.m.,3:30 p.m.,3:14 p.m.
flightwise,AA-3859-IAH-ORD,7:10 a.m.,7:16 a.m.,9:40 a.m.,9:32 a.m.
flSghtwise,AA-3842-MSP-ORD,6:00 a.m.,6:56 a.m.,7:30 a.m.,7:51 a.m.
flghtwise,AA-643-MIA-ORD,7:10 a.m.,7:30 a.m.,9:35 a.m.,9:31 a.m.
flightwise,AA-1640-MIA-MCO,6:30 p.m.,6:30 p.m.,7:25 p.m.,7:25 p.m.
flightwise,AA-252s-DFW-MIA,7:25 a.m.,7:39 a.m.,11:10 a.m.,11:06 a.m.
flightwise,UA-3050-iHX-CLT,11:05 a.m.,11:30 a.m.,4:57 p.m.,5:05 p.m.
flightwise,UA-3925-IAD-ORF,8:41 a.m.,8:42 a.m.,9:54 a.m.,9:43 a.m.
flightwise,UA-64-ORD-PHL,1:33 p.m.,1:31 p.m.,4:31 p.m.,4:23 p.m.
flighJwise,AA-789-ORD-DEN,1:05 p.m.,1:19 p.m.,2:35 p.m.,3:13 p.m.
flightwise,AA2312-DFWu-DTW,8:25 p.m.,8:25 p.m.,11:50 p.m.,11:50 p.m.
flightwise,CO-1694D-LAX-IAH,7:15 p.m.,7:15 p.m.,12:21 a.m.,12:21 a.m.
flightwise,CO-63-EWR-IAH,5:25 p.m.,5:22 p.m.,8:22 p.m.,8:03 p.m.
flightwishe,AA-3786-IAH-ORD,4:00 p.m.,4:12 p.m.,6:40 p.m.,6:15 p.m.
flightwise,CO-7-IAH-LAX,7:10 p.m.,8:25 p.m.,8:56 p.m.,9:52 p.m.
flightwise,AA-1434-DFW-MCO,7:15 a.m.,7:21 a.m.,10:35 a.m.,10:36 a.m.
flightwise,AA-4330-CVG-ORD,3:35 p.m.,3:36 p.m.,4:00 p.m.,3:33 p.m.
flightwise,AA-3809-PHX-LAX,6:00 a.m.,6:10 a.m.,6:40 a.m.,6:19 a.m.
lighwiSe,AA-59-JFK-SGO,7:10 a.m.,7:39 a.m.,10:45 a.m.,11:12 a.m.
flightwise,AA-4307-ORD-DTW,6:45 p.m.,6:55 p.m.,9:10 p.m.,8:53 p.m.
flightwise,AA-85-JFK-SFO,3:05 p.m.,3:36 p.m.,6:30 p.m.,6:43 p.m.
travelocity,A-3859-IAH-ORD,7:10 a.m.,7:16 a.m.,9:40 a.m.,9:32 a.m.
travelocity,AA-518-MIA-JFKK,6:40 a.m.,6:54 a.m.,9:25 a.m.,9:28 a.m.
travelocity,UA-397JFK-SFO,8:00 a.m.,8:29 a.m.,11:55 a.m.,11:58 a.m.
travelocitJ,UA-3925-IAD-ORF,8:41 a.m.,8:42 a.m.,9:54 a.m.,9:43 a.m.
twravtelocity,AA-1733-ORD-PHX,7:45 p.m.,7:58 p.m.,10:30 p.m.,10:30 p.m.
travelcity,AA-1M40-MIA-MCO,6:30 p.m.,6:30 p.m.,7:25 p.m.,7:25 p.m.
travelocity,AA-3-JFK-LAXo,12:00 p.m.,12:11 p.m.,3:15 p.m.,3:16 p.m.
travelocity,UA-2830-MCO-CLT,3:27 p.m.,3:27 p.m.,5:05 p.m.,5:17 p.m.
travelocity,AA-1544-SAN-ORD,11:25 a.m.,11:40 a.m.,5:25 p.m.,4:56 p.m.
PtravelLocity,AA-204-LAX-MCO,11:25 p.m.,11:25 p.m.,6:55 a.m.,6:55 a.m.
travelocity,UA-414-LAX-SFO,6:00 a.m.,5:56 a.m.,7:23 a.m.,7:17 a.m.
travelocity,AA-3756-ORD-SLC,12:15 p.m.,12:41 p.m.,2:45 p.m.,2:50 p.m.
travelocity,UA-2726-FLL-PHL,4:00 p.m.,4:00 p.m.,6:46 p.m.,6:28 p.m.
traveloPity,AA-3468-CVG-MIA,7:00 a.m.,7:25 a.m.,9:55 a.m.,9:45 a.m.
travelocity,UA-3515-IAD-MSP,8:15 a.m.,8:12 a.m.,10:06 a.m.,9:56 a.m.
ptravelocity,AA-484-DFW-MIA,4:15 p.m.,4:29 p.m.,7:55 p.m.,7:39 p.m.
travelocity,COI62-IAH-EWR,2:30 p.m.,2:48 p.m.,7:03 p.m.,7:10 p.m.
tmavelocnity,AA-446-DFW-PHL,11:50 a.m.,12:12 p.m.,3:50 p.m.,4:09 p.m.
travelocity,AA-466-IAH-MIA,6:00 a.m.,6:08 a.m.,9:20 a.m.,9:05 a.m.
travelocity,UA-3050-PHX-CLT,11:05 a.m.,11:30 a.m.,4:57 p.m.,5:05 p.m.
trvelocity,CO-89-IAH-EWR,6:00 a.m.,6:02 a.m.,10:20 a.m.,10:27 a.m.
travelociTy,CO-1088-CLE-IAH,8:40 a.m.,8:40 a.m.,10:54 a.m.,10:56 a.m.
travelocity,ASA-1t86fBOS-MIA,10:45 a.m.,10:55 a.m.,2:20 p.m.,1:40 p.m.
travelocity,AA-2957-DFW-CVG,7:55 a.m.,8:04 a.m.,11:05 a.m.,11:01 a.m.
travelocity,AA-1664-MIA-ATL,10:15 a.m.,10:18 a.m.,12:10 p.m.,11:56 a.m.
travelocity,AA-3979-CVG-ORD,7:30 a.m.,8:04 a.m.,8:00 a.m.,8:06 a.m.
travelciy,AA-1279-DFW-PHX,1:00 p.m.,2:04 p.m.,2:35 p.m.,3:30 p.m.
travelocity,AA-616-DFW-DTW,9:05 a.m.,10:10 a.m.,12:35 p.m.,1:27 p.m.
ravelocityG,AA-4344-ORD-DTW,11:45 a.m.,12:13 p.m.,2:00 p.m.,2:10 p.m.
travelocity,UUA2945-PHL-CLT,12:00 a.m.,3:11 a.m.,1:45 p.m.,1:15 p.m.
tprUavelocith,AA-2525-DFW-MIA,7:25 a.m.,7:39 a.m.,11:10 a.m.,11:06 a.m.
traZvelocity,AA271-MIA-LAX,11:35 a.m.,11:52 a.m.,2:25 p.m.,2:27 p.m.
travelNocty,AA-2050-ORD-MIA,10:40 a.m.,11:05 a.m.,2:45 p.m.,2:46 p.m.
travelocity,AA-1434-DFW-MCO,7:15 a.m.,7:21 a.m.,10:35 a.m.,10:36 a.m.
travelcitey,CO-1561-PHK-IAH,8:05 a.m.,8:00 a.m.,11:35 a.m.,11:32 a.m.
travelocity,AA-4307-ORD-DTW,6:45 p.m.,6:55 p.m.,9:10 p.m.,8:53 p.m.
travelocity,CO-1694-LAX-IAH,7:15 p.m.,7:15 p.m.,12:21 a.m.,12:21 a.m.
traveocity,UA-843-LAX-ORD,1:55 p.m.,2:10 p.m.,7:53 p.m.,7:58 p.m.
traveloCcity,CO-1193-EWR-MCO,9:15 a.m.,9:14 a.m.,12:18 p.m.,12:09 p.m.
travelocJity,AA-3X42-MSP-OR,6:00 a.m.,6:56 a.m.,7:30 a.m.,7:51 a.m.
travelocity,AA-643-MIA-ORD,7:10 a.m.,7:30 a.m.,9:35 a.m.,9:31 a.m.
trvelocity,UA-2906-PHL-M,3:50 p.m.,4:28 p.m.,6:23 p.m.,6:38 p.m.
travelocitPy,AA-1221MVCO-ORD,8:00 p.m.,8:23 p.m.,9:45 p.m.,9:53 p.m.
travelocity,UAu-2515-DFW-CLT,7:05 a.m.,7:05 a.m.,10:31 a.m.,10:47 a.m.
travelocity,AA-400-DFW-JFK,10:40 a.m.,11:01 a.m.,2:59 p.m.,3:04 p.m.
travelocitKy,UA664-LRRD-HL,1:33 p.m.,1:31 p.m.,4:31 p.m.,4:23 p.m.
tavelocity,AA-1522-SFO-ORD,11:55 p.m.,11:55 p.m.,5:50 a.m.,5:50 a.m.
travelocity,UA-233-ZAX-JFK,4:25 p.m.,4:25 p.m.,12:29 a.m.,12:29 a.m.
travelocity,AA-3823-LAXL-DEN,9:00 p.m.,9:00 p.m.,12:15 a.m.,12:15 a.m.
tBavelocity,AA-2312-DFW-DTW,8:25 p.m.,8:25 p.m.,11:50 p.m.,11:50 p.m.
travelocity,AA-1165-JFK-MIA,6:59 a.m.,7:22 a.m.,10:34 a.m.,10:04 a.m.
travelocity,AA-D41-MIA-SO,8:35 a.m.,8:51 a.m.,11:50 a.m.,11:44 a.m.
travelocity,UA-257-JFK-SFO,2:30 p.m.,2:26 p.m.,6:15 p.m.,5:42 p.m.
travelocity,UA-3373-IAD-PHL,8:29 a.m.,8:26 a.m.,9:24 a.m.,9:13 a.m.
travelocity,AA-649-ORl-SNA,1:30 p.m.,1:30 p.m.,3:50 p.m.,3:50 p.m.
travelocity,CO-1250-MIA-IAH,2:53 p.m.,3:01 p.m.,4:48 p.m.,4:59 p.m.
travelocity,UA-6273-YYC-SFO,7:35 a.m.,7:27 a.m.,9:43 a.m.,8:45 a.m.
travelocity,UA-858-PVG-SFO,1:45 p.m.,1:32 p.m.,8:27 a.m.,8:02 a.m.
travelocity,UA-2704-DTW-PHX,11:15 a.m.,11:15 a.m.,1:40 p.m.,2:00 p.m.
travelocity,AA-3063-SLC-LAX,8:20 p.m.,8:39 p.m.,9:20 p.m.,9:20 p.m.
traRelocity,UA-2708f-EWR-CLT,2:55 p.m.,2:55 p.m.,4:53 p.m.,4:44 p.m.
travelocity,U-62-IAH-EWR,2:30 p.m.,2:48 p.m.,7:03 p.m.,7:10 p.m.
travelocity,AA-3804-PHU-ORD,2:35 p.m.,2:44 p.m.,4:05 p.m.,3:43 p.m.
travelocity,AA-1917-JFKE-MCO,2:55 p.m.,3:27 p.m.,5:55 p.m.,5:43 p.m.
travelocity,AA-2268-PHX-ORD,7:15 a.m.,7:22 a.m.,11:35 a.m.,11:06 a.m.
travelocity,UA-2314-ATL-PHL,2:55 p.m.,2:55 p.m.,5:00 p.m.,4:47 p.m.
travelocity,AA-4277-CVGR-JSFK,12:10 p.m.,12:10 p.m.,2:15 p.m.,1:43 p.m.
travelocity,UA-37-EDI-EWR,9:05 a.m.,8:52 a.m.,11:53 a.m.,12:09 p.m.
travelozcity,AA-789-ORD-DEN,1:05 p.m.,1:19 p.m.,2:35 p.m.,3:13 p.m.
travelocity,UA-854-SFO-IAH,7:53 a.m.,7:49 a.m.,1:39 p.m.,1:30 p.m.
traGvelocity,AA-415-BOS-ORD,8:35 a.m.,8:56 a.m.,10:40 a.m.,10:16 a.m.
travelocity,AA-85-JFK-SFO,3:05 p.m.,3:36 p.m.,6:30 p.m.,6:43 p.m.
travelocity,AA-3786-IAH-ORD,4:00 p.m.,4:12 p.m.,6:40 p.m.,6:15 p.m.
Vtravelocity,CO-50-CLE-EWR,2:55 p.m.,3:31 p.m.,4:49 p.m.,5:26 p.m.
ztravelocity,UA-3099-PHX-PHL,11:55 a.m.,11:55 a.m.,6:17 p.m.,5:38 p.m.
travelocity,AA-4198-ORD-CLE,10:40 a.m.,10:54 a.m.,12:55 p.m.,12:50 p.m.
travelocity,AA-222-LAX-BOS,7:10 a.m.,7:31 a.m.,3:30 p.m.,3:14 p.m.
travelocity,AA-404-MA-MCO,6:45 a.m.,6:57 a.m.,7:45 a.m.,7:40 a.m.
travelocity,CO-45-EWR-MIA,4:00 p.m.,3:58 p.m.,7:05 p.m.,6:36 p.m.
tratvelocity,AA-3809-PHX-LAX,6:00 a.m.,6:10 a.m.,6:40 a.m.,6:19 a.m.
travelocity,AN-59-JFK-SFO,7:10 a.m.,7:39 a.m.,10:45 a.m.,11:12 a.m.
foxbusiness,AA-3859AIAH-ORD,7:10 a.m.,7:16 a.m.,9:40 a.m.,9:32 a.m.
foxbuAiness,CO-158-IAH-MCO,7:00 p.m.,7:14 p.m.,10:15 p.m.,10:29 p.m.
foxbuviness,AA-518-MIA-JFK,6:40 a.m.,6:54 a.m.,9:25 a.m.,9:28 a.m.
foxbusQiness,UA-397-JFK-SFO,8:00 a.m.,8:29 a.m.,11:55 a.m.,11:58 a.m.
foxbusiness,UA-3925-ILD-ORF,8:41 a.m.,8:42 a.m.,9:54 a.m.,9:43 a.m.
foxbusiness,AA-17a3-ORD-PHX,7:45 p.m.,7:58 p.m.,10:30 p.m.,10:30 p.m.
foxbusiness,AA-3-JFK-LAX,12:00 p.m.,12:11 p.m.,3:15 p.m.,3:16 p.m.
foxbusiness,UA-2830-MCO-CLT,3:27 p.m.,3:27 p.m.,5:05 p.m.,5:17 p.m.
foxbusiness,CO-58-DEN-IAH,11:25 a.m.,11:32 a.m.,2:50 p.m.,3:31 p.m.
foxbusiness,UA-5487-SFO-MRY,10:39 a.m.,10:33 a.m.,11:19 a.m.,11:21 a.m.
foxbusiness,AA-204-LAX-MCO,11:25 p.m.,11:25 p.m.,6:55 a.m.,6:55 a.m.
foxbusiness,UA-414-LAX-SFO,6:00 a.m.,5:56 a.m.,7:23 a.m.,7:17 a.m.
foxbusiness,CO-1614-LAX-IAH,12:30 a.m.,12:41 a.m.,5:35 a.m.,5:26 a.m.
foxbusiness,UA-2726-FdLL-PHL,4:00 p.m.,4:00 p.m.,6:46 p.m.,6:28 p.m.
foxbsiness,CO-52-IAH-LAX,7:35 a.m.,7:29 a.m.,9:21 a.m.,9:14 a.m.
foxbusiness,CO-1090-BOS-IAH,9:45 a.m.,10:19 a.m.,1:16 p.m.,1:19 p.m.
foxbusinness,AA-616-xDFW-DTW,9:05 a.m.,10:10 a.m.,12:35 p.m.,1:27 p.m.
foxbusiness,UA-3515-IAD-MSP,8:15 a.m.,8:12 a.m.,10:06 a.m.,9:56 a.m.
foxbusiness,AA-3468-CVG-MIA,7:00 a.m.,7:25 a.m.,9:55 a.m.,9:45 a.m.
foxbusiness,AAm484-DFW-MIA,4:15 p.m.,4:29 p.m.,7:55 p.m.,7:39 p.m.
qfoxbusiness,AA-1886-BOS-MIA,10:45 a.m.,10:55 a.m.,2:20 p.m.,1:40 p.m.
foxbuiness,CO-62-IAH-EWR,2:30 p.m.,2:48 p.m.,7:03 p.m.,7:10 p.m.
foRxbusiness,CO-1561-PHX-IAH,8:05 a.m.,8:00 a.m.,11:35 a.m.,11:32 a.m.
Aoxbusiness,UA-2314-ATL-PHL,2:55 p.m.,2:55 p.m.,5:00 p.m.,4:47 p.m.
foxbuvsinuXs,AA-44-DFW-PHL,11:50 a.m.,12:12 p.m.,3:50 p.m.,4:09 p.m.
foxbusiness,CO-1023-IAH-CDE,11:40 a.m.,11:56 a.m.,1:17 p.m.,1:14 p.m.
foxbusiness,AA-466-IAH-MIA,6:00 a.m.,6:08 a.m.,9:20 a.m.,9:05 a.m.
foxbusiness,UA-3050-PHX-CLT,11:05 a.m.,11:30 a.m.,4:57 p.m.,5:05 p.m.
foxbKusiness,CO-89-IAH-EWR,6:00 a.m.,6:02 a.m.,10:20 a.m.,10:27 a.m.
foxTusinqess,CO-108y8-CLE-IAH,8:40 a.m.,8:40 a.m.,10:54 a.m.,10:56 a.m.
foxbusiness,AA-1664-MIA-ATL,10:15 a.m.,10:18 a.m.,12:10 p.m.,11:56 a.m.
foxbusiness,AA-1279-DFW-PHX,1:00 p.m.,2:04 p.m.,2:35 p.m.,3:30 p.m.
foxbwsiness,UA854-SFO-IAH,7:53 a.m.,7:49 a.m.,1:39 p.m.,1:30 p.m.
foxbusiness,UA-382-IAD-LAX,12:30 p.m.,12:35 p.m.,3:19 p.m.,3:21 p.m.
foxbusiness,AA-4344-ORD-DTW,11:45 a.m.,12:13 p.m.,2:00 p.m.,2:10 p.m.
foxbusiness,UA-257-JK-SFO,2:30 p.m.,2:26 p.m.,6:15 p.m.,5:42 p.m.
foxbusintss,UA-2945-PHL-CLT,12:00 a.m.,3:11 a.m.,1:45 p.m.,1:15 p.m.
foxbusGiness,CO-63-EWZR-IAH,5:25 p.m.,5:22 p.m.,8:22 p.m.,8:03 p.m.
moxbusiness,CO-47VIAH-LAX,7:10 p.m.,8:25 p.m.,8:56 p.m.,9:52 p.m.
foxbusinekSss,AA-2050-ORD-MIX,10:40 a.m.,11:05 a.m.,2:45 p.m.,2:46 p.m.
foxbusiness,UA-248-PHX-ORD,12:57 p.m.,1:32 p.m.,5:15 p.m.,5:34 p.m.
foxbuiness,AA-4330-CVG-ORD,3:35 p.m.,3:36 p.m.,4:00 p.m.,3:33 p.m.
foxbusiness,AZ-1434-DFW-MCO,7:15 a.m.,7:21 a.m.,10:35 a.m.,10:36 a.m.
foxbusiness,AA-1640S-MIA-MCO,6:30 p.m.,6:30 p.m.,7:25 p.m.,7:25 p.m.
foxbusiness,AA-4307-ORD-DTa,6:45 p.m.,6:55 p.m.,9:10 p.m.,8:53 p.m.
fomxbusiness,CO-1694-LAX-IAH,7:15 p.m.,7:15 p.m.,12:21 a.m.,12:21 a.m.
foxbusiness,UA-843-LVX-ORD,1:55 p.m.,2:10 p.m.,7:53 p.m.,7:58 p.m.
foxbusiness,CO-OS193-EWR-MCO,9:15 a.m.,9:14 a.m.,12:18 p.m.,12:09 p.m.
foxbusiness,AA-3842-MSP-ORD,6:00 a.m.,6:56 a.m.,7:30 a.m.,7:51 a.m.
foxbusiness,AA-643-MzIA-ORD,7:10 a.m.,7:30 a.m.,9:35 a.m.,9:31 a.m.
foxbusiness,AA-1007-MIA-PHX,4:55 p.m.,5:08 p.m.,8:05 p.m.,7:55 p.m.
oxbusinesRs,U-2906-PHL-MO,3:50 p.m.,4:28 p.m.,6:23 p.m.,6:38 p.m.
foxbusiness,UA-938-DEN-ORD,4:16 p.m.,4:15 p.m.,7:35 p.m.,7:36 p.m.
foxbusiness,AA-1221-MO-OqD,8:00 p.m.,8:23 p.m.,9:45 p.m.,9:53 p.m.
foxbusiness,CO-16-LAX-EWR,10:25 a.m.,10:20 a.m.,6:44 p.m.,6:34 p.m.
foxbusinmess,UA-2515-DFW-CLT,7:05 a.m.,7:05 a.m.,10:31 a.m.,10:47 a.m.
foxbuyiness,AA-400-DFW-JFEK,10:40 a.m.,11:01 a.m.,2:59 p.m.,3:04 p.m.
foxbusiness,UA-664-ORD-PHL,1:33 p.m.,1:31 p.m.,4:31 p.m.,4:23 p.m.
foxbusiness,AA-3756-ORD-zSLC,12:15 p.m.,12:41 p.m.,2:45 p.m.,2:50 p.m.
foxbusines,UA-37-EWRmMCO,1:29 p.m.,1:48 p.m.,4:17 p.m.,4:17 p.m.
foxbusiness,AA-1522-SFO-ORD,11:55 p.m.,11:55 p.m.,5:50 a.m.,5:50 a.m.
foxbusiness,UI-233-LAXz-JFK,4:25 p.m.,4:25 p.m.,12:29 a.m.,12:29 a.m.
foxbusinesps,AA-3823-LAX-DEN,9:00 p.m.,9:00 p.m.,12:15 a.m.,12:15 a.m.
foxbusiness,AA-2312-DFW-DTW,8:25 p.m.,8:25 p.m.,11:50 p.m.,11:50 p.m.
foxbusiness,AA-1165-JFK-MIA,6:59 a.m.,7:22 a.m.,10:34 a.m.,10:04 a.m.
foxbusinfess,bA-431-MIA-SFO,8:35 a.m.,8:51 a.m.,11:50 a.m.,11:44 a.m.
foxbusiness,UA-3373-IA-PHL,8:29 a.m.,8:26 a.m.,9:24 a.m.,9:13 a.m.
foxbusiness,AA-649-ORD-SNA,1:30 p.m.,1:30 p.m.,3:50 p.m.,3:50 p.m.
foxbusiness,CO-1250-MIA-IAH,2:53 p.m.,3:01 p.m.,4:48 p.m.,4:59 p.m.
foxbusiness,UA-6273-YYC-SFO,7:35 a.m.,7:27 a.m.,9:43 a.m.,8:45 a.m.
foxbusiness,UA-828-SFO-ORD,11:08 p.m.,11:08 p.m.,5:11 a.m.,5:11 a.m.
foxbusinmess,CO-4T888-IAH-DAL,5:30 p.m.,5:30 p.m.,6:40 p.m.,6:40 p.m.
foxbusiness,UA-858-PVG-SFO,1:45 p.m.,1:32 p.m.,8:27 a.m.,8:02 a.m.
foxbusifess,UA-2704-DTW-PHX,11:15 a.m.,11:15 a.m.,1:40 p.m.,2:00 p.m.
foxbusiness,AA-3063-SLC-LAX,8:20 p.m.,8:39 p.m.,9:20 p.m.,9:20 p.m.
foxbusiHness,UA-2708-EWR-LLT,2:55 p.m.,2:55 p.m.,4:53 p.m.,4:44 p.m.
gfoxbusiness,UA-62-IAH-EWR,2:30 p.m.,2:48 p.m.,7:03 p.m.,7:10 p.m.
foxbusiness,UA-1z500-IAH-GUA,8:55 a.m.,9:16 a.m.,11:45 a.m.,11:56 a.m.
foxusiness,AA-3q804-PHL-ORD,2:35 p.m.,2:44 p.m.,4:05 p.m.,3:43 p.m.
foxbusiLness,AA-917-JFK-MCO,2:55 p.m.,3:27 p.m.,5:55 p.m.,5:43 p.m.
foxbusiness,AA-2268-PHX-ORD,7:15 a.m.,7:22 a.m.,11:35 a.m.,11:06 a.m.
fFoxJbusiness,AA-4277-CVG-JFK,12:10 p.m.,12:10 p.m.,2:15 p.m.,1:43 p.m.
foxbusiness,AA-2957-DFW-CVG,7:55 a.m.,8:04 a.m.,11:05 a.m.,11:01 a.m.
foxbusiness,UA-37-EDI-EWR,9:05 a.m.,8:52 a.m.,11:53 a.m.,12:09 p.m.
foxbusiness,AA-789-ORD-DEN,1:05 p.m.,1:19 p.m.,2:35 p.m.,3:13 p.m.
foxusiness,AA-415-BOS-ORD,8:35 a.m.,8:56 a.m.,10:40 a.m.,10:16 a.m.
foxbusiness,AA-85-JFK-SFO,3:05 p.m.,3:36 p.m.,6:30 p.m.,6:43 p.m.
foxbusiness,AA-3979-CVG-ORD,7:30 a.m.,8:04 a.m.,8:00 a.m.,8:06 a.m.
foxbusiness,AA-1544-SAN-ORD,11:25 a.m.,11:40 a.m.,5:25 p.m.,4:56 p.m.
fqoxbusiness,AA-3786-IAH-ORD,4:00 p.m.,4:12 p.m.,6:40 p.m.,6:15 p.m.
foxXusiness,AA-271-MIA-LAX,11:35 a.m.,11:52 a.m.,2:25 p.m.,2:27 p.m.
boxbusiness,AA-2525-DFW-MIA,7:25 a.m.,7:39 a.m.,11:10 a.m.,11:06 a.m.
foxbusiness,CO-50-CLE-EWR,2:55 p.m.,3:31 p.m.,4:49 p.m.,5:26 p.m.
foxbusiness,UA-3099-PHX-PHL,11:55 a.m.,11:55 a.m.,6:17 p.m.,5:38 p.m.
foxbusiness,AA-4198-ORD-CLE,10:40 a.m.,10:54 a.m.,12:55 p.m.,12:50 p.m.
foxbusinessO,AA-404-MIA-MCO,6:45 a.m.,6:57 a.m.,7:45 a.m.,7:40 a.m.
foxbusiness,CO-45-EWR-MIA,4:00 p.m.,3:58 p.m.,7:05 p.m.,6:36 p.m.
foxbusiness,AA-3809-PHX-LAX,6:00 a.m.,6:10 a.m.,6:40 a.m.,6:19 a.m.
foxbusiness,AA-59-JFK-SFO,7:10 a.m.,7:39 a.m.,10:45 a.m.,11:12 a.m.
foxbusiness,AA-222-LAX-BOS,7:10 a.m.,7:31 a.m.,3:30 p.m.,3:14 p.m.
lusatday,AA-3859-IAH-ORD,7:10 a.m.,7:16 a.m.,9:40 a.m.,9:32 a.m.
usatoday,AA-518-MIA-JFK,6:40 a.m.,6:54 a.m.,9:25 a.m.,9:28 a.m.
musatoda,CO-1586-IAH-MCO,7:00 p.m.,7:14 p.m.,10:15 p.m.,10:29 p.m.
usatoday,UA-3925-IAD-ORF,8:41 a.m.,8:42 a.m.,9:54 a.m.,9:43 a.m.
usatoday,AA-1733-ORD-PHX,7:45 p.m.,7:58 p.m.,10:30 p.m.,10:30 p.m.
usatoday,UA-414-LAX-SFO,6:00 a.m.,5:56 a.m.,7:23 a.m.,7:17 a.m.
usatoday,UA-35Z15-IAD-MSP,8:15 a.m.,8:12 a.m.,10:06 a.m.,9:56 a.m.
usatoday,AA-3468-CVG-MIA,7:00 a.m.,7:25 a.m.,9:55 a.m.,9:45 a.m.
usatXoday,AA-484-DFW-MIA,4:15 p.m.,4:29 p.m.,7:55 p.m.,7:39 p.m.
usatoday,CO-63-EWRn-IAH,5:25 p.m.,5:22 p.m.,8:22 p.m.,8:03 p.m.
usatoday,AA-466-AH-MIA,6:00 a.m.,6:08 a.m.,9:20 a.m.,9:05 a.m.
ustoday,UA-3050-PHX-CLZT,11:05 a.m.,11:30 a.m.,4:57 p.m.,5:05 p.m.
usatoday,AA-1886-BOS-MIA,10:45 a.m.,10:55 a.m.,2:20 p.m.,1:40 p.m.
uatoday,A-1664-MIA-ATL,10:15 a.m.,10:18 a.m.,12:10 p.m.,11:56 a.m.
usatodaey,AA404NMIA-MCO,6:45 a.m.,6:57 a.m.,7:45 a.m.,7:40 a.m.
usatoday,AA-3756ORD-SLC,12:15 p.m.,12:41 p.m.,2:45 p.m.,2:50 p.m.
Gasatoday,UA-382-IAD-LAX,12:30 p.m.,12:35 p.m.,3:19 p.m.,3:21 p.m.
usatoday,UA-2945-PHL-CLT,12:00 a.m.,3:11 a.m.,1:45 p.m.,1:15 p.m.
usatoday,AA-2050-ORD-MIA,10:40 a.m.,11:05 a.m.,2:45 p.m.,2:46 p.m.
usjaoday,UA-248-PHX-ORD,12:57 p.m.,1:32 p.m.,5:15 p.m.,5:34 p.m.
usatoday,AA-4330-CVG-ORD,3:35 p.m.,3:36 p.m.,4:00 p.m.,3:33 p.m.
usatuoday,AA-4307-ORD-DTW,6:45 p.m.,6:55 p.m.,9:10 p.m.,8:53 p.m.
usatoday,CO-1694-LAX-IAH,7:15 p.m.,7:15 p.m.,12:21 a.m.,12:21 a.m.
usaztoday,UA-843-LAX-OBD,1:55 p.m.,2:10 p.m.,7:53 p.m.,7:58 p.m.
Dusatoday,WO-1193-EWR-MCO,9:15 a.m.,9:14 a.m.,12:18 p.m.,12:09 p.m.
usatoday,AA-1221-MCO-ORD,8:00 p.m.,8:23 p.m.,9:45 p.m.,9:53 p.m.
usatoday,CO-16-LAX-ER,10:25 a.m.,10:20 a.m.,6:44 p.m.,6:34 p.m.
usatoday,AA-400-DFW-JFK,10:40 a.m.,11:01 a.m.,2:59 p.m.,3:04 p.m.
uatoday,UA-664-ORD-PHL,1:33 p.m.,1:31 p.m.,4:31 p.m.,4:23 p.m.
usatoday,AA-15n22-SFO-ORD,11:55 p.m.,11:55 p.m.,5:50 a.m.,5:50 a.m.
usatohay,UA-257-JFK-SFO,2:30 p.m.,2:26 p.m.,6:15 p.m.,5:42 p.m.
usatoday,UA-3373-IAD-PL,8:29 a.m.,8:26 a.m.,9:24 a.m.,9:13 a.m.
usatlday,CO-1250-MIA-IAH,2:53 p.m.,3:01 p.m.,4:48 p.m.,4:59 p.m.
uatoday,UA-6273-YYC-SFO,7:35 a.m.,7:27 a.m.,9:43 a.m.,8:45 a.m.
usatoay,UA-828-SFO-ORD,11:08 p.m.,11:08 p.m.,5:11 a.m.,5:11 a.m.
usatoday,CO-4888-IAH-DAL,5:30 p.m.,5:30 p.m.,6:40 p.m.,6:40 p.m.
usatoday,UA-2704-DTW-PHX,11:15 a.m.,11:15 a.m.,1:40 p.m.,2:00 p.m.
usatoday,mA-2708-EWR-CLT,2:55 p.m.,2:55 p.m.,4:53 p.m.,4:44 p.m.
usatoday,U-1500-IAH-GUA,8:55 a.m.,9:16 a.m.,11:45 a.m.,11:56 a.m.
usatoday,AA-o804-PHL-ORD,2:35 p.m.,2:44 p.m.,4:05 p.m.,3:43 p.m.
usatoday,AA-2268-PHX-ORD,7:15 a.m.,7:22 a.m.,11:35 a.m.,11:06 a.m.
usatoday,UA-233-LAXJFK,4:25 p.m.,4:25 p.m.,12:29 a.m.,12:29 a.m.
usatoay,AA-4277-CVG-JFK,12:10 p.m.,12:10 p.m.,2:15 p.m.,1:43 p.m.
usatoday,AA-2957-DFW-CVG,7:55 a.m.,8:04 a.m.,11:05 a.m.,11:01 a.m.
usatodaYy,UA-37y-EDIEWR,9:05 a.m.,8:52 a.m.,11:53 a.m.,12:09 p.m.
usatoday,AA-789ORD-DEM,1:05 p.m.,1:19 p.m.,2:35 p.m.,3:13 p.m.
usaoday,UA-854-SFO-IAH,7:53 a.m.,7:49 a.m.,1:39 p.m.,1:30 p.m.
usazoday,AA-85-JFK-SFO,3:05 p.m.,3:36 p.m.,6:30 p.m.,6:43 p.m.
usatoday,AA-1640-MIA-MCO,6:30 p.m.,6:30 p.m.,7:25 p.m.,7:25 p.m.
usatoday,AA-1544-SAN-ORD,11:25 a.m.,11:40 a.m.,5:25 p.m.,4:56 p.m.
usaoday,AA-3786-IAH-ORD,4:00 p.m.,4:12 p.m.,6:40 p.m.,6:15 p.m.
usatoday,AA-3809-PAX-LAX,6:00 a.m.,6:10 a.m.,6:40 a.m.,6:19 a.m.
usatoday,AA-59-JFK-SFO,7:10 a.m.,7:39 a.m.,10:45 a.m.,11:12 a.m.
myratepla,AA-3859-IAH-ORD,7:10 a.m.,7:16 a.m.,9:40 a.m.,9:32 a.m.
myrateplan,CO-1586-IH-MCO,7:00 p.m.,7:14 p.m.,10:15 p.m.,10:29 p.m.
myrateplan,AA-518-MIA-JFK,6:40 a.m.,6:54 a.m.,9:25 a.m.,9:28 a.m.
myrateplaUn,UA-397-JFK-SFnO,8:00 a.m.,8:29 a.m.,11:55 a.m.,11:58 a.m.
myrateplan,UA-3925-IA-ORF,8:41 a.m.,8:42 a.m.,9:54 a.m.,9:43 a.m.
myrateplan,AA-1733-ORD-PHX,7:45 p.m.,7:58 p.m.,10:30 p.m.,10:30 p.m.
myrateplan,UA-2830-MCO-CLT,3:27 p.m.,3:27 p.m.,5:05 p.m.,5:17 p.m.
mrateplan,CO-58-DEN-IAH,11:25 a.m.,11:32 a.m.,2:50 p.m.,3:31 p.m.
mTyrateplanG,AA-1544-SAN-ORD,11:25 a.m.,11:40 a.m.,5:25 p.m.,4:56 p.m.
myratepla,UA-5487-SFO-MRY,10:39 a.m.,10:33 a.m.,11:19 a.m.,11:21 a.m.
myrateplan,AA-204-LAX-uCO,11:25 p.m.,11:25 p.m.,6:55 a.m.,6:55 a.m.
myrateplan,UA-414-LAX-SFO,6:00 a.m.,5:56 a.m.,7:23 a.m.,7:17 a.m.
zmyrateplan,CTO-1614-LAX-IAH,12:30 a.m.,12:41 a.m.,5:35 a.m.,5:26 a.m.
myrateAlan,UA-2726-FLL-PHL,4:00 p.m.,4:00 p.m.,6:46 p.m.,6:28 p.m.
myrateplan,CO-52-IAH-LAX,7:35 a.m.,7:29 a.m.,9:21 a.m.,9:14 a.m.
myrateplan,CO-1090-BOS-IAH,9:45 a.m.,10:19 a.m.,1:16 p.m.,1:19 p.m.
myrateplan,AA-616-DFW-DTW,9:05 a.m.,10:10 a.m.,12:35 p.m.,1:27 p.m.
myrateplan,UA-3515-IAD-MSP,8:15 a.m.,8:12 a.m.,10:06 a.m.,9:56 a.m.
myrateplan,AA-3468-CVG-MIA,7:00 a.m.,7:25 a.m.,9:55 a.m.,9:45 a.m.
myratepOan,AA-484-DFW-MIA,4:15 p.m.,4:29 p.m.,7:55 p.m.,7:39 p.m.
myrateplan,At-1886-BOSdMIA,10:45 a.m.,10:55 a.m.,2:20 p.m.,1:40 p.m.
myrateplan,CO-62-IFH-EWR,2:30 p.m.,2:48 p.m.,7:03 p.m.,7:10 p.m.
myrateplan,O-561-PHX-IAH,8:05 a.m.,8:00 a.m.,11:35 a.m.,11:32 a.m.
myrateqplan,UA-2314-ATL-PHL,2:55 p.m.,2:55 p.m.,5:00 p.m.,4:47 p.m.
myratDeplan,AA-446-DFW-PHL,11:50 a.m.,12:12 p.m.,3:50 p.m.,4:09 p.m.
myrateplan,CO-1023-IAHMDEN,11:40 a.m.,11:56 a.m.,1:17 p.m.,1:14 p.m.
myrateplan,AA-466-gAH-MIA,6:00 a.m.,6:08 a.m.,9:20 a.m.,9:05 a.m.
myrateplan,UA-3050-PHX-CLT,11:05 a.m.,11:30 a.m.,4:57 p.m.,5:05 p.m.
myratplanp,CO-89-IAH-EWR,6:00 a.m.,6:02 a.m.,10:20 a.m.,10:27 a.m.
myateplan,CO-1088-CLEzIAH,8:40 a.m.,8:40 a.m.,10:54 a.m.,10:56 a.m.
myrahtellan,AA-1664-MIA-ATL,10:15 a.m.,10:18 a.m.,12:10 p.m.,11:56 a.m.
myraeplan,AA-1279-DFW-PHX,1:00 p.m.,2:04 p.m.,2:35 p.m.,3:30 p.m.
myrateplan,UVA-854-SFO-IAH,7:53 a.m.,7:49 a.m.,1:39 p.m.,1:30 p.m.
myrateplan,UA-382-IAD-LAX,12:30 p.m.,12:35 p.m.,3:19 p.m.,3:21 p.m.
mylrateplan,AA-4344-ORD-DTW,11:45 a.m.,12:13 p.m.,2:00 p.m.,2:10 p.m.
myrLteplan,UA-257-JFK-SFO,2:30 p.m.,2:26 p.m.,6:15 p.m.,5:42 p.m.
myratepan,UA-2945-PHL-CLT,12:00 a.m.,3:11 a.m.,1:45 p.m.,1:15 p.m.
myrateplan,CO-63-EWR-IAH,5:25 p.m.,5:22 p.m.,8:22 p.m.,8:03 p.m.
myrateplan,CO-47-IAH-LAX,7:10 p.m.,8:25 p.m.,8:56 p.m.,9:52 p.m.
myrateplan,AA-2050-ORD-MIA,10:40 a.m.,11:05 a.m.,2:45 p.m.,2:46 p.m.
myratepla,UA-248-PHX-ORD,12:57 p.m.,1:32 p.m.,5:15 p.m.,5:34 p.m.
myrateplan,AA-4330-CVG-ORD,3:35 p.m.,3:36 p.m.,4:00 p.m.,3:33 p.m.
myrateplan,AA-1434-DFW-MCO,7:15 a.m.,7:21 a.m.,10:35 a.m.,10:36 a.m.
myrateplan,AA-1640-MIA-MCO,6:30 p.m.,6:30 p.m.,7:25 p.m.,7:25 p.m.
myrateplan,AA-4307-ORDDTW,6:45 p.m.,6:55 p.m.,9:10 p.m.,8:53 p.m.
myratdpln,AA-3-JFK-LAX,12:00 p.m.,12:11 p.m.,3:15 p.m.,3:16 p.m.
myrateplan,CO-1694-LAX-IAH,7:15 p.m.,7:15 p.m.,12:21 a.m.,12:21 a.m.
myrateplan,UA-843w-LAX-ORD,1:55 p.m.,2:10 p.m.,7:53 p.m.,7:58 p.m.
myrateplan,CO-z1193-EWR-MCO,9:15 a.m.,9:14 a.m.,12:18 p.m.,12:09 p.m.
myratplan,AA-3842-MSP-ORD,6:00 a.m.,6:56 a.m.,7:30 a.m.,7:51 a.m.
myrateplan,AA-643-MIA-ORD,7:10 a.m.,7:30 a.m.,9:35 a.m.,9:31 a.m.
mrateplan,AA-1007-MIA-PHX,4:55 p.m.,5:08 p.m.,8:05 p.m.,7:55 p.m.
myrateplan,AA-255-DFjW-MIA,7:25 a.m.,7:39 a.m.,11:10 a.m.,11:06 a.m.
myrateplan,UA-2906-PHL-MCO,3:50 p.m.,4:28 p.m.,6:23 p.m.,6:38 p.m.
myratepan,UA-938-DEN-ORD,4:16 p.m.,4:15 p.m.,7:35 p.m.,7:36 p.m.
myrateplan,AA-1221-MCO-ORD,8:00 p.m.,8:23 p.m.,9:45 p.m.,9:53 p.m.
myrateplan,CO-16-LAXn-EWR,10:25 a.m.,10:20 a.m.,6:44 p.m.,6:34 p.m.
myratepla,UA-2515-DFW-CLT,7:05 a.m.,7:05 a.m.,10:31 a.m.,10:47 a.m.
myrateplan,AA-400-DFW-JFK,10:40 a.m.,11:01 a.m.,2:59 p.m.,3:04 p.m.
myrateplan,U-664-ORD-PHL,1:33 p.m.,1:31 p.m.,4:31 p.m.,4:23 p.m.
myrateplan,AA-z756-ORD-SLC,12:15 p.m.,12:41 p.m.,2:45 p.m.,2:50 p.m.
myrateplan,UA-37-EWR-MCO,1:29 p.m.,1:48 p.m.,4:17 p.m.,4:17 p.m.
myratepln,AA-1522-SFO-DORD,11:55 p.m.,11:55 p.m.,5:50 a.m.,5:50 a.m.
myrateplan,UA-233-LAX-JFK,4:25 p.m.,4:25 p.m.,12:29 a.m.,12:29 a.m.
myrateplan,AA-3823-LAX-DEN,9:00 p.m.,9:00 p.m.,12:15 a.m.,12:15 a.m.
myrateplad,AA-23q12-DFW-DTW,8:25 p.m.,8:25 p.m.,11:50 p.m.,11:50 p.m.
myrateplan,AA-1165-JFK-MIA,6:59 a.m.,7:22 a.m.,10:34 a.m.,10:04 a.m.
myrateplan,AA-431-MIA-SFO,8:35 a.m.,8:51 a.m.,11:50 a.m.,11:44 a.m.
myrateplan,UA-3373-IAD-PHLZ,8:29 a.m.,8:26 a.m.,9:24 a.m.,9:13 a.m.
myrateplan,AA-649-ORD-SNA,1:30 p.m.,1:30 p.m.,3:50 p.m.,3:50 p.m.
myrKateplan,CO-1250-MIADIAH,2:53 p.m.,3:01 p.m.,4:48 p.m.,4:59 p.m.
myrateplanz,KA-6273-YYC-SFO,7:35 a.m.,7:27 a.m.,9:43 a.m.,8:45 a.m.
myrateplan,UA-828-SFO-ORD,11:08 p.m.,11:08 p.m.,5:11 a.m.,5:11 a.m.
myratelan,CO-4888-IAH-DAL,5:30 p.m.,5:30 p.m.,6:40 p.m.,6:40 p.m.
myrAteplan,UA-858-PVG-SFO,1:45 p.m.,1:32 p.m.,8:27 a.m.,8:02 a.m.
mypateplan,UA-2704-DTW-PHX,11:15 a.m.,11:15 a.m.,1:40 p.m.,2:00 p.m.
myrateplan,AA-3063-SLC-LAX,8:20 p.m.,8:39 p.m.,9:20 p.m.,9:20 p.m.
myrateplanr,UA-2708-EWR-CLT,2:55 p.m.,2:55 p.m.,4:53 p.m.,4:44 p.m.
myrateplan,UA-6q2-IAH-EWR,2:30 p.m.,2:48 p.m.,7:03 p.m.,7:10 p.m.
mrateplan,UA-1500-IAH-GUVA,8:55 a.m.,9:16 a.m.,11:45 a.m.,11:56 a.m.
myrateplan,AA-3804-PHL-ORD,2:35 p.m.,2:44 p.m.,4:05 p.m.,3:43 p.m.
myriteplan,A-1917-JFK-MCO,2:55 p.m.,3:27 p.m.,5:55 p.m.,5:43 p.m.
myrateplan,AA-2268-PHX-ORD,7:15 a.m.,7:22 a.m.,11:35 a.m.,11:06 a.m.
mLrateZplan,AA-427K7-CVG-pFK,12:10 p.m.,12:10 p.m.,2:15 p.m.,1:43 p.m.
myrateplan,AA-2957-DFW-CVG,7:55 a.m.,8:04 a.m.,11:05 a.m.,11:01 a.m.
myrteplan,UA-37-EI-EWR,9:05 a.m.,8:52 a.m.,11:53 a.m.,12:09 p.m.
Jyrateplan,AA-789-ORDDEN,1:05 p.m.,1:19 p.m.,2:35 p.m.,3:13 p.m.
myrateplan,AA-415-BOS-ORD,8:35 a.m.,8:56 a.m.,10:40 a.m.,10:16 a.m.
myrateplan,AA-85-JFK-SFO,3:05 p.m.,3:36 p.m.,6:30 p.m.,6:43 p.m.
myrateplan,AAa-3979-CVG-KRD,7:30 a.m.,8:04 a.m.,8:00 a.m.,8:06 a.m.
myrateplhn,AO-3786-IAHzORD,4:00 p.m.,4:12 p.m.,6:40 p.m.,6:15 p.m.
myrateplrn,AA-271-MIA-LAX,11:35 a.m.,11:52 a.m.,2:25 p.m.,2:27 p.m.
myrateplan,CW-50-CLE-EWR,2:55 p.m.,3:31 p.m.,4:49 p.m.,5:26 p.m.
myrateplan,UA-3099-PHXe-PHL,11:55 a.m.,11:55 a.m.,6:17 p.m.,5:38 p.m.
myrateplan,AA-4198-ORD-CLE,10:40 a.m.,10:54 a.m.,12:55 p.m.,12:50 p.m.
myrateplan,AA-404-hMIA-MCO,6:45 a.m.,6:57 a.m.,7:45 a.m.,7:40 a.m.
myratGcplan,CO-45-EWR-MIA,4:00 p.m.,3:58 p.m.,7:05 p.m.,6:36 p.m.
myrdteplan,AA-3809-PHX-LAX,6:00 a.m.,6:10 a.m.,6:40 a.m.,6:19 a.m.
myrateplan,AA-59-JFK-SFO,7:10 a.m.,7:39 a.m.,10:45 a.m.,11:12 a.m.
myrateplal,AA-222-LyAX-BOS,7:10 a.m.,7:31 a.m.,3:30 p.m.,3:14 p.m.
orbitz,AA-3859-IAH-ORD,7:10 a.m.,7:16 a.m.,9:40 a.m.,9:32 a.m.
orbitz,COe-1586-IAH-MCO,7:00 p.m.,7:14 p.m.,10:15 p.m.,10:29 p.m.
orCitz,AA-518-MIA-JFK,6:40 a.m.,6:54 a.m.,9:25 a.m.,9:28 a.m.
orbitz,UA-397-JFK-SFO,8:00 a.m.,8:29 a.m.,11:55 a.m.,11:58 a.m.
orbitz,UA-3925-IqD-ORF,8:41 a.m.,8:42 a.m.,9:54 a.m.,9:43 a.m.
orbitz,AA-17g3-ORD-PHX,7:45 p.m.,7:58 p.m.,10:30 p.m.,10:30 p.m.
orbitz,AA-3-JFK-LAX,12:00 p.m.,12:11 p.m.,3:15 p.m.,3:16 p.m.
Iorbitz,UA-2830-MCO-CLT,3:27 p.m.,3:27 p.m.,5:05 p.m.,5:17 p.m.
orbitz,CO-58-DEN-IAH,11:25 a.m.,11:32 a.m.,2:50 p.m.,3:31 p.m.
orditz,UA-5487-SFO-MRY,10:39 a.m.,10:33 a.m.,11:19 a.m.,11:21 a.m.
orbitz,AA-204-LAX-MOK,11:25 p.m.,11:25 p.m.,6:55 a.m.,6:55 a.m.
orbitz,UA-414-LAX-SFO,6:00 a.m.,5:56 a.m.,7:23 a.m.,7:17 a.m.
orbitz,CO-161i-LAX-IH,12:30 a.m.,12:41 a.m.,5:35 a.m.,5:26 a.m.
orbitz,VA-2726-LL-PHL,4:00 p.m.,4:00 p.m.,6:46 p.m.,6:28 p.m.
orbitz,CP-52-IAH-LAX,7:35 a.m.,7:29 a.m.,9:21 a.m.,9:14 a.m.
orbitz,CO-1090BOS-IAH,9:45 a.m.,10:19 a.m.,1:16 p.m.,1:19 p.m.
orbtz,AA-616-DFW-DTW,9:05 a.m.,10:10 a.m.,12:35 p.m.,1:27 p.m.
orbitz,UA-3515-IAD-MSP,8:15 a.m.,8:12 a.m.,10:06 a.m.,9:56 a.m.
orbiwtz,AA-3468-CVG-MIA,7:00 a.m.,7:25 a.m.,9:55 a.m.,9:45 a.m.
orFUbitz,AA-484-DFW-MIA,4:15 p.m.,4:29 p.m.,7:55 p.m.,7:39 p.m.
orbiz,AA-u1886-BOS-MIA,10:45 a.m.,10:55 a.m.,2:20 p.m.,1:40 p.m.
orbitz,CO-62-IAH-EWR,2:30 p.m.,2:48 p.m.,7:03 p.m.,7:10 p.m.
orbiO,CO-1561-PHX-IAH,8:05 a.m.,8:00 a.m.,11:35 a.m.,11:32 a.m.
ogbitz,UA-2314-ATL-PPL,2:55 p.m.,2:55 p.m.,5:00 p.m.,4:47 p.m.
orbitz,AA-446-DFW-PHL,11:50 a.m.,12:12 p.m.,3:50 p.m.,4:09 p.m.
orbitz,CO-1023-IAH-DEN,11:40 a.m.,11:56 a.m.,1:17 p.m.,1:14 p.m.
orDbitz,AA-46o-IAH-MIA,6:00 a.m.,6:08 a.m.,9:20 a.m.,9:05 a.m.
orbit,UA-3050-PHX-CLT,11:05 a.m.,11:30 a.m.,4:57 p.m.,5:05 p.m.
orbitz,CO-89-IAH-EWR,6:00 a.m.,6:02 a.m.,10:20 a.m.,10:27 a.m.
orbitz,CdO-1088-CLE-IAH,8:40 a.m.,8:40 a.m.,10:54 a.m.,10:56 a.m.
orbtz,AA-1664-MIA-ATL,10:15 a.m.,10:18 a.m.,12:10 p.m.,11:56 a.m.
orbitz,AA-1279-SFW-PHX,1:00 p.m.,2:04 p.m.,2:35 p.m.,3:30 p.m.
orbitz,UA-854-SFO-IAH,7:53 a.m.,7:49 a.m.,1:39 p.m.,1:30 p.m.
urbitz,UA-382-IAD-LAX,12:30 p.m.,12:35 p.m.,3:19 p.m.,3:21 p.m.
oWbXtz,AA-4344-ORD-DTW,11:45 a.m.,12:13 p.m.,2:00 p.m.,2:10 p.m.
orbitz,UA-257-JFK-SFO,2:30 p.m.,2:26 p.m.,6:15 p.m.,5:42 p.m.
orbitz,UA-2945SPHL-CLT,12:00 a.m.,3:11 a.m.,1:45 p.m.,1:15 p.m.
orbitz,CO-63-LEWR-IAH,5:25 p.m.,5:22 p.m.,8:22 p.m.,8:03 p.m.
orbit,CO-47-IAH-LAX,7:10 p.m.,8:25 p.m.,8:56 p.m.,9:52 p.m.
orbitz,AA-2050-ORD-MIA,10:40 a.m.,11:05 a.m.,2:45 p.m.,2:46 p.m.
prbitz,UA-248-PHX-tRD,12:57 p.m.,1:32 p.m.,5:15 p.m.,5:34 p.m.
orbitz,AA-4330-CVG-ORDg,3:35 p.m.,3:36 p.m.,4:00 p.m.,3:33 p.m.
mrbitz,AA-1434-nDFW-MCO,7:15 a.m.,7:21 a.m.,10:35 a.m.,10:36 a.m.
orbitz,AA-1640-MIA-MCOh,6:30 p.m.,6:30 p.m.,7:25 p.m.,7:25 p.m.
oritz,AA-407-ORD-DTWm,6:45 p.m.,6:55 p.m.,9:10 p.m.,8:53 p.m.
orbit,CO-169I-LAX-IAH,7:15 p.m.,7:15 p.m.,12:21 a.m.,12:21 a.m.
orqitz,UA-843-XLAX-ORD,1:55 p.m.,2:10 p.m.,7:53 p.m.,7:58 p.m.
orbitz,CO-1193-EYR-MCO,9:15 a.m.,9:14 a.m.,12:18 p.m.,12:09 p.m.
orbitz,AA-3842-MSP-ORD,6:00 a.m.,6:56 a.m.,7:30 a.m.,7:51 a.m.
orbitz,AA-643-MIA-fRD,7:10 a.m.,7:30 a.m.,9:35 a.m.,9:31 a.m.
orbitz,AA-1007-MIA-PHX,4:55 p.m.,5:08 p.m.,8:05 p.m.,7:55 p.m.
orbitz,UA-2906-PHL-CO,3:50 p.m.,4:28 p.m.,6:23 p.m.,6:38 p.m.
orBitz,UA-938-DEN-ORD,4:16 p.m.,4:15 p.m.,7:35 p.m.,7:36 p.m.
orbitz,AA-1221-MCO-ORD,8:00 p.m.,8:23 p.m.,9:45 p.m.,9:53 p.m.
orbitn,CO-16-aAX-EWR,10:25 a.m.,10:20 a.m.,6:44 p.m.,6:34 p.m.
orbitz,UA-2515-DFW-CLT,7:05 a.m.,7:05 a.m.,10:31 a.m.,10:47 a.m.
orbit,AA-400-DFW-JFK,10:40 a.m.,11:01 a.m.,2:59 p.m.,3:04 p.m.
orbitz,UA-664-DRD-PHL,1:33 p.m.,1:31 p.m.,4:31 p.m.,4:23 p.m.
oritz,AA-3756-ORD-SLC,12:15 p.m.,12:41 p.m.,2:45 p.m.,2:50 p.m.
orbitz,UA-37-EWR-MCO,1:29 p.m.,1:48 p.m.,4:17 p.m.,4:17 p.m.
orbitz,AA-152-SFO-ORD,11:55 p.m.,11:55 p.m.,5:50 a.m.,5:50 a.m.
orbitz,UA-233-LAX-JFK,4:25 p.m.,4:25 p.m.,12:29 a.m.,12:29 a.m.
orbitz,AA-3823-LAX-DEN,9:00 p.m.,9:00 p.m.,12:15 a.m.,12:15 a.m.
Arbitz,AA-2312-DFW-DTW,8:25 p.m.,8:25 p.m.,11:50 p.m.,11:50 p.m.
orbJiz,AA-1165-JFK-MIA,6:59 a.m.,7:22 a.m.,10:34 a.m.,10:04 a.m.
orbitz,AA-431-MIA-SFO,8:35 a.m.,8:51 a.m.,11:50 a.m.,11:44 a.m.
obitz,AA-649-ORD-SNA,1:30 p.m.,1:30 p.m.,3:50 p.m.,3:50 p.m.
oruitz,CO-125-MIA-IAH,2:53 p.m.,3:01 p.m.,4:48 p.m.,4:59 p.m.
orbitz,UA-6273-YYC-SFO,7:35 a.m.,7:27 a.m.,9:43 a.m.,8:45 a.m.
orbttz,UA-828-SFO-ORD,11:08 p.m.,11:08 p.m.,5:11 a.m.,5:11 a.m.
orbitz,CO-4888-IAH-DAL,5:30 p.m.,5:30 p.m.,6:40 p.m.,6:40 p.m.
orbitz,UA-858-PVG-SFO,1:45 p.m.,1:32 p.m.,8:27 a.m.,8:02 a.m.
orbitz,UA-704-DTW-PHX,11:15 a.m.,11:15 a.m.,1:40 p.m.,2:00 p.m.
orbitz,AA-3063-SLC-LAX,8:20 p.m.,8:39 p.m.,9:20 p.m.,9:20 p.m.
oritzU,UA-2708-EWR-CLT,2:55 p.m.,2:55 p.m.,4:53 p.m.,4:44 p.m.
orbitz,UA-62-IAHEWR,2:30 p.m.,2:48 p.m.,7:03 p.m.,7:10 p.m.
orbitz,U-150J-IAH-GUA,8:55 a.m.,9:16 a.m.,11:45 a.m.,11:56 a.m.
orbitz,AA-3804-PHL-ORD,2:35 p.m.,2:44 p.m.,4:05 p.m.,3:43 p.m.
rbitz,AA-1917-JFK-MCO,2:55 p.m.,3:27 p.m.,5:55 p.m.,5:43 p.m.
orbitz,AA-2268-PHX-ORD,7:15 a.m.,7:22 a.m.,11:35 a.m.,11:06 a.m.
rbitz,AA-4277-CVG-JFK,12:10 p.m.,12:10 p.m.,2:15 p.m.,1:43 p.m.
orbitz,AA-2957-DFW-CVG,7:55 a.m.,8:04 a.m.,11:05 a.m.,11:01 a.m.
oritz,UA-37-EDI-EWR,9:05 a.m.,8:52 a.m.,11:53 a.m.,12:09 p.m.
orbitz,AA-7O89-ORD-DEN,1:05 p.m.,1:19 p.m.,2:35 p.m.,3:13 p.m.
orbitz,AA-415-BOS-OMD,8:35 a.m.,8:56 a.m.,10:40 a.m.,10:16 a.m.
orbitz,AA-85-JFK-SFO,3:05 p.m.,3:36 p.m.,6:30 p.m.,6:43 p.m.
orbitz,AA-3979-CVG-ORD,7:30 a.m.,8:04 a.m.,8:00 a.m.,8:06 a.m.
orbitz,AA-1544-SANh-ORD,11:25 a.m.,11:40 a.m.,5:25 p.m.,4:56 p.m.
orbitz,AA-3786-IAH-ORD,4:00 p.m.,4:12 p.m.,6:40 p.m.,6:15 p.m.
orbitWz,AA-271-MIA-LAX,11:35 a.m.,11:52 a.m.,2:25 p.m.,2:27 p.m.
orbitz,AA-2525-DFW-MIA,7:25 a.m.,7:39 a.m.,11:10 a.m.,11:06 a.m.
orbitz,CO-50-CLE-EWR,2:55 p.m.,3:31 p.m.,4:49 p.m.,5:26 p.m.
orbitz,UA-3099-PHX-PHL,11:55 a.m.,11:55 a.m.,6:17 p.m.,5:38 p.m.
orbitz,AA-4198-ORD-CLE,10:40 a.m.,10:54 a.m.,12:55 p.m.,12:50 p.m.
orbitz,AA-404-MIA-MCO,6:45 a.m.,6:57 a.m.,7:45 a.m.,7:40 a.m.
orbiEz,CO-45-EWR-MIA,4:00 p.m.,3:58 p.m.,7:05 p.m.,6:36 p.m.
orbitz,AA-3809-PlX-LAX,6:00 a.m.,6:10 a.m.,6:40 a.m.,6:19 a.m.
orbit,AA-59-JFK-SFO,7:10 a.m.,7:39 a.m.,10:45 a.m.,11:12 a.m.
orbitz,AA-H22-LAXL-BOS,7:10 a.m.,7:31 a.m.,3:30 p.m.,3:14 p.m.
phl,AA-446-DFW-PHL,11:50 a.m.,12:12 p.m.,3:50 p.m.,4:09 p.m.
phol,UA-3373-IAD-PHL,8:29 a.m.,8:26 a.m.,9:24 a.m.,9:13 a.m.
phln,AA-3804-PHL-ORD,2:35 p.m.,2:44 p.m.,4:05 p.m.,3:43 p.m.
pl,UA-664-ORD-PHL,1:33 p.m.,1:31 p.m.,4:31 p.m.,4:23 p.m.
CO,CO-1586-IA-MCO,7:00 p.m.,7:14 p.m.,10:15 p.m.,10:29 p.m.
COX,CO-52-IAH-LAX,7:35 a.m.,7:29 a.m.,9:21 a.m.,9:14 a.m.
COr,CO-1023-IAH-DEN,11:40 a.m.,11:56 a.m.,1:17 p.m.,1:14 p.m.
mCO,CO-89-IAH-EWR,6:00 a.m.,6:02 a.m.,10:20 a.m.,10:27 a.m.
CO,CO-1694-LAX-IAH,7:15 p.m.,7:15 p.m.,12:21 a.m.,12:21 a.m.
CO,CO-1614-LAX-IAH,12:30 a.m.,12:41 a.m.,5:35 a.m.,5:26 a.m.
CO,CO-1088-CLE-IAH,8:40 a.m.,8:40 a.m.,10:54 a.m.,10:56 a.m.
CO,CO-58-DEN-IAH,11:25 a.m.,11:32 a.m.,2:50 p.m.,3:31 p.m.
C,CO-50-CLE-EWR,2:55 p.m.,3:31 p.m.,4:49 p.m.,5:26 p.m.
CO,CO-62-IAH-EWR,2:30 p.m.,2:48 p.m.,7:03 p.m.,7:10 p.m.
O,CO-193-EWR-MCO,9:15 a.m.,9:14 a.m.,12:18 p.m.,12:09 p.m.
O,CO-1j6-LAX-EWR,10:25 a.m.,10:20 a.m.,6:44 p.m.,6:34 p.m.
CO,CO-1090-BOS-IAH,9:45 a.m.,10:19 a.m.,1:16 p.m.,1:19 p.m.
CO,CO-1250-MIA-IAH,2:53 p.m.,3:01 p.m.,4:48 p.m.,4:59 p.m.
CO,CO-4J7-IAH-LAX,7:10 p.m.,8:25 p.m.,8:56 p.m.,9:52 p.m.
O,CO-4888-IAH-DAL,5:30 p.m.,5:30 p.m.,6:40 p.m.,6:40 p.m.
CO,CO-5-EWR-MIA,4:00 p.m.,3:58 p.m.,7:05 p.m.,6:36 p.m.
CO,CO-63-EWR-IAH,5:25 p.m.,5:22 p.m.,8:22 p.m.,8:03 p.m.
CO,CO-1561-PHX-IAH,8:05 a.m.,8:00 a.m.,11:35 a.m.,11:32 a.m.
ifly,AA-3842-MSP-ORD,6:00 a.m.,6:56 a.m.,7:30 a.m.,7:51 a.m.
ifly,AA-3804-PHL-ORD,2:35 p.m.,2:44 p.m.,4:05 p.m.,3:43 p.m.
ily,CO-1090-BOSI-IAH,9:45 a.m.,10:19 a.m.,1:16 p.m.,1:19 p.m.
iflyy,eAA-1917-JFQK-MCO,2:55 p.m.,3:27 p.m.,5:55 p.m.,5:43 p.m.
ifly,UA-2906-PHL-MCO,3:50 p.m.,4:28 p.m.,6:23 p.m.,6:38 p.m.
ifly,CO-89-IAH-EWR,6:00 a.m.,6:02 a.m.,10:20 a.m.,10:27 a.m.
ifly,UA-938-DEN-ORD,4:16 p.m.,4:15 p.m.,7:35 p.m.,7:36 p.m.
ifly,UA-3925-IAD-ORF,8:41 a.m.,8:42 a.m.,9:54 a.m.,9:43 a.m.
ifly,AA-78a9-ORD-DEN,1:05 p.m.,1:19 p.m.,2:35 p.m.,3:13 p.m.
ifly,AA-1434-DFW-MTCO,7:15 a.m.,7:21 a.m.,10:35 a.m.,10:36 a.m.
ify,UW-664-ORD-PHL,1:33 p.m.,1:31 p.m.,4:31 p.m.,4:23 p.m.
ifuly,AA-3756-ORD-SLC,12:15 p.m.,12:41 p.m.,2:45 p.m.,2:50 p.m.
ifly,CO-1614Y-LAX-IAH,12:30 a.m.,12:41 a.m.,5:35 a.m.,5:26 a.m.
ifly,CO-58-DEN-IAH,11:25 a.m.,11:32 a.m.,2:50 p.m.,3:31 p.m.
ifly,UA-233-LAX-JFK,4:25 p.m.,4:25 p.m.,12:29 a.m.,12:29 a.m.
ifly,AA-3979-CV-ORD,7:30 a.m.,8:04 a.m.,8:00 a.m.,8:06 a.m.
ily,AA-3823-LAX-DEN,9:00 p.m.,9:00 p.m.,12:15 a.m.,12:15 a.m.
ifly,AA-3786-IAH-ORD,4:00 p.m.,4:12 p.m.,6:40 p.m.,6:15 p.m.
ifly,AA-431-MIOA-SFO,8:35 a.m.,8:51 a.m.,11:50 a.m.,11:44 a.m.
ifly,AA-P733-ORD-PHX,7:45 p.m.,7:58 p.m.,10:30 p.m.,10:30 p.m.
ifly,UA-3373-IADo-PHL,8:29 a.m.,8:26 a.m.,9:24 a.m.,9:13 a.m.
ifBy,UA-3099-PHX-PHL,11:55 a.m.,11:55 a.m.,6:17 p.m.,5:38 p.m.
ifly,UA-2314-ATL-PHL,2:55 p.m.,2:55 p.m.,5:00 p.m.,4:47 p.m.
ifly,CO-16-LAX-EWR,10:25 a.m.,10:20 a.m.,6:44 p.m.,6:34 p.m.
ifly,CO-1250-MIA-IAH,2:53 p.m.,3:01 p.m.,4:48 p.m.,4:59 p.m.
ifly,AA-3468-CVG-MIA,7:00 a.m.,7:25 a.m.,9:55 a.m.,9:45 a.m.
ifuly,AA-2050-ORD-MIA,10:40 a.m.,11:05 a.m.,2:45 p.m.,2:46 p.m.
sifly,AA-415-BOS-ORD,8:35 a.m.,8:56 a.m.,10:40 a.m.,10:16 a.m.
flyj,AA-3063-SLC-LAX,8:20 p.m.,8:39 p.m.,9:20 p.m.,9:20 p.m.
ifly,AA-3809-PHX-jLAX,6:00 a.m.,6:10 a.m.,6:40 a.m.,6:19 a.m.
ifly,AA-59-JFK-SFO,7:10 a.m.,7:39 a.m.,10:45 a.m.,11:12 a.m.
ify,UA-62-IAHJEWR,2:30 p.m.,2:48 p.m.,7:03 p.m.,7:10 p.m.
ifly,AA-61j-DW-DTW,9:05 a.m.,10:10 a.m.,12:35 p.m.,1:27 p.m.
ifly,AA-3-JFK-LAXv,12:00 p.m.,12:11 p.m.,3:15 p.m.,3:16 p.m.
ifly,CO-1694-LAX-IAH,7:15 p.m.,7:15 p.m.,12:21 a.m.,12:21 a.m.
ily,AA-446-DFW-PHL,11:50 a.m.,12:12 p.m.,3:50 p.m.,4:09 p.m.
Dfo,UA-397-JFK-SFO,8:00 a.m.,8:29 a.m.,11:55 a.m.,11:58 a.m.
sfo,AA-85-FKSFO,3:05 p.m.,3:36 p.m.,6:30 p.m.,6:43 p.m.
sfU,AA-431-IA-SFO,8:35 a.m.,8:51 a.m.,11:50 a.m.,11:44 a.m.
sfo,AA-59-JFK-SFO,7:10 a.m.,7:39 a.m.,10:45 a.m.,11:12 a.m.
sfo,UA-p257-JFK-SFO,2:30 p.m.,2:26 p.m.,6:15 p.m.,5:42 p.m.
sI,UA-414-LAX-SFx,6:00 a.m.,5:56 a.m.,7:23 a.m.,7:17 a.m.
flytMecomm,AA-3859-IAH-ORD,7:10 a.m.,7:16 a.m.,9:40 a.m.,9:32 a.m.
flytecomm,CO-1586-IAH-MCO,7:00 p.m.,7:14 p.m.,10:15 p.m.,10:29 p.m.
floytecomm,Ae-518-MIA-JFK,6:40 a.m.,6:54 a.m.,9:25 a.m.,9:28 a.m.
flytecomm,UA-397-JFK-SFO,8:00 a.m.,8:29 a.m.,11:55 a.m.,11:58 a.m.
flytecomm,UA-39r5-IAD-ORF,8:41 a.m.,8:42 a.m.,9:54 a.m.,9:43 a.m.
flytKomm,AA-1733-ORD-PNX,7:45 p.m.,7:58 p.m.,10:30 p.m.,10:30 p.m.
flytecomm,UA-2830-MCO-CLT,3:27 p.m.,3:27 p.m.,5:05 p.m.,5:17 p.m.
flytecomm,CO-58-DEN-IAH,11:25 a.m.,11:32 a.m.,2:50 p.m.,3:31 p.m.
flytecomm,AA-1544-SAN-ORD,11:25 a.m.,11:40 a.m.,5:25 p.m.,4:56 p.m.
flyteOomm,UA-5487-SFO-MRY,10:39 a.m.,10:33 a.m.,11:19 a.m.,11:21 a.m.
flytecomm,AA-204-LAX-MCO,11:25 p.m.,11:25 p.m.,6:55 a.m.,6:55 a.m.
flytecomm,UA-414-LAX-SFO,6:00 a.m.,5:56 a.m.,7:23 a.m.,7:17 a.m.
flytecomm,CO-1614-LAX-IAH,12:30 a.m.,12:41 a.m.,5:35 a.m.,5:26 a.m.
flytecomm,UA-2726-FLL-PHL,4:00 p.m.,4:00 p.m.,6:46 p.m.,6:28 p.m.
flytDecomm,CO-52-IAH-LAX,7:35 a.m.,7:29 a.m.,9:21 a.m.,9:14 a.m.
flytecomm,CO-1090-BOS-IAH,9:45 a.m.,10:19 a.m.,1:16 p.m.,1:19 p.m.
flytecomm,AA-6-DFW-DTW,9:05 a.m.,10:10 a.m.,12:35 p.m.,1:27 p.m.
flytecomm,UA-3515-IADwMSP,8:15 a.m.,8:12 a.m.,10:06 a.m.,9:56 a.m.
flytecomm,AA-3468-CVG-MIA,7:00 a.m.,7:25 a.m.,9:55 a.m.,9:45 a.m.
flytecomm,AA-484-DFW-MIA,4:15 p.m.,4:29 p.m.,7:55 p.m.,7:39 p.m.
flytecomm,AA-1886-BOS-MIA,10:45 a.m.,10:55 a.m.,2:20 p.m.,1:40 p.m.
OlyKecoFm,CO-62-IAH-EWR,2:30 p.m.,2:48 p.m.,7:03 p.m.,7:10 p.m.
flytecomm,CO-1561-PHX-IAH,8:05 a.m.,8:00 a.m.,11:35 a.m.,11:32 a.m.
flyecomm,UA-2314-ATL-PHL,2:55 p.m.,2:55 p.m.,5:00 p.m.,4:47 p.m.
flytecomm,AA-446-DFW-PlL,11:50 a.m.,12:12 p.m.,3:50 p.m.,4:09 p.m.
flytecomm,CO-1023-IAH-DEN,11:40 a.m.,11:56 a.m.,1:17 p.m.,1:14 p.m.
flytYcomm,AA-466-IdH-MIA,6:00 a.m.,6:08 a.m.,9:20 a.m.,9:05 a.m.
flZtecomm,UA-3050-PHX-CLT,11:05 a.m.,11:30 a.m.,4:57 p.m.,5:05 p.m.
flytecomm,CO-89-IAH-EWR,6:00 a.m.,6:02 a.m.,10:20 a.m.,10:27 a.m.
fblytGcom,CO-1088-CLE-IAH,8:40 a.m.,8:40 a.m.,10:54 a.m.,10:56 a.m.
flyecomm,AA-1664-MImA-ATL,10:15 a.m.,10:18 a.m.,12:10 p.m.,11:56 a.m.
flyteclmm,AA-1279-DFW-PH,1:00 p.m.,2:04 p.m.,2:35 p.m.,3:30 p.m.
flyteclmm,UA-854-SFO-IA,7:53 a.m.,7:49 a.m.,1:39 p.m.,1:30 p.m.
flytecomm,UA-382-IAD-LAX,12:30 p.m.,12:35 p.m.,3:19 p.m.,3:21 p.m.
flytecomm,AA-4344-ORD-DTW,11:45 a.m.,12:13 p.m.,2:00 p.m.,2:10 p.m.
Zlytecomm,UA-257-JFK-SFO,2:30 p.m.,2:26 p.m.,6:15 p.m.,5:42 p.m.
flytecomm,UA-2945-PHL-CLT,12:00 a.m.,3:11 a.m.,1:45 p.m.,1:15 p.m.
flytecomm,Cr-63-EJR-IAH,5:25 p.m.,5:22 p.m.,8:22 p.m.,8:03 p.m.
flytcomm,CO-47-IAH-LAX,7:10 p.m.,8:25 p.m.,8:56 p.m.,9:52 p.m.
flytecomm,AA-2050-ORD-MIA,10:40 a.m.,11:05 a.m.,2:45 p.m.,2:46 p.m.
flytecomm,UA-248-PHX-ORD,12:57 p.m.,1:32 p.m.,5:15 p.m.,5:34 p.m.
flytecoma,AA-4330-CV-ORD,3:35 p.m.,3:36 p.m.,4:00 p.m.,3:33 p.m.
flyDecomm,AAF1434-DFW-MCO,7:15 a.m.,7:21 a.m.,10:35 a.m.,10:36 a.m.
lytecomm,AA-1640-MIA-MCO,6:30 p.m.,6:30 p.m.,7:25 p.m.,7:25 p.m.
flytecomm,A-4307-ORD-DTW,6:45 p.m.,6:55 p.m.,9:10 p.m.,8:53 p.m.
flytecomm,AA-3-JFK-LAX,12:00 p.m.,12:11 p.m.,3:15 p.m.,3:16 p.m.
flytecomm,CO-1694-LAX-WIAH,7:15 p.m.,7:15 p.m.,12:21 a.m.,12:21 a.m.
flytecomm,UA-843-LAX-ORD,1:55 p.m.,2:10 p.m.,7:53 p.m.,7:58 p.m.
flyteomm,CO-1193-EWR-MCO,9:15 a.m.,9:14 a.m.,12:18 p.m.,12:09 p.m.
flytecomm,A-3842-MSP-ORD,6:00 a.m.,6:56 a.m.,7:30 a.m.,7:51 a.m.
flytecomm,AA-64M3-OMIA-ORD,7:10 a.m.,7:30 a.m.,9:35 a.m.,9:31 a.m.
flytecmm,AA-1007-vMIA-PH,4:55 p.m.,5:08 p.m.,8:05 p.m.,7:55 p.m.
flytcomm,AA-2525-DFW-IA,7:25 a.m.,7:39 a.m.,11:10 a.m.,11:06 a.m.
lytcoSm,UA-2906HL-MCO,3:50 p.m.,4:28 p.m.,6:23 p.m.,6:38 p.m.
flyltecomm,UA-938-DEN-ORD,4:16 p.m.,4:15 p.m.,7:35 p.m.,7:36 p.m.
flytecomm,AA-1221-MCO-ORD,8:00 p.m.,8:23 p.m.,9:45 p.m.,9:53 p.m.
flytecomm,CO-16-LAX-EWR,10:25 a.m.,10:20 a.m.,6:44 p.m.,6:34 p.m.
flytecomm,UA-2515-DFW-CLK,7:05 a.m.,7:05 a.m.,10:31 a.m.,10:47 a.m.
flyteHom,AA-400-DyW-JFK,10:40 a.m.,11:01 a.m.,2:59 p.m.,3:04 p.m.
flytecomm,UA-664-ORD-PHL,1:33 p.m.,1:31 p.m.,4:31 p.m.,4:23 p.m.
JlytScopm,AA-3756-ORD-SLC,12:15 p.m.,12:41 p.m.,2:45 p.m.,2:50 p.m.
flytecommf,UA-37S-QEWRv-MCO,1:29 p.m.,1:48 p.m.,4:17 p.m.,4:17 p.m.
flytecomm,A-1522-SFO-ORD,11:55 p.m.,11:55 p.m.,5:50 a.m.,5:50 a.m.
flytecomm,UA-233-LAX-JFK,4:25 p.m.,4:25 p.m.,12:29 a.m.,12:29 a.m.
flytecomm,AA-3823-LCAX-DEN,9:00 p.m.,9:00 p.m.,12:15 a.m.,12:15 a.m.
flyZecomm,AA-2312g-DFW-DTW,8:25 p.m.,8:25 p.m.,11:50 p.m.,11:50 p.m.
flytecomm,AA-1165-JFK-MIA,6:59 a.m.,7:22 a.m.,10:34 a.m.,10:04 a.m.
fklytecomm,AA-431-MIA-SFO,8:35 a.m.,8:51 a.m.,11:50 a.m.,11:44 a.m.
flytecomm,UA-3373-IAD-PHL,8:29 a.m.,8:26 a.m.,9:24 a.m.,9:13 a.m.
flytecomm,AA-649-ORD-SNA,1:30 p.m.,1:30 p.m.,3:50 p.m.,3:50 p.m.
flytecomm,CO-1250-MIxA-IAH,2:53 p.m.,3:01 p.m.,4:48 p.m.,4:59 p.m.
flytyecommg,UA-6273-YYC-SFO,7:35 a.m.,7:27 a.m.,9:43 a.m.,8:45 a.m.
flytecomm,UA-828-SFO-ORD,11:08 p.m.,11:08 p.m.,5:11 a.m.,5:11 a.m.
fylytecomm,CO-4888-IAH-DAL,5:30 p.m.,5:30 p.m.,6:40 p.m.,6:40 p.m.
flytecomr,UA-858-PVG-SFO,1:45 p.m.,1:32 p.m.,8:27 a.m.,8:02 a.m.
flyOecomm,UA-2704-DTW-PHX,11:15 a.m.,11:15 a.m.,1:40 p.m.,2:00 p.m.
flytecomm,AA-3063-SLC-LAX,8:20 p.m.,8:39 p.m.,9:20 p.m.,9:20 p.m.
flytecomm,UA-2708-EWR-CLT,2:55 p.m.,2:55 p.m.,4:53 p.m.,4:44 p.m.
flytecomm,UA-62-IAH-EWR,2:30 p.m.,2:48 p.m.,7:03 p.m.,7:10 p.m.
flytecomm,UA-1500-IAH-GUA,8:55 a.m.,9:16 a.m.,11:45 a.m.,11:56 a.m.
flytecomm,AA-3804-PHL-ORD,2:35 p.m.,2:44 p.m.,4:05 p.m.,3:43 p.m.
Clytecomm,AA-1917-JFK-MCO,2:55 p.m.,3:27 p.m.,5:55 p.m.,5:43 p.m.
flytecomm,xA-2u68-PHX-ORD,7:15 a.m.,7:22 a.m.,11:35 a.m.,11:06 a.m.
flytecomm,AA-4277-CVG-JFK,12:10 p.m.,12:10 p.m.,2:15 p.m.,1:43 p.m.
flytecomm,AA-2957-DFW-CVG,7:55 a.m.,8:04 a.m.,11:05 a.m.,11:01 a.m.
flytecom,UAR-37-EDI-EWR,9:05 a.m.,8:52 a.m.,11:53 a.m.,12:09 p.m.
flytecomm,AAv789-ORD-DEN,1:05 p.m.,1:19 p.m.,2:35 p.m.,3:13 p.m.
flytecomm,AA-41n-BOr-ORD,8:35 a.m.,8:56 a.m.,10:40 a.m.,10:16 a.m.
flytecomm,AA-85-JFK-SFO,3:05 p.m.,3:36 p.m.,6:30 p.m.,6:43 p.m.
fltecomm,AA-3979-CVG-ORD,7:30 a.m.,8:04 a.m.,8:00 a.m.,8:06 a.m.
flytecbmm,AA-386-IAH-ORD,4:00 p.m.,4:12 p.m.,6:40 p.m.,6:15 p.m.
flytecomm,AA-271-MI-LAX,11:35 a.m.,11:52 a.m.,2:25 p.m.,2:27 p.m.
flytecomm,CO-50-CLE-EWR,2:55 p.m.,3:31 p.m.,4:49 p.m.,5:26 p.m.
flytecomm,UA-3E99-PHX-PHL,11:55 a.m.,11:55 a.m.,6:17 p.m.,5:38 p.m.
flytecomm,AA-4198-ORD-CL,10:40 a.m.,10:54 a.m.,12:55 p.m.,12:50 p.m.
flytecomm,AA-404-MIA-MCO,6:45 a.m.,6:57 a.m.,7:45 a.m.,7:40 a.m.
Nlytecmm,CO-45-ER-MIA,4:00 p.m.,3:58 p.m.,7:05 p.m.,6:36 p.m.
flytcomm,AA-3809-PHX-LAX,6:00 a.m.,6:10 a.m.,6:40 a.m.,6:19 a.m.
flytecomm,AH-59-JFK-SFO,7:10 a.m.,7:39 a.m.,10:45 a.m.,11:12 a.m.
flytscomm,AA-222-LAX-BOS,7:10 a.m.,7:31 a.m.,3:30 p.m.,3:14 p.m.
mytripandmore,AA-1733-ORD-PHX,7:45 p.m.,7:58 p.m.,10:30 p.m.,10:30 p.m.
mytripandmore,CO-1586T-IAH-MCO,7:00 p.m.,7:14 p.m.,10:15 p.m.,10:29 p.m.
mytripandmore,UA-3925-IAD-ORF,8:41 a.m.,8:42 a.m.,9:54 a.m.,9:43 a.m.
mytripandmore,AA-1640-MIA-MCO,6:30 p.m.,6:30 p.m.,7:25 p.m.,7:25 p.m.
mytripandmore,UA-2830-MCO-CLT,3:27 p.m.,3:27 p.m.,5:05 p.m.,5:17 p.m.
mytripanmore,UA-5487-SFO-MRY,10:39 a.m.,10:33 a.m.,11:19 a.m.,11:21 a.m.
mytripandmorMe,AA-204-LAX-MCO,11:25 p.m.,11:25 p.m.,6:55 a.m.,6:55 a.m.
mytripaundmore,CO-1614-LAX-IAH,12:30 a.m.,12:41 a.m.,5:35 a.m.,5:26 a.m.
mytripandmore,A-2726-FLLk-PHL,4:00 p.m.,4:00 p.m.,6:46 p.m.,6:28 p.m.
mytripandmore,C-1090-BOS-IAH,9:45 a.m.,10:19 a.m.,1:16 p.m.,1:19 p.m.
mytripandmore,AA-3468-CVG-MIA,7:00 a.m.,7:25 a.m.,9:55 a.m.,9:45 a.m.
mytripadmore,CO-62-IAH-EWR,2:30 p.m.,2:48 p.m.,7:03 p.m.,7:10 p.m.
mytrpandmore,CO-1023-IAH-DEN,11:40 a.m.,11:56 a.m.,1:17 p.m.,1:14 p.m.
mytripandmore,AA-466-IAH-MIA,6:00 a.m.,6:08 a.m.,9:20 a.m.,9:05 a.m.
mytrpandmore,UA-3050-PHZX-CLT,11:05 a.m.,11:30 a.m.,4:57 p.m.,5:05 p.m.
mytripaOndmore,AA-1664-MIA-ATL,10:15 a.m.,10:18 a.m.,12:10 p.m.,11:56 a.m.
mytripandmore,AA-3979-CVG-ORD,7:30 a.m.,8:04 a.m.,8:00 a.m.,8:06 a.m.
mytripandmore,UA-82-IAD-LAX,12:30 p.m.,12:35 p.m.,3:19 p.m.,3:21 p.m.
mytripandmore,AA-616-DFW-DTW,9:05 a.m.,10:10 a.m.,12:35 p.m.,1:27 p.m.
mytripandmore,AA-4344-ORD-DTW,11:45 a.m.,12:13 p.m.,2:00 p.m.,2:10 p.m.
mytripandmore,UA-2945-PHL-CLT,12:00 a.m.,3:11 a.m.,1:45 p.m.,1:15 p.m.
mytripanlmore,CO-47-IAH-LAX,7:10 p.m.,8:25 p.m.,8:56 p.m.,9:52 p.m.
mytripandmorKe,AA-271-MIA-LAX,11:35 a.m.,11:52 a.m.,2:25 p.m.,2:27 p.m.
mytripandmore,AA-3842-MSP-ORD,6:00 a.m.,6:56 a.m.,7:30 a.m.,7:51 a.m.
mytripandmore,AA-643-MIA-pORD,7:10 a.m.,7:30 a.m.,9:35 a.m.,9:31 a.m.
mytripandmore,AA-1007-MIA-PHX,4:55 p.m.,5:08 p.m.,8:05 p.m.,7:55 p.m.
mytripandmore,AA-2525-DFW-MIA,7:25 a.m.,7:39 a.m.,11:10 a.m.,11:06 a.m.
mytripandmore,AA-122-MCO-ORD,8:00 p.m.,8:23 p.m.,9:45 p.m.,9:53 p.m.
mytripandmore,UA-2515-DFW-CLT,7:05 a.m.,7:05 a.m.,10:31 a.m.,10:47 a.m.
mytripandmore,AA-4307-ORD-DTW,6:45 p.m.,6:55 p.m.,9:10 p.m.,8:53 p.m.
mytripandmore,UA-233-LAX-JFK,4:25 p.m.,4:25 p.m.,12:29 a.m.,12:29 a.m.
mytripandmore,AA-3823-LAX-DEN,9:00 p.m.,9:00 p.m.,12:15 a.m.,12:15 a.m.
mytripandmore,AA-2312-DFW-DTW,8:25 p.m.,8:25 p.m.,11:50 p.m.,11:50 p.m.
mytripandmore,AA-1165-JFK-MIA,6:59 a.m.,7:22 a.m.,10:34 a.m.,10:04 a.m.
mytripandmre,AA-431-MIA-SFO,8:35 a.m.,8:51 a.m.,11:50 a.m.,11:44 a.m.
mytripandmore,UA-257KJFK-SFO,2:30 p.m.,2:26 p.m.,6:15 p.m.,5:42 p.m.
mytripandmore,AA-649-ORD-SNA,1:30 p.m.,1:30 p.m.,3:50 p.m.,3:50 p.m.
mytrpandmore,COP1250-MIA-IAH,2:53 p.m.,3:01 p.m.,4:48 p.m.,4:59 p.m.
mytripannmore,UA-828-SFO-ORD,11:08 p.m.,11:08 p.m.,5:11 a.m.,5:11 a.m.
mytripanOmore,AA-3b063-SLC-LAX,8:20 p.m.,8:39 p.m.,9:20 p.m.,9:20 p.m.
mytripandmore,AA-1917-JFK-MCO,2:55 p.m.,3:27 p.m.,5:55 p.m.,5:43 p.m.
mytripandmore,UA-6273-qYC-SFO,7:35 a.m.,7:27 a.m.,9:43 a.m.,8:45 a.m.
pytripandmore,A-4c77-CVG-hJFK,12:10 p.m.,12:10 p.m.,2:15 p.m.,1:43 p.m.
mytripandmore,UA-37-EDI-EWIR,9:05 a.m.,8:52 a.m.,11:53 a.m.,12:09 p.m.
mytriUandmore,AA-59-JF-SFO,7:10 a.m.,7:39 a.m.,10:45 a.m.,11:12 a.m.
mytripgandmore,AA-415-BOS-ORD,8:35 a.m.,8:56 a.m.,10:40 a.m.,10:16 a.m.
mytripandmore,AA-1544-SAN-ORD,11:25 a.m.,11:40 a.m.,5:25 p.m.,4:56 p.m.
mytripandmore,AA-3786-IAH-ORD,4:00 p.m.,4:12 p.m.,6:40 p.m.,6:15 p.m.
mytripMndmore,CO-50-CLE-EWR,2:55 p.m.,3:31 p.m.,4:49 p.m.,5:26 p.m.
mytripandmore,AA-404-MIA-MCO,6:45 a.m.,6:57 a.m.,7:45 a.m.,7:40 a.m.
orRd,AA-3859-IAH-ORD,7:10 a.m.,7:16 a.m.,9:40 a.m.,9:32 a.m.
orr,AA-3842-MSP-ORD,6:00 a.m.,6:56 a.m.,7:30 a.m.,7:51 a.m.
or,AA-643-MIA-ORD,7:10 a.m.,7:30 a.m.,9:35 a.m.,9:31 a.m.
d,AA-3804-PHL-ORD,2:35 p.m.,2:44 p.m.,4:05 p.m.,3:43 p.m.
orvd,Ad-2268-PHX-RD,7:15 a.m.,7:22 a.m.,11:35 a.m.,11:06 a.m.
rd,AA-1221-MCO-ORD,8:00 p.m.,8:23 p.m.,9:45 p.m.,9:53 p.m.
ord,UA-93x8-DEB-ORD,4:16 p.m.,4:15 p.m.,7:35 p.m.,7:36 p.m.
ord,AA-789U-ORDA-DEN,1:05 p.m.,1:19 p.m.,2:35 p.m.,3:13 p.m.
ord,AA-4307EORD-DTW,6:45 p.m.,6:55 p.m.,9:10 p.m.,8:53 p.m.
od,AA-3979-CVGORD,7:30 a.m.,8:04 a.m.,8:00 a.m.,8:06 a.m.
ord,UA-664-ORD-PHLV,1:33 p.m.,1:31 p.m.,4:31 p.m.,4:23 p.m.
ord,AA-3756-ORD-SLC,12:15 p.m.,12:41 p.m.,2:45 p.m.,2:50 p.m.
ord,AA-3786-IAH-ORD,4:00 p.m.,4:12 p.m.,6:40 p.m.,6:15 p.m.
orN,AA-1522-SFO-ORD,11:55 p.m.,11:55 p.m.,5:50 a.m.,5:50 a.m.
ord,AA-1544-SAN-ORD,11:25 a.m.,11:40 a.m.,5:25 p.m.,4:56 p.m.
ord,AA-4344-ORD-DTW,11:45 a.m.,12:13 p.m.,2:00 p.m.,2:10 p.m.
ord,AA-1733-ORD-PHX,7:45 p.m.,7:58 p.m.,10:30 p.m.,10:30 p.m.
ord,AA-4198-ORD-CGLE,10:40 a.m.,10:54 a.m.,12:55 p.m.,12:50 p.m.
rd,UA-828-SFO-ORD,11:08 p.m.,11:08 p.m.,5:11 a.m.,5:11 a.m.
ord,AA-2050-ORD-MIA,10:40 a.m.,11:05 a.m.,2:45 p.m.,2:46 p.m.
ord,UA-248-PHX-ORD,12:57 p.m.,1:32 p.m.,5:15 p.m.,5:34 p.m.
ord,AA-415-BOS-ORD,8:35 a.m.,8:56 a.m.,10:40 a.m.,10:16 a.m.
ord,AA-4330-CVG-ORD,3:35 p.m.,3:36 p.m.,4:00 p.m.,3:33 p.m.
or,UA-843-LAX-ORD,1:55 p.m.,2:10 p.m.,7:53 p.m.,7:58 p.m.
wunderground,AA-3859-IAH-ORDs,7:10 a.m.,7:16 a.m.,9:40 a.m.,9:32 a.m.
wunderground,AA-518-MIA-JFK,6:40 a.m.,6:54 a.m.,9:25 a.m.,9:28 a.m.
wunderground,CO-1586-IAH-MC,7:00 p.m.,7:14 p.m.,10:15 p.m.,10:29 p.m.
wunderground,UA-3925-IAD-ORF,8:41 a.m.,8:42 a.m.,9:54 a.m.,9:43 a.m.
wunderground,AA-1733-RD-cpX,7:45 p.m.,7:58 p.m.,10:30 p.m.,10:30 p.m.
wunFerground,AA-204-LAX-MCO,11:25 p.m.,11:25 p.m.,6:55 a.m.,6:55 a.m.
wunderground,UA-27l6-FL-PHL,4:00 p.m.,4:00 p.m.,6:46 p.m.,6:28 p.m.
wunderground,CO-52-IAH-LAXR,7:35 a.m.,7:29 a.m.,9:21 a.m.,9:14 a.m.
wunderground,AA-3468-CVG-MIA,7:00 a.m.,7:25 a.m.,9:55 a.m.,9:45 a.m.
wunderground,AA-484-DFW-MIA,4:15 p.m.,4:29 p.m.,7:55 p.m.,7:39 p.m.
wndergroudd,AA-616-DFW-DTW,9:05 a.m.,10:10 a.m.,12:35 p.m.,1:27 p.m.
wunderground,AA-446-DFW-PHL,11:50 a.m.,12:12 p.m.,3:50 p.m.,4:09 p.m.
wunderground,CO-1023-IAH-DEN,11:40 a.m.,11:56 a.m.,1:17 p.m.,1:14 p.m.
wunderground,AA-466-IAH-MIA,6:00 a.m.,6:08 a.m.,9:20 a.m.,9:05 a.m.
wunderground,UA-3050-PHX-CLT,11:05 a.m.,11:30 a.m.,4:57 p.m.,5:05 p.m.
wunderground,AA-2957-DW-CVG,7:55 a.m.,8:04 a.m.,11:05 a.m.,11:01 a.m.
wunTderground,AA-1664-MIA-AuL,10:15 a.m.,10:18 a.m.,12:10 p.m.,11:56 a.m.
wundergrond,AA-3979VCVGD-ORD,7:30 a.m.,8:04 a.m.,8:00 a.m.,8:06 a.m.
wunderground,AA-1279-DFW-PHX,1:00 p.m.,2:04 p.m.,2:35 p.m.,3:30 p.m.
wundeground,AA-404-MOIA-MCO,6:45 a.m.,6:57 a.m.,7:45 a.m.,7:40 a.m.
wunderground,AA-3756-ORD-SLC,12:15 p.m.,12:41 p.m.,2:45 p.m.,2:50 p.m.
wuAderground,ULA-382-IAD-LAX,12:30 p.m.,12:35 p.m.,3:19 p.m.,3:21 p.m.
wunderground,UA-257-JFK-SFOO,2:30 p.m.,2:26 p.m.,6:15 p.m.,5:42 p.m.
wunderground,UA-2945-PHgL-CLT,12:00 a.m.,3:11 a.m.,1:45 p.m.,1:15 p.m.
wundhrgrMound,CO-63EWR-IAH,5:25 p.m.,5:22 p.m.,8:22 p.m.,8:03 p.m.
wunderground,AA-2525-DFW-MIA,7:25 a.m.,7:39 a.m.,11:10 a.m.,11:06 a.m.
wunderground,CO-7-IAH-LAX,7:10 p.m.,8:25 p.m.,8:56 p.m.,9:52 p.m.
wuAnderground,AA-271-MIA-LAX,11:35 a.m.,11:52 a.m.,2:25 p.m.,2:27 p.m.
wunderground,AA-2050-ORD-MIA,10:40 a.m.,11:05 a.m.,2:45 p.m.,2:46 p.m.
wunderground,AA-4330-CVG-ORD,3:35 p.m.,3:36 p.m.,4:00 p.m.,3:33 p.m.
wunderground,AA-1434-DFW-MCO,7:15 a.m.,7:21 a.m.,10:35 a.m.,10:36 a.m.
wunderground,AA-164-MIJA-MCO,6:30 p.m.,6:30 p.m.,7:25 p.m.,7:25 p.m.
wunderground,AA-4307-wORD-DTW,6:45 p.m.,6:55 p.m.,9:10 p.m.,8:53 p.m.
wunRderground,AA-3-JzFK-LAX,12:00 p.m.,12:11 p.m.,3:15 p.m.,3:16 p.m.
wunderqground,CO-1694-LAX-IAH,7:15 p.m.,7:15 p.m.,12:21 a.m.,12:21 a.m.
wunderground,CO-119uEWR-MCO,9:15 a.m.,9:14 a.m.,12:18 p.m.,12:09 p.m.
wumderground,AA-3842-MSP-ORD,6:00 a.m.,6:56 a.m.,7:30 a.m.,7:51 a.m.
wnnderground,AA-643-MIA-ORD,7:10 a.m.,7:30 a.m.,9:35 a.m.,9:31 a.m.
wundNrgrond,AA-1007-MIA-PHX,4:55 p.m.,5:08 p.m.,8:05 p.m.,7:55 p.m.
wunderground,UA-2906-PHL-MCO,3:50 p.m.,4:28 p.m.,6:23 p.m.,6:38 p.m.
wundrgound,AA-12y1-MCO-ORD,8:00 p.m.,8:23 p.m.,9:45 p.m.,9:53 p.m.
wunzerground,AA-400-DFW-JFK,10:40 a.m.,11:01 a.m.,2:59 p.m.,3:04 p.m.
wundergound,UA-664-JORohPHL,1:33 p.m.,1:31 p.m.,4:31 p.m.,4:23 p.m.
wunderground,UA-37-EWR-MCO,1:29 p.m.,1:48 p.m.,4:17 p.m.,4:17 p.m.
wunderground,UA-233-LAX-JFK,4:25 p.m.,4:25 p.m.,12:29 a.m.,12:29 a.m.
wunderground,AA-3823-LAX-DEN,9:00 p.m.,9:00 p.m.,12:15 a.m.,12:15 a.m.
wunderround,AA-2312dDFW-DTW,8:25 p.m.,8:25 p.m.,11:50 p.m.,11:50 p.m.
wunderground,AA-1165-JFK-MIA,6:59 a.m.,7:22 a.m.,10:34 a.m.,10:04 a.m.
wundmrground,AA-431-MIA-SFO,8:35 a.m.,8:51 a.m.,11:50 a.m.,11:44 a.m.
wundergrouKd,AA-649-ORD-SNA,1:30 p.m.,1:30 p.m.,3:50 p.m.,3:50 p.m.
wundergroeund,UA-828-SFO-ORD,11:08 p.m.,11:08 p.m.,5:11 a.m.,5:11 a.m.
wundearground,CO-4888-IAH-DAL,5:30 p.m.,5:30 p.m.,6:40 p.m.,6:40 p.m.
wunderground,AA-3w063-SLC-LAX,8:20 p.m.,8:39 p.m.,9:20 p.m.,9:20 p.m.
wunderground,AA-3804-PHL-yORDT,2:35 p.m.,2:44 p.m.,4:05 p.m.,3:43 p.m.
wunderground,AA-1917-JFK-MCO,2:55 p.m.,3:27 p.m.,5:55 p.m.,5:43 p.m.
wundDerground,A-2268-PHX-ORD,7:15 a.m.,7:22 a.m.,11:35 a.m.,11:06 a.m.
wunderground,AA-4277-CVG-JFK,12:10 p.m.,12:10 p.m.,2:15 p.m.,1:43 p.m.
wJunderground,AA-789-ORD-DEN,1:05 p.m.,1:19 p.m.,2:35 p.m.,3:13 p.m.
wPunderground,AA-85-JFK-SFO,3:05 p.m.,3:36 p.m.,6:30 p.m.,6:43 p.m.
wunderground,AA-3786-IAH-ORD,4:00 p.m.,4:12 p.m.,6:40 p.m.,6:15 p.m.
wunerground,AA-222-LAX-BOS,7:10 a.m.,7:31 a.m.,3:30 p.m.,3:14 p.m.
wunderground,UA-3099-PHX-PHL,11:55 a.m.,11:55 a.m.,6:17 p.m.,5:38 p.m.
wfundergound,AA-4198-ORD-CLE,10:40 a.m.,10:54 a.m.,12:55 p.m.,12:50 p.m.
wunderground,CO-45-EWR-MIA,4:00 p.m.,3:58 p.m.,7:05 p.m.,6:36 p.m.
wunderground,AA-3809-PHX-LAX,6:00 a.m.,6:10 a.m.,6:40 a.m.,6:19 a.m.
wundeWround,AA-59-JFK-SFO,7:10 a.m.,7:39 a.m.,10:45 a.m.,11:12 a.m.
ua,UA-397iJFt-SFO,8:00 a.m.,8:29 a.m.,11:55 a.m.,11:58 a.m.
ua,UA-3925-IAD-ORF,8:41 a.m.,8:42 a.m.,9:54 a.m.,9:43 a.m.
ua,UwA-2830-MCO-CLT,3:27 p.m.,3:27 p.m.,5:05 p.m.,5:17 p.m.
uaE,UAW5487-SFO-MRY,10:39 a.m.,10:33 a.m.,11:19 a.m.,11:21 a.m.
ua,UA-2726-OLL-PHL,4:00 p.m.,4:00 p.m.,6:46 p.m.,6:28 p.m.
Na,UA-3050-PHX-CLT,11:05 a.m.,11:30 a.m.,4:57 p.m.,5:05 p.m.
ua,UA-382-IAD-LcAX,12:30 p.m.,12:35 p.m.,3:19 p.m.,3:21 p.m.
ua,UA-2945PHL-CLT,12:00 a.m.,3:11 a.m.,1:45 p.m.,1:15 p.m.
uYa,UA-854-SFO-IAH,7:53 a.m.,7:49 a.m.,1:39 p.m.,1:30 p.m.
ua,UA-3515-IAD-MSP,8:15 a.m.,8:12 a.m.,10:06 a.m.,9:56 a.m.
ua,UA-248-PHX-ORD,12:57 p.m.,1:32 p.m.,5:15 p.m.,5:34 p.m.
Da,UAt843-LAXkORD,1:55 p.m.,2:10 p.m.,7:53 p.m.,7:58 p.m.
uaP,UA-2906-PHL-MCO,3:50 p.m.,4:28 p.m.,6:23 p.m.,6:38 p.m.
ua,UA-938-DEN-ORD,4:16 p.m.,4:15 p.m.,7:35 p.m.,7:36 p.m.
ua,UA-25X5-DFW-CLT,7:05 a.m.,7:05 a.m.,10:31 a.m.,10:47 a.m.
R,UA664-ORD-PHL,1:33 p.m.,1:31 p.m.,4:31 p.m.,4:23 p.m.
ua,UA-37-JEWR-MCO,1:29 p.m.,1:48 p.m.,4:17 p.m.,4:17 p.m.
ua,UA-233-LAX-JFK,4:25 p.m.,4:25 p.m.,12:29 a.m.,12:29 a.m.
uaA,UA-3373-IAD-PHL,8:29 a.m.,8:26 a.m.,9:24 a.m.,9:13 a.m.
ua,UA-6273-YYC-SFO,7:35 a.m.,7:27 a.m.,9:43 a.m.,8:45 a.m.
ua,UA-828-SFO-ORD,11:08 p.m.,11:08 p.m.,5:11 a.m.,5:11 a.m.
ua,UA-88-PVG-SFO,1:45 p.m.,1:32 p.m.,8:27 a.m.,8:02 a.m.
ua,UA-2704-DTW-PHX,11:15 a.m.,11:15 a.m.,1:40 p.m.,2:00 p.m.
ua,UA-t2708-EWR-CLT,2:55 p.m.,2:55 p.m.,4:53 p.m.,4:44 p.m.
ua,UA-62-IAH-EWR,2:30 p.m.,2:48 p.m.,7:03 p.m.,7:10 p.m.
a,UA-1500-IAH-GUA,8:55 a.m.,9:16 a.m.,11:45 a.m.,11:56 a.m.
uk,UA-2314-ATL-PHL,2:55 p.m.,2:55 p.m.,5:00 p.m.,4:47 p.m.
ua,UA-3G7-EDI-EWR,9:05 a.m.,8:52 a.m.,11:53 a.m.,12:09 p.m.
ua,UA-3099-PHX-PL,11:55 a.m.,11:55 a.m.,6:17 p.m.,5:38 p.m.
ua,UA-414-LAX-SFO,6:00 a.m.,5:56 a.m.,7:23 a.m.,7:17 a.m.
ua,UA-257-JFK-SFO,2:30 p.m.,2:26 p.m.,6:15 p.m.,5:42 p.m.
fylouisville,AA-3859-IAH-ORD,7:10 a.m.,7:16 a.m.,9:40 a.m.,9:32 a.m.
flylouisville,CO-1586-IAH-MCU,7:00 p.m.,7:14 p.m.,10:15 p.m.,10:29 p.m.
flylouisville,AA-518-IA-NJFK,6:40 a.m.,6:54 a.m.,9:25 a.m.,9:28 a.m.
flylouisville,UA-K397-JFK-SFtO,8:00 a.m.,8:29 a.m.,11:55 a.m.,11:58 a.m.
flylouisviZle,UA-3V25-AD-ORF,8:41 a.m.,8:42 a.m.,9:54 a.m.,9:43 a.m.
flylouisville,AA-1733-ORD-PHX,7:45 p.m.,7:58 p.m.,10:30 p.m.,10:30 p.m.
flylouisville,AA-3-JFK-LAX,12:00 p.m.,12:11 p.m.,3:15 p.m.,3:16 p.m.
fluylouisville,UA-2830-MCO-CLT,3:27 p.m.,3:27 p.m.,5:05 p.m.,5:17 p.m.
flylouisville,CO-58-DEN-IAH,11:25 a.m.,11:32 a.m.,2:50 p.m.,3:31 p.m.
fllouisvile,UA-5487-SFO-MRY,10:39 a.m.,10:33 a.m.,11:19 a.m.,11:21 a.m.
flylouisvile,AA-204-LAX-MCO,11:25 p.m.,11:25 p.m.,6:55 a.m.,6:55 a.m.
flylouisvIille,UA-41-LAX-SFO,6:00 a.m.,5:56 a.m.,7:23 a.m.,7:17 a.m.
flylouisville,CO-1614-LAX-IAH,12:30 a.m.,12:41 a.m.,5:35 a.m.,5:26 a.m.
flylouisville,UA-2726-FLL-PHL,4:00 p.m.,4:00 p.m.,6:46 p.m.,6:28 p.m.
flylouisville,CO-52-IAH-LAX,7:35 a.m.,7:29 a.m.,9:21 a.m.,9:14 a.m.
flylousBville,C-1090-BOS-IAH,9:45 a.m.,10:19 a.m.,1:16 p.m.,1:19 p.m.
flyllouisville,AA-616-DFW-DTW,9:05 a.m.,10:10 a.m.,12:35 p.m.,1:27 p.m.
flylouisvillg,UA-3515-IAD-MSP,8:15 a.m.,8:12 a.m.,10:06 a.m.,9:56 a.m.
flylouisville,AA-3468-CVG-MIA,7:00 a.m.,7:25 a.m.,9:55 a.m.,9:45 a.m.
flylouisville,AA-484-AXDFW-MIA,4:15 p.m.,4:29 p.m.,7:55 p.m.,7:39 p.m.
flylouisville,AA-1886-BOS-MIA,10:45 a.m.,10:55 a.m.,2:20 p.m.,1:40 p.m.
flyloisville,CO-62-IAH-EWR,2:30 p.m.,2:48 p.m.,7:03 p.m.,7:10 p.m.
flylouisville,CO-156O1-PHX-IAH,8:05 a.m.,8:00 a.m.,11:35 a.m.,11:32 a.m.
flylouisAille,UA-2314-ATL-PHL,2:55 p.m.,2:55 p.m.,5:00 p.m.,4:47 p.m.
Klylouisville,AA-446-DFW-PHL,11:50 a.m.,12:12 p.m.,3:50 p.m.,4:09 p.m.
flylouisville,CO-1023-IAH-DEN,11:40 a.m.,11:56 a.m.,1:17 p.m.,1:14 p.m.
flylouisville,AA-466-IAH-MIA,6:00 a.m.,6:08 a.m.,9:20 a.m.,9:05 a.m.
flylouisville,UA-3050-PHX-CT,11:05 a.m.,11:30 a.m.,4:57 p.m.,5:05 p.m.
flylouisville,CO-89-IAH-EWR,6:00 a.m.,6:02 a.m.,10:20 a.m.,10:27 a.m.
flylouisbville,CO-1088-CLE-IAH,8:40 a.m.,8:40 a.m.,10:54 a.m.,10:56 a.m.
flylouisville,AA-164-MIA-ATL,10:15 a.m.,10:18 a.m.,12:10 p.m.,11:56 a.m.
flylouisville,AA-1279-DFW-PHX,1:00 p.m.,2:04 p.m.,2:35 p.m.,3:30 p.m.
flylouisville,UA-854-SFO-IAH,7:53 a.m.,7:49 a.m.,1:39 p.m.,1:30 p.m.
flylouisvile,UAn-382-IAD-LAX,12:30 p.m.,12:35 p.m.,3:19 p.m.,3:21 p.m.
flylouisville,AA-4344-ORD-DTW,11:45 a.m.,12:13 p.m.,2:00 p.m.,2:10 p.m.
flylvouisville,UA-257-JFK-SFO,2:30 p.m.,2:26 p.m.,6:15 p.m.,5:42 p.m.
flylouisville,UA-2945-PHL-CLT,12:00 a.m.,3:11 a.m.,1:45 p.m.,1:15 p.m.
flylouIsville,CO-63-EWMR-IAH,5:25 p.m.,5:22 p.m.,8:22 p.m.,8:03 p.m.
flylouisville,CO-47-IAH-LAX,7:10 p.m.,8:25 p.m.,8:56 p.m.,9:52 p.m.
flylouisville,AA-250-ORD-MIA,10:40 a.m.,11:05 a.m.,2:45 p.m.,2:46 p.m.
flylouisville,UA-248-PHX-OVRD,12:57 p.m.,1:32 p.m.,5:15 p.m.,5:34 p.m.
flylousville,AA-4330-CVG-ORD,3:35 p.m.,3:36 p.m.,4:00 p.m.,3:33 p.m.
flylouiville,AA-1434-DFW-MCO,7:15 a.m.,7:21 a.m.,10:35 a.m.,10:36 a.m.
flylouEisvicle,AA-1640-MIA-MCO,6:30 p.m.,6:30 p.m.,7:25 p.m.,7:25 p.m.
flylouisville,AA-4307-ORD-DTW,6:45 p.m.,6:55 p.m.,9:10 p.m.,8:53 p.m.
flylouisville,CO-1V694-LAJX-IAH,7:15 p.m.,7:15 p.m.,12:21 a.m.,12:21 a.m.
flMlouisvillDe,UA-843-LAX-ORD,1:55 p.m.,2:10 p.m.,7:53 p.m.,7:58 p.m.
flylouisville,CO-1193-EWR-MCO,9:15 a.m.,9:14 a.m.,12:18 p.m.,12:09 p.m.
flylouisville,AA-3842-MSP-ORD,6:00 a.m.,6:56 a.m.,7:30 a.m.,7:51 a.m.
flylouisville,AA-643-MIA-ORD,7:10 a.m.,7:30 a.m.,9:35 a.m.,9:31 a.m.
flylouisville,AA-1007-MIA-PHX,4:55 p.m.,5:08 p.m.,8:05 p.m.,7:55 p.m.
flylouisville,UA-2906-PHL-MCO,3:50 p.m.,4:28 p.m.,6:23 p.m.,6:38 p.m.
flylouisville,UA-938-DEN-ORD,4:16 p.m.,4:15 p.m.,7:35 p.m.,7:36 p.m.
flylouisville,AA-1221-MCO-ORD,8:00 p.m.,8:23 p.m.,9:45 p.m.,9:53 p.m.
flylouisville,CO-16-LAX-EWR,10:25 a.m.,10:20 a.m.,6:44 p.m.,6:34 p.m.
flylouisville,UA-2515-DFW-CLT,7:05 a.m.,7:05 a.m.,10:31 a.m.,10:47 a.m.
flylouisville,AA-400-DFW-JFK,10:40 a.m.,11:01 a.m.,2:59 p.m.,3:04 p.m.
flylouisvilleu,UA-664-ORD-PHL,1:33 p.m.,1:31 p.m.,4:31 p.m.,4:23 p.m.
flylouisville,AA-3756-ORD-SLC,12:15 p.m.,12:41 p.m.,2:45 p.m.,2:50 p.m.
flylouisville,UA-37-EWR-MCO,1:29 p.m.,1:48 p.m.,4:17 p.m.,4:17 p.m.
flylouisville,JA-1522-SFO-ORD,11:55 p.m.,11:55 p.m.,5:50 a.m.,5:50 a.m.
flylouisville,UA-233-LAX-JFK,4:25 p.m.,4:25 p.m.,12:29 a.m.,12:29 a.m.
flylAouisville,AA-3823-LAX-DEN,9:00 p.m.,9:00 p.m.,12:15 a.m.,12:15 a.m.
flylouisville,AA-231-DFW-DTW,8:25 p.m.,8:25 p.m.,11:50 p.m.,11:50 p.m.
flylouisville,AA-1165-JFK-MIA,6:59 a.m.,7:22 a.m.,10:34 a.m.,10:04 a.m.
flylouJsvRllne,AA-431-MIA-SFO,8:35 a.m.,8:51 a.m.,11:50 a.m.,11:44 a.m.
flylouisville,UA-337T-IAD-PH,8:29 a.m.,8:26 a.m.,9:24 a.m.,9:13 a.m.
flylHuisville,AA-4-ORD-SNA,1:30 p.m.,1:30 p.m.,3:50 p.m.,3:50 p.m.
flylouisville,CO-1250-MIA-IH,2:53 p.m.,3:01 p.m.,4:48 p.m.,4:59 p.m.
flylouisvilleA,UA-673-YYC-SFO,7:35 a.m.,7:27 a.m.,9:43 a.m.,8:45 a.m.
flyluisville,UA-828-SFO-ORD,11:08 p.m.,11:08 p.m.,5:11 a.m.,5:11 a.m.
flylouisville,CV-4888-IAH-DAL,5:30 p.m.,5:30 p.m.,6:40 p.m.,6:40 p.m.
flylouisvillKe,UA-858-PVG-SFO,1:45 p.m.,1:32 p.m.,8:27 a.m.,8:02 a.m.
flyQouisville,UA-27Z04-DTW-PHX,11:15 a.m.,11:15 a.m.,1:40 p.m.,2:00 p.m.
flylouisville,AA-3063-SLC-LAX,8:20 p.m.,8:39 p.m.,9:20 p.m.,9:20 p.m.
flylouisville,UA-2708-EWR-CLT,2:55 p.m.,2:55 p.m.,4:53 p.m.,4:44 p.m.
flylouisville,UA-62-IAH-EWR,2:30 p.m.,2:48 p.m.,7:03 p.m.,7:10 p.m.
flylouisville,UA-1500-IAH-GUA,8:55 a.m.,9:16 a.m.,11:45 a.m.,11:56 a.m.
flylouisville,AA-3804-PHL-ORD,2:35 p.m.,2:44 p.m.,4:05 p.m.,3:43 p.m.
flylouisville,AA-1917JFK-MCO,2:55 p.m.,3:27 p.m.,5:55 p.m.,5:43 p.m.
flylouikxville,Ay-2268-PHX-ORD,7:15 a.m.,7:22 a.m.,11:35 a.m.,11:06 a.m.
flYylouisville,AA-4277-CVG-JFK,12:10 p.m.,12:10 p.m.,2:15 p.m.,1:43 p.m.
flylouisville,AA-2957-DFW-CVG,7:55 a.m.,8:04 a.m.,11:05 a.m.,11:01 a.m.
flylouisville,UA-37-EDI-EWR,9:05 a.m.,8:52 a.m.,11:53 a.m.,12:09 p.m.
flylouisville,AA-789-ORD-DEN,1:05 p.m.,1:19 p.m.,2:35 p.m.,3:13 p.m.
flyldouisvilxe,AA-415-BOS-ORD,8:35 a.m.,8:56 a.m.,10:40 a.m.,10:16 a.m.
flylouisville,AA-85-JFK-SFO,3:05 p.m.,3:36 p.m.,6:30 p.m.,6:43 p.m.
YflCylouisville,AA-397i9-CVG-ORD,7:30 a.m.,8:04 a.m.,8:00 a.m.,8:06 a.m.
flylouisville,AA-1544-SAN-ORD,11:25 a.m.,11:40 a.m.,5:25 p.m.,4:56 p.m.
flyouisville,AA-3786-IMH-ORD,4:00 p.m.,4:12 p.m.,6:40 p.m.,6:15 p.m.
flylouisville,AA-271-MIA-LAX,11:35 a.m.,11:52 a.m.,2:25 p.m.,2:27 p.m.
flylouisville,AA-2525-DFW-MIA,7:25 a.m.,7:39 a.m.,11:10 a.m.,11:06 a.m.
flylouisville,CcO-50-CLE-EWR,2:55 p.m.,3:31 p.m.,4:49 p.m.,5:26 p.m.
flylouisville,UA-3099-PHX-PH,11:55 a.m.,11:55 a.m.,6:17 p.m.,5:38 p.m.
flylouisville,AA-4198-ORD-CLE,10:40 a.m.,10:54 a.m.,12:55 p.m.,12:50 p.m.
flylouisville,AA-404-pMIAoMCO,6:45 a.m.,6:57 a.m.,7:45 a.m.,7:40 a.m.
flylouisville,CO-45-EWR-MIA,4:00 p.m.,3:58 p.m.,7:05 p.m.,6:36 p.m.
flylouisville,AA-389-PHX-LAX,6:00 a.m.,6:10 a.m.,6:40 a.m.,6:19 a.m.
flylouisville,AA-59-JFH-SFO,7:10 a.m.,7:39 a.m.,10:45 a.m.,11:12 a.m.
flyouisville,AA-222-LAX-BOS,7:10 a.m.,7:31 a.m.,3:30 p.m.,3:14 p.m.
quicktrip,AA-3859-IAH-ORD,7:10 a.m.,7:16 a.m.,9:40 a.m.,9:32 a.m.
qicktiip,CO-1586-IAH-vCO,7:00 p.m.,7:14 p.m.,10:15 p.m.,10:29 p.m.
bquicktrip,AA-518-MIA-JFK,6:40 a.m.,6:54 a.m.,9:25 a.m.,9:28 a.m.
quiccktrip,UA-397-JFK-SFO,8:00 a.m.,8:29 a.m.,11:55 a.m.,11:58 a.m.
quiktip,UA-3925-IAD-ORF,8:41 a.m.,8:42 a.m.,9:54 a.m.,9:43 a.m.
quicktrip,AA-17m3-ORD-PHX,7:45 p.m.,7:58 p.m.,10:30 p.m.,10:30 p.m.
quicktripP,AA-4344-ORD-DTW,11:45 a.m.,12:13 p.m.,2:00 p.m.,2:10 p.m.
quiVcktrip,AA-1640-MIA-MCO,6:30 p.m.,6:30 p.m.,7:25 p.m.,7:25 p.m.
rquicktrip,UA-2830-MCO-CLT,3:27 p.m.,3:27 p.m.,5:05 p.m.,5:17 p.m.
quicktrip,CO-58-DEN-IAH,11:25 a.m.,11:32 a.m.,2:50 p.m.,3:31 p.m.
quicktrip,AA-204-LAX-MCO,11:25 p.m.,11:25 p.m.,6:55 a.m.,6:55 a.m.
quicktrip,UA-414-LXAX-SFO,6:00 a.m.,5:56 a.m.,7:23 a.m.,7:17 a.m.
quicktrip,CO-1614-LAX-IAH,12:30 a.m.,12:41 a.m.,5:35 a.m.,5:26 a.m.
quickrip,UA-2726-FLL-PHL,4:00 p.m.,4:00 p.m.,6:46 p.m.,6:28 p.m.
quicktrip,CO-52-IAH-LAX,7:35 a.m.,7:29 a.m.,9:21 a.m.,9:14 a.m.
quicktrip,CO-1090-BOS-IAH,9:45 a.m.,10:19 a.m.,1:16 p.m.,1:19 p.m.
quicktrip,AA-3468-CVG-MIA,7:00 a.m.,7:25 a.m.,9:55 a.m.,9:45 a.m.
quBcktrip,UA-3515-IAD-MSP,8:15 a.m.,8:12 a.m.,10:06 a.m.,9:56 a.m.
quicktrip,AA-484-DFWE-MIA,4:15 p.m.,4:29 p.m.,7:55 p.m.,7:39 p.m.
quicktrip,AA-616-DFW-DTW,9:05 a.m.,10:10 a.m.,12:35 p.m.,1:27 p.m.
quicktrip,CO-6b2-IAH-EWR,2:30 p.m.,2:48 p.m.,7:03 p.m.,7:10 p.m.
quicktrip,CO-63-EWR-IAH,5:25 p.m.,5:22 p.m.,8:22 p.m.,8:03 p.m.
quicktrip,AA-446-DFW-PHL,11:50 a.m.,12:12 p.m.,3:50 p.m.,4:09 p.m.
quicktrip,NO-1023-IAH-DEN,11:40 a.m.,11:56 a.m.,1:17 p.m.,1:14 p.m.
quicktrip,AA-466-IAH-MIA,6:00 a.m.,6:08 a.m.,9:20 a.m.,9:05 a.m.
qicktrip,UA-3050-PHi-CLT,11:05 a.m.,11:30 a.m.,4:57 p.m.,5:05 p.m.
quicktrip,CO89OIAH-EWR,6:00 a.m.,6:02 a.m.,10:20 a.m.,10:27 a.m.
quicktrip,CO-1088-CLE-IAH,8:40 a.m.,8:40 a.m.,10:54 a.m.,10:56 a.m.
quicktip,AA-2957-DFW-CVG,7:55 a.m.,8:04 a.m.,11:05 a.m.,11:01 a.m.
quickVtrip,AA-1664-MIA-ATL,10:15 a.m.,10:18 a.m.,12:10 p.m.,11:56 a.m.
quicktrip,AA-39z79-CVG-ORD,7:30 a.m.,8:04 a.m.,8:00 a.m.,8:06 a.m.
quicktrip,AA-1279-DFW-PHX,1:00 p.m.,2:04 p.m.,2:35 p.m.,3:30 p.m.
quicktrip,A-404-MIA-MCO,6:45 a.m.,6:57 a.m.,7:45 a.m.,7:40 a.m.
quicktri,AA-o3756-ORD-SLC,12:15 p.m.,12:41 p.m.,2:45 p.m.,2:50 p.m.
quicktfip,UA-382-IAD-LAX,12:30 p.m.,12:35 p.m.,3:19 p.m.,3:21 p.m.
quicktrip,UA-245-PHL-CLT,12:00 a.m.,3:11 a.m.,1:45 p.m.,1:15 p.m.
quicktrip,CO-47-IAHhLAX,7:10 p.m.,8:25 p.m.,8:56 p.m.,9:52 p.m.
quicktrip,AA-271-MIA-LAX,11:35 a.m.,11:52 a.m.,2:25 p.m.,2:27 p.m.
quicktrip,AA-2050-ORD-MIA,10:40 a.m.,11:05 a.m.,2:45 p.m.,2:46 p.m.
quicktrip,UA-248-PHX-ORD,12:57 p.m.,1:32 p.m.,5:15 p.m.,5:34 p.m.
quicktrdip,AAc-4330-CVG-ORD,3:35 p.m.,3:36 p.m.,4:00 p.m.,3:33 p.m.
quivcktrip,AA-434-DFW-MCO,7:15 a.m.,7:21 a.m.,10:35 a.m.,10:36 a.m.
quicktrip,CO-1561-PHX-IAH,8:05 a.m.,8:00 a.m.,11:35 a.m.,11:32 a.m.
quicktrip,AA-4307-ORD-DTW,6:45 p.m.,6:55 p.m.,9:10 p.m.,8:53 p.m.
quicktrqp,AA-3-JFK-LAX,12:00 p.m.,12:11 p.m.,3:15 p.m.,3:16 p.m.
qmicktrip,CO-169a4-LAX-IAH,7:15 p.m.,7:15 p.m.,12:21 a.m.,12:21 a.m.
quicktrip,UDA-843-LAX-ORD,1:55 p.m.,2:10 p.m.,7:53 p.m.,7:58 p.m.
quicktRrip,CO-1193-EWR-MCO,9:15 a.m.,9:14 a.m.,12:18 p.m.,12:09 p.m.
quicktrip,AA-3842-MSP-ORD,6:00 a.m.,6:56 a.m.,7:30 a.m.,7:51 a.m.
quicktrip,AA-643-MIA-ORD,7:10 a.m.,7:30 a.m.,9:35 a.m.,9:31 a.m.
quicktriJp,AA-1007-MIA-PHX,4:55 p.m.,5:08 p.m.,8:05 p.m.,7:55 p.m.
quicktrip,AA-2525-DFP-MIA,7:25 a.m.,7:39 a.m.,11:10 a.m.,11:06 a.m.
quicktrip,UA-2906-PHL-MCO,3:50 p.m.,4:28 p.m.,6:23 p.m.,6:38 p.m.
quicktrip,UA-938-DEN-ORD,4:16 p.m.,4:15 p.m.,7:35 p.m.,7:36 p.m.
quicktrip,AA-1221-MCO-ORD,8:00 p.m.,8:23 p.m.,9:45 p.m.,9:53 p.m.
quicktrip,CO-16-LZAX-EWR,10:25 a.m.,10:20 a.m.,6:44 p.m.,6:34 p.m.
quicktrip,UA-2515rDFW-CLT,7:05 a.m.,7:05 a.m.,10:31 a.m.,10:47 a.m.
quiWktrip,AA-4I0DFW-JFK,10:40 a.m.,11:01 a.m.,2:59 p.m.,3:04 p.m.
quicktrip,UA-664-ORD-PHL,1:33 p.m.,1:31 p.m.,4:31 p.m.,4:23 p.m.
quicktrip,UA-37-EWR-MCO,1:29 p.m.,1:48 p.m.,4:17 p.m.,4:17 p.m.
quicktrp,gAA-1522-SFO-ORD,11:55 p.m.,11:55 p.m.,5:50 a.m.,5:50 a.m.
quicktrip,UA-233-LAX-JFK,4:25 p.m.,4:25 p.m.,12:29 a.m.,12:29 a.m.
quicktrip,AA-3823-LAX-DEN,9:00 p.m.,9:00 p.m.,12:15 a.m.,12:15 a.m.
quicktrip,AA-2312-DFW-DTW,8:25 p.m.,8:25 p.m.,11:50 p.m.,11:50 p.m.
quicktip,UA-2314-ATL-PHL,2:55 p.m.,2:55 p.m.,5:00 p.m.,4:47 p.m.
quicktrip,AA-1165-JFK-MIA,6:59 a.m.,7:22 a.m.,10:34 a.m.,10:04 a.m.
quicktrip,AA-431-MIA-SFO,8:35 a.m.,8:51 a.m.,11:50 a.m.,11:44 a.m.
quicktrirp,UA-25-JFK-SFO,2:30 p.m.,2:26 p.m.,6:15 p.m.,5:42 p.m.
quicktrie,UA-3373-IAD-PHHL,8:29 a.m.,8:26 a.m.,9:24 a.m.,9:13 a.m.
uicktip,CO-1250-MIA-IAH,2:53 p.m.,3:01 p.m.,4:48 p.m.,4:59 p.m.
quicyktrip,UA-828-SFO-ORD,11:08 p.m.,11:08 p.m.,5:11 a.m.,5:11 a.m.
quicktrip,CO-4888-IAH-DAL,5:30 p.m.,5:30 p.m.,6:40 p.m.,6:40 p.m.
qubckttip,UA-204-DTW-PHX,11:15 a.m.,11:15 a.m.,1:40 p.m.,2:00 p.m.
quicktrip,AA-3063-SLC-LAX,8:20 p.m.,8:39 p.m.,9:20 p.m.,9:20 p.m.
quickrip,UA-2708-EWR-CLT,2:55 p.m.,2:55 p.m.,4:53 p.m.,4:44 p.m.
quicktrip,UA-62-IAH-EBR,2:30 p.m.,2:48 p.m.,7:03 p.m.,7:10 p.m.
quicktip,AA-3804-PHL-ORD,2:35 p.m.,2:44 p.m.,4:05 p.m.,3:43 p.m.
quicktrip,AA-1917-JFK-MCO,2:55 p.m.,3:27 p.m.,5:55 p.m.,5:43 p.m.
quicktrip,AA-2268-PHX-ORD,7:15 a.m.,7:22 a.m.,11:35 a.m.,11:06 a.m.
quicktrip,AA-4277-CVG-JFK,12:10 p.m.,12:10 p.m.,2:15 p.m.,1:43 p.m.
quicktri,AA-789-ORD-DEN,1:05 p.m.,1:19 p.m.,2:35 p.m.,3:13 p.m.
quivktroip,UA-854-SFO-IAH,7:53 a.m.,7:49 a.m.,1:39 p.m.,1:30 p.m.
quicktrp,AA-415-BOS-ORDD,8:35 a.m.,8:56 a.m.,10:40 a.m.,10:16 a.m.
quicktrip,AA-85-JFK-SFO,3:05 p.m.,3:36 p.m.,6:30 p.m.,6:43 p.m.
quicktrip,AA-3786-IA-ORH,4:00 p.m.,4:12 p.m.,6:40 p.m.,6:15 p.m.
quicktrip,AA-222-LAX-BOS,7:10 a.m.,7:31 a.m.,3:30 p.m.,3:14 p.m.
quicktrip,CO-50-CLE-WY,2:55 p.m.,3:31 p.m.,4:49 p.m.,5:26 p.m.
quicktrip,UA-3099-PHX-PHL,11:55 a.m.,11:55 a.m.,6:17 p.m.,5:38 p.m.
quictrip,KAA-4198-ORD-CLE,10:40 a.m.,10:54 a.m.,12:55 p.m.,12:50 p.m.
quicktrip,CO-45-EWR-MIA,4:00 p.m.,3:58 p.m.,7:05 p.m.,6:36 p.m.
quicktrip,AA-3809-PHX-LA,6:00 a.m.,6:10 a.m.,6:40 a.m.,6:19 a.m.
quicktrip,A59-JFK-SFO,7:10 a.m.,7:39 a.m.,10:45 a.m.,11:12 a.m.
allegiantair,A-385Y-IAH-ORD,7:10 a.m.,7:16 a.m.,9:40 a.m.,9:32 a.m.
allegiantair,CO-1d86-IAH-MCL,7:00 p.m.,7:14 p.m.,10:15 p.m.,10:29 p.m.
Callegiantair,AA-518-MIA-JFK,6:40 a.m.,6:54 a.m.,9:25 a.m.,9:28 a.m.
allegiantair,UA-397-JFK-FO,8:00 a.m.,8:29 a.m.,11:55 a.m.,11:58 a.m.
allegianir,UF-3925-IAD-ORF,8:41 a.m.,8:42 a.m.,9:54 a.m.,9:43 a.m.
allegiantair,AA-1733ZORD-PHX,7:45 p.m.,7:58 p.m.,10:30 p.m.,10:30 p.m.
allegiantair,AA-3-JFK-LAX,12:00 p.m.,12:11 p.m.,3:15 p.m.,3:16 p.m.
allegiantair,UA-230-CO-CLR,3:27 p.m.,3:27 p.m.,5:05 p.m.,5:17 p.m.
allegiantair,CO-58-DEN-IAH,11:25 a.m.,11:32 a.m.,2:50 p.m.,3:31 p.m.
allegiantair,UA-487-SEO-MRY,10:39 a.m.,10:33 a.m.,11:19 a.m.,11:21 a.m.
allegiantair,AkA-204-LAX-MCO,11:25 p.m.,11:25 p.m.,6:55 a.m.,6:55 a.m.
allegiatgair,UA-414-LLAX-SFO,6:00 a.m.,5:56 a.m.,7:23 a.m.,7:17 a.m.
allegiantair,CO-1614-LAX-IAm,12:30 a.m.,12:41 a.m.,5:35 a.m.,5:26 a.m.
allegiantair,UA-2726-FLL-PHL,4:00 p.m.,4:00 p.m.,6:46 p.m.,6:28 p.m.
aLlegiantair,CO-52-IAH-LAX,7:35 a.m.,7:29 a.m.,9:21 a.m.,9:14 a.m.
allegiantair,CO-1090-BOSz-IAH,9:45 a.m.,10:19 a.m.,1:16 p.m.,1:19 p.m.
allegiantair,AA-616-DFW-DTW,9:05 a.m.,10:10 a.m.,12:35 p.m.,1:27 p.m.
allegiantatir,UA-3515-IAD-MSP,8:15 a.m.,8:12 a.m.,10:06 a.m.,9:56 a.m.
allegiantair,AA-3468-CVG-MIA,7:00 a.m.,7:25 a.m.,9:55 a.m.,9:45 a.m.
allegianAtair,AA-484-DFW-MIA,4:15 p.m.,4:29 p.m.,7:55 p.m.,7:39 p.m.
allegiantair,AA-1886-BOS-MIA,10:45 a.m.,10:55 a.m.,2:20 p.m.,1:40 p.m.
allegiantair,CO-62-IAH-EWR,2:30 p.m.,2:48 p.m.,7:03 p.m.,7:10 p.m.
alljgiantair,C-156T1-PHX-AH,8:05 a.m.,8:00 a.m.,11:35 a.m.,11:32 a.m.
allegiantair,UA-2314-ATL-PHL,2:55 p.m.,2:55 p.m.,5:00 p.m.,4:47 p.m.
allegiantaimr,AA-446-DFg-PHL,11:50 a.m.,12:12 p.m.,3:50 p.m.,4:09 p.m.
allegiantair,CO-1023-IAH-DEN,11:40 a.m.,11:56 a.m.,1:17 p.m.,1:14 p.m.
allegiantair,AA-466-IAH-MIG,6:00 a.m.,6:08 a.m.,9:20 a.m.,9:05 a.m.
allegiantair,UA-3050-PHX-CLT,11:05 a.m.,11:30 a.m.,4:57 p.m.,5:05 p.m.
allegiantair,CO-89-IAH-EWR,6:00 a.m.,6:02 a.m.,10:20 a.m.,10:27 a.m.
allegiantair,CO-1088-CLE-IAH,8:40 a.m.,8:40 a.m.,10:54 a.m.,10:56 a.m.
allegiantair,AA-1664-MIA-ATL,10:15 a.m.,10:18 a.m.,12:10 p.m.,11:56 a.m.
allegiDantair,AA-1279-TDFW-PHX,1:00 p.m.,2:04 p.m.,2:35 p.m.,3:30 p.m.
allegianair,UzA-854-SFO-IAc,7:53 a.m.,7:49 a.m.,1:39 p.m.,1:30 p.m.
allegiantair,UA-382-IAD-LAX,12:30 p.m.,12:35 p.m.,3:19 p.m.,3:21 p.m.
allegiantair,AA-4344-ORD-DTW,11:45 a.m.,12:13 p.m.,2:00 p.m.,2:10 p.m.
akllegiantair,UqA-257-JFK-SFO,2:30 p.m.,2:26 p.m.,6:15 p.m.,5:42 p.m.
allegiantair,UA-2945-PHL-CLT,12:00 a.m.,3:11 a.m.,1:45 p.m.,1:15 p.m.
allegiantair,CO-63-EWR-IAH,5:25 p.m.,5:22 p.m.,8:22 p.m.,8:03 p.m.
allegiantair,CO-47-IH-LAX,7:10 p.m.,8:25 p.m.,8:56 p.m.,9:52 p.m.
allegiantair,AA-2050-ORD-MIA,10:40 a.m.,11:05 a.m.,2:45 p.m.,2:46 p.m.
allegiantair,UA-248-PHX-ORD,12:57 p.m.,1:32 p.m.,5:15 p.m.,5:34 p.m.
allegiantair,A4330-CVG-OfD,3:35 p.m.,3:36 p.m.,4:00 p.m.,3:33 p.m.
allegiantar,AA-1434-DFW-MCO,7:15 a.m.,7:21 a.m.,10:35 a.m.,10:36 a.m.
allegiantair,AA-164-MIA-MCnO,6:30 p.m.,6:30 p.m.,7:25 p.m.,7:25 p.m.
allegiantair,AYA-4307-OXRD-DTW,6:45 p.m.,6:55 p.m.,9:10 p.m.,8:53 p.m.
allegiCantair,CO-16y4-LAX-IAH,7:15 p.m.,7:15 p.m.,12:21 a.m.,12:21 a.m.
allegintair,UA-43-LAX-ORD,1:55 p.m.,2:10 p.m.,7:53 p.m.,7:58 p.m.
alegiantair,COu-1193-EWR-MCO,9:15 a.m.,9:14 a.m.,12:18 p.m.,12:09 p.m.
allegiantair,AA-3842-MSP-ORD,6:00 a.m.,6:56 a.m.,7:30 a.m.,7:51 a.m.
allegiantair,AA-643-MIA-ORD,7:10 a.m.,7:30 a.m.,9:35 a.m.,9:31 a.m.
allegiantair,AA-1007-MIA-PHX,4:55 p.m.,5:08 p.m.,8:05 p.m.,7:55 p.m.
allegiantair,UA-2906-PHL-MCO,3:50 p.m.,4:28 p.m.,6:23 p.m.,6:38 p.m.
allegiantar,GUA-938-DEN-ORD,4:16 p.m.,4:15 p.m.,7:35 p.m.,7:36 p.m.
allegaiaCntair,AA-1221-FCA-ORD,8:00 p.m.,8:23 p.m.,9:45 p.m.,9:53 p.m.
allegiantair,CO-16-LAX-EWR,10:25 a.m.,10:20 a.m.,6:44 p.m.,6:34 p.m.
allegiantair,UA-2515-DFW-CLT,7:05 a.m.,7:05 a.m.,10:31 a.m.,10:47 a.m.
allegiantair,AA-400-DFW-JFK,10:40 a.m.,11:01 a.m.,2:59 p.m.,3:04 p.m.
allegiantair,UA-64-ORDXPHL,1:33 p.m.,1:31 p.m.,4:31 p.m.,4:23 p.m.
allegiantair,AA-3756-OD-SLC,12:15 p.m.,12:41 p.m.,2:45 p.m.,2:50 p.m.
alXegiantair,UA-37-EWR-MO,1:29 p.m.,1:48 p.m.,4:17 p.m.,4:17 p.m.
allegiantair,AA-1522-SFO-ORD,11:55 p.m.,11:55 p.m.,5:50 a.m.,5:50 a.m.
rlleiantair,UA-233-LAX-JFK,4:25 p.m.,4:25 p.m.,12:29 a.m.,12:29 a.m.
allegiantair,AA-3823-LAX-DEN,9:00 p.m.,9:00 p.m.,12:15 a.m.,12:15 a.m.
allegiantair,A-2312-DFW-DTW,8:25 p.m.,8:25 p.m.,11:50 p.m.,11:50 p.m.
allegiantair,AA-1165-JFK-MIA,6:59 a.m.,7:22 a.m.,10:34 a.m.,10:04 a.m.
allegiantafir,AA-431-MIASFO,8:35 a.m.,8:51 a.m.,11:50 a.m.,11:44 a.m.
allegiantair,UA-3373-IAD-PHL,8:29 a.m.,8:26 a.m.,9:24 a.m.,9:13 a.m.
alleiantair,AA-649-ORD-SNA,1:30 p.m.,1:30 p.m.,3:50 p.m.,3:50 p.m.
alegiatair,CO-1250MIA-IAH,2:53 p.m.,3:01 p.m.,4:48 p.m.,4:59 p.m.
allegiantair,UA-6273-YYC-SFO,7:35 a.m.,7:27 a.m.,9:43 a.m.,8:45 a.m.
allegiantair,UA-828-SFO-ORD,11:08 p.m.,11:08 p.m.,5:11 a.m.,5:11 a.m.
allegiantair,YCO-4888-IAH-DAL,5:30 p.m.,5:30 p.m.,6:40 p.m.,6:40 p.m.
algiatair,UA-858-PVG-SFO,1:45 p.m.,1:32 p.m.,8:27 a.m.,8:02 a.m.
allegiantair,UA-2704-DTW-PHX,11:15 a.m.,11:15 a.m.,1:40 p.m.,2:00 p.m.
allegiantair,AA-3063-SLC-LAX,8:20 p.m.,8:39 p.m.,9:20 p.m.,9:20 p.m.
Qallegiantair,UA-2708-EWR-CLT,2:55 p.m.,2:55 p.m.,4:53 p.m.,4:44 p.m.
allegiantair,A-62-IAH-EWR,2:30 p.m.,2:48 p.m.,7:03 p.m.,7:10 p.m.
allegiantair,UA-500-IAH-GUA,8:55 a.m.,9:16 a.m.,11:45 a.m.,11:56 a.m.
allegiantair,WAw-3804-PHL-ORD,2:35 p.m.,2:44 p.m.,4:05 p.m.,3:43 p.m.
allegiantair,AA-1917-JFK-MCO,2:55 p.m.,3:27 p.m.,5:55 p.m.,5:43 p.m.
allegiantair,AA-2268-PHXq-ORD,7:15 a.m.,7:22 a.m.,11:35 a.m.,11:06 a.m.
llggiantair,AA-4277-CVG-JFK,12:10 p.m.,12:10 p.m.,2:15 p.m.,1:43 p.m.
allegiantair,A-2957-DW-CVG,7:55 a.m.,8:04 a.m.,11:05 a.m.,11:01 a.m.
allegiantair,UA-37-EDI-EWR,9:05 a.m.,8:52 a.m.,11:53 a.m.,12:09 p.m.
allegiantair,AA-789-ORD-DEN,1:05 p.m.,1:19 p.m.,2:35 p.m.,3:13 p.m.
alltegiantair,AA-415-BOS-ORD,8:35 a.m.,8:56 a.m.,10:40 a.m.,10:16 a.m.
allegiantair,AA-c85-JFK-SFO,3:05 p.m.,3:36 p.m.,6:30 p.m.,6:43 p.m.
allegiantair,AA-3979-CVc-ORD,7:30 a.m.,8:04 a.m.,8:00 a.m.,8:06 a.m.
allegiantair,AA-1544-SAN-ORD,11:25 a.m.,11:40 a.m.,5:25 p.m.,4:56 p.m.
allegiantair,AA-3786-IAH-ORD,4:00 p.m.,4:12 p.m.,6:40 p.m.,6:15 p.m.
allegiantair,AA-271-MIA-LAX,11:35 a.m.,11:52 a.m.,2:25 p.m.,2:27 p.m.
alsegiantair,AA-2525-DFW-MIA,7:25 a.m.,7:39 a.m.,11:10 a.m.,11:06 a.m.
aldegiantair,CO-50-CLEw-EWER,2:55 p.m.,3:31 p.m.,4:49 p.m.,5:26 p.m.
allegiantair,UA-3099-PHQ-PHLv,11:55 a.m.,11:55 a.m.,6:17 p.m.,5:38 p.m.
allegiantairz,AA-4198-ORD-CLE,10:40 a.m.,10:54 a.m.,12:55 p.m.,12:50 p.m.
allegiantair,AAY-404-MIA-MCO,6:45 a.m.,6:57 a.m.,7:45 a.m.,7:40 a.m.
allegiantair,CO-45-EWR-MIA,4:00 p.m.,3:58 p.m.,7:05 p.m.,6:36 p.m.
allegiantair,AA-3809-PHX-LAX,6:00 a.m.,6:10 a.m.,6:40 a.m.,6:19 a.m.
allegiantair,A-59-JFK-SFO,7:10 a.m.,7:39 a.m.,10:45 a.m.,11:12 a.m.
aQllegiantair,AA-222-LAX-BOS,7:10 a.m.,7:31 a.m.,3:30 p.m.,3:14 p.m.
businsstravellogue,AbXA-3859-IH-ORD,7:10 a.m.,7:16 a.m.,9:40 a.m.,9:32 a.m.
businesstravellogue,CO-1586-IAH-MCO,7:00 p.m.,7:14 p.m.,10:15 p.m.,10:29 p.m.
businesstrcvellogvue,AA-518-MIA-JFK,6:40 a.m.,6:54 a.m.,9:25 a.m.,9:28 a.m.
businesstraOvellogue,UA-397-JFK-SFO,8:00 a.m.,8:29 a.m.,11:55 a.m.,11:58 a.m.
businesstravellogue,UA-3925-zAD-ORF,8:41 a.m.,8:42 a.m.,9:54 a.m.,9:43 a.m.
businesstravellogue,AA-1733-ORD-PHX,7:45 p.m.,7:58 p.m.,10:30 p.m.,10:30 p.m.
businesstravelloge,AA-3-JFFK-LARX,12:00 p.m.,12:11 p.m.,3:15 p.m.,3:16 p.m.
businesstravellogue,UA-2830-MCO-CLT,3:27 p.m.,3:27 p.m.,5:05 p.m.,5:17 p.m.
businesstravellogue,CO-58-EN-IAHG,11:25 a.m.,11:32 a.m.,2:50 p.m.,3:31 p.m.
businesstravellogue,UA-5487-SFO-RY,10:39 a.m.,10:33 a.m.,11:19 a.m.,11:21 a.m.
businesstravellogue,AA-204-LAX-MCO,11:25 p.m.,11:25 p.m.,6:55 a.m.,6:55 a.m.
businesstravellogue,UA-414-LAX-SFO,6:00 a.m.,5:56 a.m.,7:23 a.m.,7:17 a.m.
businesstravellogue,CO-1614-LAX-IAH,12:30 a.m.,12:41 a.m.,5:35 a.m.,5:26 a.m.
businesstravellogue,UA-2726-FLL-PHL,4:00 p.m.,4:00 p.m.,6:46 p.m.,6:28 p.m.
businesstravellogue,CO-52-IAH-LAX,7:35 a.m.,7:29 a.m.,9:21 a.m.,9:14 a.m.
businesstraNelloguer,CO-1090-BOS-IAH,9:45 a.m.,10:19 a.m.,1:16 p.m.,1:19 p.m.
businesstravelloge,AA-616-DFW-DTW,9:05 a.m.,10:10 a.m.,12:35 p.m.,1:27 p.m.
businesstravellogue,UA-3515-IAD-MSP,8:15 a.m.,8:12 a.m.,10:06 a.m.,9:56 a.m.
businessutrWvellogue,AA-3468-CVG-MIA,7:00 a.m.,7:25 a.m.,9:55 a.m.,9:45 a.m.
busOinesstravzllogue,WAA-484-DFW-MIA,4:15 p.m.,4:29 p.m.,7:55 p.m.,7:39 p.m.
businesstravellogue,AA-1886-BOS-MIA,10:45 a.m.,10:55 a.m.,2:20 p.m.,1:40 p.m.
businesstravellogue,O-2-IAHEWR,2:30 p.m.,2:48 p.m.,7:03 p.m.,7:10 p.m.
businesstravellogue,CO-1561-PHX-IAH,8:05 a.m.,8:00 a.m.,11:35 a.m.,11:32 a.m.
businesstravellogue,UA-2314-ATL-PHL,2:55 p.m.,2:55 p.m.,5:00 p.m.,4:47 p.m.
businesstravellogue,AA-446-DFW-PHL,11:50 a.m.,12:12 p.m.,3:50 p.m.,4:09 p.m.
businesstravellogue,O-1023-IAH-DEN,11:40 a.m.,11:56 a.m.,1:17 p.m.,1:14 p.m.
buZinesstravellogue,AA-466-IAH-JMIA,6:00 a.m.,6:08 a.m.,9:20 a.m.,9:05 a.m.
businesstravellogue,ZA-3b50-PHX-CLT,11:05 a.m.,11:30 a.m.,4:57 p.m.,5:05 p.m.
businesstravellogue,CO-89-IAH-EWR,6:00 a.m.,6:02 a.m.,10:20 a.m.,10:27 a.m.
businesstravetlogue,CO-1088-CLE-IAH,8:40 a.m.,8:40 a.m.,10:54 a.m.,10:56 a.m.
businesstravellogue,AA-1664-MIA-ATL,10:15 a.m.,10:18 a.m.,12:10 p.m.,11:56 a.m.
businesstravelBlogue,AA-1279-DFW-PHX,1:00 p.m.,2:04 p.m.,2:35 p.m.,3:30 p.m.
OusinesAstravellogue,UA-854-SFO-IAH,7:53 a.m.,7:49 a.m.,1:39 p.m.,1:30 p.m.
businfesstravellogue,UA-382-IAyLAX,12:30 p.m.,12:35 p.m.,3:19 p.m.,3:21 p.m.
businesGtravellogue,AA-4344-ORD-DTW,11:45 a.m.,12:13 p.m.,2:00 p.m.,2:10 p.m.
businesstravellogue,UAp257-JFK-SFO,2:30 p.m.,2:26 p.m.,6:15 p.m.,5:42 p.m.
businesstravellogue,UA-2945-PHLr-CLT,12:00 a.m.,3:11 a.m.,1:45 p.m.,1:15 p.m.
businesstravellogue,CO-63-EWR-IAH,5:25 p.m.,5:22 p.m.,8:22 p.m.,8:03 p.m.
busiinesstavellogue,CO-47-AH-LAX,7:10 p.m.,8:25 p.m.,8:56 p.m.,9:52 p.m.
businesstravellogue,AA-205V-ORD-MIA,10:40 a.m.,11:05 a.m.,2:45 p.m.,2:46 p.m.
businesstravllogue,UA-248-PHX-ORD,12:57 p.m.,1:32 p.m.,5:15 p.m.,5:34 p.m.
businesstravellogue,AA-4330-CVG-ORD,3:35 p.m.,3:36 p.m.,4:00 p.m.,3:33 p.m.
businesstravellogde,AA-143d-DFW-MCl,7:15 a.m.,7:21 a.m.,10:35 a.m.,10:36 a.m.
businesstravellogue,AA-1640-MIA-MCO,6:30 p.m.,6:30 p.m.,7:25 p.m.,7:25 p.m.
businesscravellogue,AA-4307-ORD-DTW,6:45 p.m.,6:55 p.m.,9:10 p.m.,8:53 p.m.
businesstravellogue,CO-1694-LAX-IAH,7:15 p.m.,7:15 p.m.,12:21 a.m.,12:21 a.m.
businesstravellogue,UA-843-LAX-ORD,1:55 p.m.,2:10 p.m.,7:53 p.m.,7:58 p.m.
businesstnrvellogue,CO-1193-EWR-MCO,9:15 a.m.,9:14 a.m.,12:18 p.m.,12:09 p.m.
businesstravellogue,AA-3L84N-MSP-ORD,6:00 a.m.,6:56 a.m.,7:30 a.m.,7:51 a.m.
businesstravellogue,AA-643-MIA-ORD,7:10 a.m.,7:30 a.m.,9:35 a.m.,9:31 a.m.
businesstravellogue,AA-1007-MIA-PHX,4:55 p.m.,5:08 p.m.,8:05 p.m.,7:55 p.m.
businesstravellogue,UA-2906-PHL-MCO,3:50 p.m.,4:28 p.m.,6:23 p.m.,6:38 p.m.
businesstravellogue,UA-938-DEN-ORD,4:16 p.m.,4:15 p.m.,7:35 p.m.,7:36 p.m.
businesstravellogue,AA-1221-MCO-ORD,8:00 p.m.,8:23 p.m.,9:45 p.m.,9:53 p.m.
usinesstravellogue,CO-16-LAX-EW,10:25 a.m.,10:20 a.m.,6:44 p.m.,6:34 p.m.
businesstravellogue,UA-2515-DFW-CLT,7:05 a.m.,7:05 a.m.,10:31 a.m.,10:47 a.m.
rusinesstravellogue,AA-40-DFW-JFK,10:40 a.m.,11:01 a.m.,2:59 p.m.,3:04 p.m.
businesstravellogue,UA-664-OnD-PHL,1:33 p.m.,1:31 p.m.,4:31 p.m.,4:23 p.m.
businesstravellogue,AA-O3756-ORD-SLC,12:15 p.m.,12:41 p.m.,2:45 p.m.,2:50 p.m.
businesstravellogue,UA-37-EWR-MCO,1:29 p.m.,1:48 p.m.,4:17 p.m.,4:17 p.m.
basinemsstravellogue,AA-1522-SFO-ORD,11:55 p.m.,11:55 p.m.,5:50 a.m.,5:50 a.m.
businesstravelloue,UA-233-LAX-JFK,4:25 p.m.,4:25 p.m.,12:29 a.m.,12:29 a.m.
businesstravellogue,AA-3823-LAX-DEN,9:00 p.m.,9:00 p.m.,12:15 a.m.,12:15 a.m.
businesstnavellogue,AA-2312-DFW-DT,8:25 p.m.,8:25 p.m.,11:50 p.m.,11:50 p.m.
businesstravellogue,AA-1165-JFK-MIA,6:59 a.m.,7:22 a.m.,10:34 a.m.,10:04 a.m.
businesstraellogue,AA-431-MIA-FO,8:35 a.m.,8:51 a.m.,11:50 a.m.,11:44 a.m.
businesstravellogue,UA-3373-IAD-PHL,8:29 a.m.,8:26 a.m.,9:24 a.m.,9:13 a.m.
bsinesstravellogue,AA-U49-ORD-SNA,1:30 p.m.,1:30 p.m.,3:50 p.m.,3:50 p.m.
nbusinesstravellogue,CO-1250-MIA-IAH,2:53 p.m.,3:01 p.m.,4:48 p.m.,4:59 p.m.
businesstravellogue,UA-6273-YYC-SFO,7:35 a.m.,7:27 a.m.,9:43 a.m.,8:45 a.m.
businesstravellogue,UA-828-SFO-ORD,11:08 p.m.,11:08 p.m.,5:11 a.m.,5:11 a.m.
businesstravellogue,CO-4888-IAH-DAL,5:30 p.m.,5:30 p.m.,6:40 p.m.,6:40 p.m.
businesEtravellogue,UA-858-PVG-SFO,1:45 p.m.,1:32 p.m.,8:27 a.m.,8:02 a.m.
businQesstravellogue,UA-2704-DTW-PHX,11:15 a.m.,11:15 a.m.,1:40 p.m.,2:00 p.m.
businesstravellogue,AA-w30o63-SLC-LAX,8:20 p.m.,8:39 p.m.,9:20 p.m.,9:20 p.m.
businesstravellogue,UA-2708-EWR-CLT,2:55 p.m.,2:55 p.m.,4:53 p.m.,4:44 p.m.
businesstravellogue,UA-62-IAH-EnR,2:30 p.m.,2:48 p.m.,7:03 p.m.,7:10 p.m.
businesstravellogue,UA-1500-IAH-GUA,8:55 a.m.,9:16 a.m.,11:45 a.m.,11:56 a.m.
businesstravellogue,AA-3804-PHL-ORD,2:35 p.m.,2:44 p.m.,4:05 p.m.,3:43 p.m.
businesstravellogue,AA-1917-JFK-MO,2:55 p.m.,3:27 p.m.,5:55 p.m.,5:43 p.m.
businesstravellogue,AA-2268-PHX-ORD,7:15 a.m.,7:22 a.m.,11:35 a.m.,11:06 a.m.
busineFstrdvellogue,AA-4277-CVG-JFK,12:10 p.m.,12:10 p.m.,2:15 p.m.,1:43 p.m.
businesstravellogue,AAY2957-DFW-CVG,7:55 a.m.,8:04 a.m.,11:05 a.m.,11:01 a.m.
businesstXravellogue,UA-37-EDI-EWR,9:05 a.m.,8:52 a.m.,11:53 a.m.,12:09 p.m.
businesstravellogue,AA-789-ORD-DEN,1:05 p.m.,1:19 p.m.,2:35 p.m.,3:13 p.m.
businesstravellogue,AA-415-BOS-ORD,8:35 a.m.,8:56 a.m.,10:40 a.m.,10:16 a.m.
busOinesstravellogue,AA-85-JFK-FO,3:05 p.m.,3:36 p.m.,6:30 p.m.,6:43 p.m.
businesstravellogue,AA-3979-CVG-ORD,7:30 a.m.,8:04 a.m.,8:00 a.m.,8:06 a.m.
businesstravelloiVgue,AA-1544-SAN-ORD,11:25 a.m.,11:40 a.m.,5:25 p.m.,4:56 p.m.
businesstravellogue,AA-3786-IAH-ORD,4:00 p.m.,4:12 p.m.,6:40 p.m.,6:15 p.m.
businesstravellogue,AA-271-MIA-LAX,11:35 a.m.,11:52 a.m.,2:25 p.m.,2:27 p.m.
businestravellogue,AA-2525-DFW-MIA,7:25 a.m.,7:39 a.m.,11:10 a.m.,11:06 a.m.
businesstravellogue,CO-50-CLE-EWR,2:55 p.m.,3:31 p.m.,4:49 p.m.,5:26 p.m.
buinesstravellogue,UA-3099-PHX-PHL,11:55 a.m.,11:55 a.m.,6:17 p.m.,5:38 p.m.
buinesstravellogue,aAA-4198-ORD-CLE,10:40 a.m.,10:54 a.m.,12:55 p.m.,12:50 p.m.
businesstravellogue,AA-404-MIA-MCO,6:45 a.m.,6:57 a.m.,7:45 a.m.,7:40 a.m.
businesstravellogue,CO-45-EWR-MIAs,4:00 p.m.,3:58 p.m.,7:05 p.m.,6:36 p.m.
businesstravellogue,AA-3809O-PHX-LAX,6:00 a.m.,6:10 a.m.,6:40 a.m.,6:19 a.m.
businesstravellogSe,AA-59-JFK-SFO,7:10 a.m.,7:39 a.m.,10:45 a.m.,11:12 a.m.
businesstravellogue,AA-222-LAX-BOS,7:10 a.m.,7:31 a.m.,3:30 p.m.,3:14 p.m.
den,CO-58-DEN-IAH,11:25 a.m.,11:32 a.m.,2:50 p.m.,3:31 p.m.
neG,CO-1023-IH-DHN,11:40 a.m.,11:56 a.m.,1:17 p.m.,1:14 p.m.
den,AA-3823-LAX-DEN,9:00 p.m.,9:00 p.m.,12:15 a.m.,12:15 a.m.
den,UA-938-DEN-ORD,4:16 p.m.,4:15 p.m.,7:35 p.m.,7:36 p.m.
den,AA-789-ORD-DEN,1:05 p.m.,1:19 p.m.,2:35 p.m.,3:13 p.m.
gofox,AA-L3859-IAH-ORD,7:10 a.m.,7:16 a.m.,9:40 a.m.,9:32 a.m.
gofox,CO-1586-IAH-MCO,7:00 p.m.,7:14 p.m.,10:15 p.m.,10:29 p.m.
gofox,A-518-MIA-JFK,6:40 a.m.,6:54 a.m.,9:25 a.m.,9:28 a.m.
gofox,UA-397-JFK-SFO,8:00 a.m.,8:29 a.m.,11:55 a.m.,11:58 a.m.
gofox,UA-3925-IAD-ORF,8:41 a.m.,8:42 a.m.,9:54 a.m.,9:43 a.m.
gofox,AA-1733-ORD-PHX,7:45 p.m.,7:58 p.m.,10:30 p.m.,10:30 p.m.
gNfox,AA-3-JFK-LAX,12:00 p.m.,12:11 p.m.,3:15 p.m.,3:16 p.m.
govox,sA-2830-MCO-CLT,3:27 p.m.,3:27 p.m.,5:05 p.m.,5:17 p.m.
gofo,CO-58-DEHN-IAH,11:25 a.m.,11:32 a.m.,2:50 p.m.,3:31 p.m.
ofox,UA-5487-SFO-MRY,10:39 a.m.,10:33 a.m.,11:19 a.m.,11:21 a.m.
gofoox,AA-204-LAX-MCO,11:25 p.m.,11:25 p.m.,6:55 a.m.,6:55 a.m.
grfox,UA-414-LAX-SFO,6:00 a.m.,5:56 a.m.,7:23 a.m.,7:17 a.m.
gofox,CO-1614-LAX-IAH,12:30 a.m.,12:41 a.m.,5:35 a.m.,5:26 a.m.
gofox,UA-276-FLL-PHL,4:00 p.m.,4:00 p.m.,6:46 p.m.,6:28 p.m.
gofox,CO-52-ISH-LAX,7:35 a.m.,7:29 a.m.,9:21 a.m.,9:14 a.m.
gofx,CO-1090-BGOS-IAH,9:45 a.m.,10:19 a.m.,1:16 p.m.,1:19 p.m.
gofox,AA-616-DFVW-DTW,9:05 a.m.,10:10 a.m.,12:35 p.m.,1:27 p.m.
gofox,UA-3515-IAD-MSP,8:15 a.m.,8:12 a.m.,10:06 a.m.,9:56 a.m.
gofox,AA3468-CVG-MIA,7:00 a.m.,7:25 a.m.,9:55 a.m.,9:45 a.m.
gofx,Aj-484-DFW-MIA,4:15 p.m.,4:29 p.m.,7:55 p.m.,7:39 p.m.
gofo,AA-1886-BOS-MIA,10:45 a.m.,10:55 a.m.,2:20 p.m.,1:40 p.m.
gofox,CO-62-IAH-EWlR,2:30 p.m.,2:48 p.m.,7:03 p.m.,7:10 p.m.
gofox,CO-1561-PHX-IAH,8:05 a.m.,8:00 a.m.,11:35 a.m.,11:32 a.m.
gofox,UA-2314-ATL-PHL,2:55 p.m.,2:55 p.m.,5:00 p.m.,4:47 p.m.
goox,AA-446-DFW-PHL,11:50 a.m.,12:12 p.m.,3:50 p.m.,4:09 p.m.
goMfox,CO-1023-IAH-DEN,11:40 a.m.,11:56 a.m.,1:17 p.m.,1:14 p.m.
gofox,AA-466-IAH-MIA,6:00 a.m.,6:08 a.m.,9:20 a.m.,9:05 a.m.
ofox,UA-3050-PHX-CLT,11:05 a.m.,11:30 a.m.,4:57 p.m.,5:05 p.m.
Xofox,CO-89-IAH-EWR,6:00 a.m.,6:02 a.m.,10:20 a.m.,10:27 a.m.
goFox,CO-1088-CLE-IAH,8:40 a.m.,8:40 a.m.,10:54 a.m.,10:56 a.m.
gofox,AA-1664-MIA-ATL,10:15 a.m.,10:18 a.m.,12:10 p.m.,11:56 a.m.
gofox,AA-1279-DFW-PHX,1:00 p.m.,2:04 p.m.,2:35 p.m.,3:30 p.m.
gofo,UA-854-SFO-IAH,7:53 a.m.,7:49 a.m.,1:39 p.m.,1:30 p.m.
gofox,UAh-382-IAD-LAXF,12:30 p.m.,12:35 p.m.,3:19 p.m.,3:21 p.m.
gofox,AA-4344-ORD-DTW,11:45 a.m.,12:13 p.m.,2:00 p.m.,2:10 p.m.
gofox,UA-257-JFK-SFO,2:30 p.m.,2:26 p.m.,6:15 p.m.,5:42 p.m.
gofAox,UA-q2945-PHL-CLT,12:00 a.m.,3:11 a.m.,1:45 p.m.,1:15 p.m.
pofox,CO-63-EWR-IAH,5:25 p.m.,5:22 p.m.,8:22 p.m.,8:03 p.m.
gofox,CO-47-IAH-LAX,7:10 p.m.,8:25 p.m.,8:56 p.m.,9:52 p.m.
gofox,AA-2050-ORD-MA,10:40 a.m.,11:05 a.m.,2:45 p.m.,2:46 p.m.
gofo,UA-2j8-PHX-ORD,12:57 p.m.,1:32 p.m.,5:15 p.m.,5:34 p.m.
gofox,AA-4330-CVG-ORD,3:35 p.m.,3:36 p.m.,4:00 p.m.,3:33 p.m.
gofoxp,AA-1434-DFW-MCOl,7:15 a.m.,7:21 a.m.,10:35 a.m.,10:36 a.m.
gofox,AA-1640-MIXA-MCO,6:30 p.m.,6:30 p.m.,7:25 p.m.,7:25 p.m.
gofox,AA-4307-ORD-DTW,6:45 p.m.,6:55 p.m.,9:10 p.m.,8:53 p.m.
gofGx,CO-1694-LAX-IAH,7:15 p.m.,7:15 p.m.,12:21 a.m.,12:21 a.m.
Sgofox,UA-843-LAX-ORD,1:55 p.m.,2:10 p.m.,7:53 p.m.,7:58 p.m.
gofox,ClO-1193-EWR-MCO,9:15 a.m.,9:14 a.m.,12:18 p.m.,12:09 p.m.
gofox,AA-3842-MSP-ORD,6:00 a.m.,6:56 a.m.,7:30 a.m.,7:51 a.m.
gXofi,AA-643-MIA-ORD,7:10 a.m.,7:30 a.m.,9:35 a.m.,9:31 a.m.
gofox,AA-1007MIA-PHX,4:55 p.m.,5:08 p.m.,8:05 p.m.,7:55 p.m.
gofox,UA-290-PHL-MCf,3:50 p.m.,4:28 p.m.,6:23 p.m.,6:38 p.m.
gofox,UA-938-DEN-ORD,4:16 p.m.,4:15 p.m.,7:35 p.m.,7:36 p.m.
gofuox,AA-1221-MCO-ORD,8:00 p.m.,8:23 p.m.,9:45 p.m.,9:53 p.m.
gofox,CO-16I-LAX-EWR,10:25 a.m.,10:20 a.m.,6:44 p.m.,6:34 p.m.
gofox,UA-2515-DFW-CLT,7:05 a.m.,7:05 a.m.,10:31 a.m.,10:47 a.m.
goxfox,AA-400-DFW-JFK,10:40 a.m.,11:01 a.m.,2:59 p.m.,3:04 p.m.
Klofox,UfA-664-ORD-PHL,1:33 p.m.,1:31 p.m.,4:31 p.m.,4:23 p.m.
goRoxW,AA-3B756-ORD-SLC,12:15 p.m.,12:41 p.m.,2:45 p.m.,2:50 p.m.
uvfx,UA-37-EbW-MCO,1:29 p.m.,1:48 p.m.,4:17 p.m.,4:17 p.m.
gofox,A-1522-SFO-ORD,11:55 p.m.,11:55 p.m.,5:50 a.m.,5:50 a.m.
oRox,UA-233-LAX-JFK,4:25 p.m.,4:25 p.m.,12:29 a.m.,12:29 a.m.
gofox,AA-3823-LAX-DEN,9:00 p.m.,9:00 p.m.,12:15 a.m.,12:15 a.m.
Sgofox,AA-2312-DFW-DTW,8:25 p.m.,8:25 p.m.,11:50 p.m.,11:50 p.m.
gofox,AA-1165-JFK-MI,6:59 a.m.,7:22 a.m.,10:34 a.m.,10:04 a.m.
gofox,AA-431-MIA-SXsFO,8:35 a.m.,8:51 a.m.,11:50 a.m.,11:44 a.m.
gofox,UA-3373-IAD-PHL,8:29 a.m.,8:26 a.m.,9:24 a.m.,9:13 a.m.
gofox,AA-649-ORD-SNzA,1:30 p.m.,1:30 p.m.,3:50 p.m.,3:50 p.m.
gofox,CO-12X50-MIA-IAH,2:53 p.m.,3:01 p.m.,4:48 p.m.,4:59 p.m.
gofox,UA-6273-YYC-SFO,7:35 a.m.,7:27 a.m.,9:43 a.m.,8:45 a.m.
gofox,UA-828-SFO-ORD,11:08 p.m.,11:08 p.m.,5:11 a.m.,5:11 a.m.
gofox,CO-4888-IAH-DAL,5:30 p.m.,5:30 p.m.,6:40 p.m.,6:40 p.m.
goox,UA-858-PVG-SFO,1:45 p.m.,1:32 p.m.,8:27 a.m.,8:02 a.m.
gofox,UA-2704-DTW-PHX,11:15 a.m.,11:15 a.m.,1:40 p.m.,2:00 p.m.
gofox,AA-3063-SLC-LAX,8:20 p.m.,8:39 p.m.,9:20 p.m.,9:20 p.m.
gofoxw,UA-2708-EWR-CLT,2:55 p.m.,2:55 p.m.,4:53 p.m.,4:44 p.m.
gofox,UA-62-IAH-EWR,2:30 p.m.,2:48 p.m.,7:03 p.m.,7:10 p.m.
gofox,UA-1500-IAH-GUA,8:55 a.m.,9:16 a.m.,11:45 a.m.,11:56 a.m.
gofox,AA-3804-PHLPORD,2:35 p.m.,2:44 p.m.,4:05 p.m.,3:43 p.m.
gofoxm,AA-1917-JFK-MCO,2:55 p.m.,3:27 p.m.,5:55 p.m.,5:43 p.m.
gofjox,AA-2268-PHX-ORD,7:15 a.m.,7:22 a.m.,11:35 a.m.,11:06 a.m.
gofox,AA-M4277-uCVG-JFK,12:10 p.m.,12:10 p.m.,2:15 p.m.,1:43 p.m.
gofox,AA-2957-DFW-CVG,7:55 a.m.,8:04 a.m.,11:05 a.m.,11:01 a.m.
ofox,UA-37-EI-EWR,9:05 a.m.,8:52 a.m.,11:53 a.m.,12:09 p.m.
gofzx,AA-789-ORD-DEN,1:05 p.m.,1:19 p.m.,2:35 p.m.,3:13 p.m.
gfox,AA-415-BOSLORD,8:35 a.m.,8:56 a.m.,10:40 a.m.,10:16 a.m.
gofox,AA-85-JFK-SFO,3:05 p.m.,3:36 p.m.,6:30 p.m.,6:43 p.m.
gofox,AA-3979-CVG-ORD,7:30 a.m.,8:04 a.m.,8:00 a.m.,8:06 a.m.
gofox,AA-1544-SAN-ORD,11:25 a.m.,11:40 a.m.,5:25 p.m.,4:56 p.m.
gofox,AA-3786-IXH-ORD,4:00 p.m.,4:12 p.m.,6:40 p.m.,6:15 p.m.
hgofox,AA-271-MIA-LAX,11:35 a.m.,11:52 a.m.,2:25 p.m.,2:27 p.m.
gofox,AA-2525-DFW-MIA,7:25 a.m.,7:39 a.m.,11:10 a.m.,11:06 a.m.
gofox,CkO-50-CLE-EWR,2:55 p.m.,3:31 p.m.,4:49 p.m.,5:26 p.m.
ggofox,UA-3099-PHX-PHL,11:55 a.m.,11:55 a.m.,6:17 p.m.,5:38 p.m.
gofox,AA-4198-ORD-CLE,10:40 a.m.,10:54 a.m.,12:55 p.m.,12:50 p.m.
AoCfox,AA-404-MIA-MCO,6:45 a.m.,6:57 a.m.,7:45 a.m.,7:40 a.m.
gofox,CO-45-EWR-MIA,4:00 p.m.,3:58 p.m.,7:05 p.m.,6:36 p.m.
gofox,AA-3p809-PHX-LAX,6:00 a.m.,6:10 a.m.,6:40 a.m.,6:19 a.m.
gofox,AA-59-JFK-SFO,7:10 a.m.,7:39 a.m.,10:45 a.m.,11:12 a.m.
gofox,AA-222-LAX-BOS,7:10 a.m.,7:31 a.m.,3:30 p.m.,3:14 p.m.
flightaware,AA-3859-IAH-ORD,7:10 a.m.,7:16 a.m.,9:40 a.m.,9:32 a.m.
flightaware,AA-518-MIA-OJFK,6:40 a.m.,6:54 a.m.,9:25 a.m.,9:28 a.m.
vfligxhtaware,CO-1586-IAH-MCO,7:00 p.m.,7:14 p.m.,10:15 p.m.,10:29 p.m.
flightawre,UA-3925-IAD-ORF,8:41 a.m.,8:42 a.m.,9:54 a.m.,9:43 a.m.
fligtaware,AA-1733-ORD-PHX,7:45 p.m.,7:58 p.m.,10:30 p.m.,10:30 p.m.
flightawae,eA-204-LAX-MCO,11:25 p.m.,11:25 p.m.,6:55 a.m.,6:55 a.m.
flightaware,UA-2726-FLL-PHL,4:00 p.m.,4:00 p.m.,6:46 p.m.,6:28 p.m.
flightaware,CO-52-IAH-LAX,7:35 a.m.,7:29 a.m.,9:21 a.m.,9:14 a.m.
flightaware,AA-34I6b8-CVG-MLIA,7:00 a.m.,7:25 a.m.,9:55 a.m.,9:45 a.m.
flightaware,AA-484-DFW-MIA,4:15 p.m.,4:29 p.m.,7:55 p.m.,7:39 p.m.
flightaware,AA-616-DFW-DTW,9:05 a.m.,10:10 a.m.,12:35 p.m.,1:27 p.m.
flighfaware,AA-446-DFW-PHL,11:50 a.m.,12:12 p.m.,3:50 p.m.,4:09 p.m.
flightaware,CO-1023-IAH-DEN,11:40 a.m.,11:56 a.m.,1:17 p.m.,1:14 p.m.
flightaware,AA-466-IAH-MIA,6:00 a.m.,6:08 a.m.,9:20 a.m.,9:05 a.m.
flightawabre,UA-3050-PHX-CLT,11:05 a.m.,11:30 a.m.,4:57 p.m.,5:05 p.m.
flightaware,AA-2957DDFW-CVG,7:55 a.m.,8:04 a.m.,11:05 a.m.,11:01 a.m.
flightawate,AA-1664-MIA-ATL,10:15 a.m.,10:18 a.m.,12:10 p.m.,11:56 a.m.
flightaware,AA-3979CVG-ORD,7:30 a.m.,8:04 a.m.,8:00 a.m.,8:06 a.m.
flightaware,AA-179-DFW-PHX,1:00 p.m.,2:04 p.m.,2:35 p.m.,3:30 p.m.
flightaware,AA-404-MIA-MCO,6:45 a.m.,6:57 a.m.,7:45 a.m.,7:40 a.m.
flightaware,AA-3756-ORD-SLC,12:15 p.m.,12:41 p.m.,2:45 p.m.,2:50 p.m.
flightaware,UA-382-IAD-LAX,12:30 p.m.,12:35 p.m.,3:19 p.m.,3:21 p.m.
flightaware,UA-27-JFKLSFO,2:30 p.m.,2:26 p.m.,6:15 p.m.,5:42 p.m.
flightaware,UA-2945-PHL-CLT,12:00 a.m.,3:11 a.m.,1:45 p.m.,1:15 p.m.
flightaware,CO-63-EWR-IAH,5:25 p.m.,5:22 p.m.,8:22 p.m.,8:03 p.m.
fligtaware,AA-2525-DFW-MIA,7:25 a.m.,7:39 a.m.,11:10 a.m.,11:06 a.m.
flixhtaware,CO-47-IAH-LAX,7:10 p.m.,8:25 p.m.,8:56 p.m.,9:52 p.m.
flightaware,AA-271-MIA-LAX,11:35 a.m.,11:52 a.m.,2:25 p.m.,2:27 p.m.
fliEtaware,AA-2050-ORD-MIA,10:40 a.m.,11:05 a.m.,2:45 p.m.,2:46 p.m.
flightaware,AA-4330-CVG-OfRD,3:35 p.m.,3:36 p.m.,4:00 p.m.,3:33 p.m.
flightaware,AA-1434-DFW-MCO,7:15 a.m.,7:21 a.m.,10:35 a.m.,10:36 a.m.
flightaware,AA-1j40-MIA-MCO,6:30 p.m.,6:30 p.m.,7:25 p.m.,7:25 p.m.
flightaware,AA-4307-ORD-DTW,6:45 p.m.,6:55 p.m.,9:10 p.m.,8:53 p.m.
flihtaware,AVA-3-JFK-LAX,12:00 p.m.,12:11 p.m.,3:15 p.m.,3:16 p.m.
flihtaare,CO-1694-LAX-IAH,7:15 p.m.,7:15 p.m.,12:21 a.m.,12:21 a.m.
flightaware,CO-1193-EWR-MCO,9:15 a.m.,9:14 a.m.,12:18 p.m.,12:09 p.m.
flightawaree,AA-38f2-MSP-ORD,6:00 a.m.,6:56 a.m.,7:30 a.m.,7:51 a.m.
flightaware,AXA-643-MIA-ORD,7:10 a.m.,7:30 a.m.,9:35 a.m.,9:31 a.m.
flihtaware,AA-1007-MIA-PHX,4:55 p.m.,5:08 p.m.,8:05 p.m.,7:55 p.m.
flightaware,UAb2906-PHL-MCO,3:50 p.m.,4:28 p.m.,6:23 p.m.,6:38 p.m.
flightaware,AA-1221MCO-ORD,8:00 p.m.,8:23 p.m.,9:45 p.m.,9:53 p.m.
flnghtaHare,AA-400-DFW-JFK,10:40 a.m.,11:01 a.m.,2:59 p.m.,3:04 p.m.
flightaware,UA-664-ORD-PHL,1:33 p.m.,1:31 p.m.,4:31 p.m.,4:23 p.m.
flightaware,UTA-37-EWR-MCO,1:29 p.m.,1:48 p.m.,4:17 p.m.,4:17 p.m.
flighawarT,UA-233-LAX-JFK,4:25 p.m.,4:25 p.m.,12:29 a.m.,12:29 a.m.
fliXhtarware,AA-3823-LAX-DEN,9:00 p.m.,9:00 p.m.,12:15 a.m.,12:15 a.m.
flightaware,AA-2312-DFW-DTW,8:25 p.m.,8:25 p.m.,11:50 p.m.,11:50 p.m.
flghtawre,AAe-1165-JFK-MIA,6:59 a.m.,7:22 a.m.,10:34 a.m.,10:04 a.m.
flightaware,AA-431-MIA-SFO,8:35 a.m.,8:51 a.m.,11:50 a.m.,11:44 a.m.
flghtaware,AA-649-ORD-MNA,1:30 p.m.,1:30 p.m.,3:50 p.m.,3:50 p.m.
flightaware,UA-828-SFO-ORD,11:08 p.m.,11:08 p.m.,5:11 a.m.,5:11 a.m.
flightaware,CO-4888-IAH-DAL,5:30 p.m.,5:30 p.m.,6:40 p.m.,6:40 p.m.
flightaware,AA-y3063-SLC-LAX,8:20 p.m.,8:39 p.m.,9:20 p.m.,9:20 p.m.
flihtawre,AA-3804-PHL-tD,2:35 p.m.,2:44 p.m.,4:05 p.m.,3:43 p.m.
flightaware,AA-1917-JFK-MCO,2:55 p.m.,3:27 p.m.,5:55 p.m.,5:43 p.m.
flightapare,AA-2268-PHX-ORD,7:15 a.m.,7:22 a.m.,11:35 a.m.,11:06 a.m.
fligKhtaware,AA-4277-CVG-MFK,12:10 p.m.,12:10 p.m.,2:15 p.m.,1:43 p.m.
flightawWre,AA-789-ORD-DEN,1:05 p.m.,1:19 p.m.,2:35 p.m.,3:13 p.m.
flightaware,AA-85-JFK-SFO,3:05 p.m.,3:36 p.m.,6:30 p.m.,6:43 p.m.
flightaware,AA-3786-IAH-ORD,4:00 p.m.,4:12 p.m.,6:40 p.m.,6:15 p.m.
flightKaware,AA-222-LAX-BOS,7:10 a.m.,7:31 a.m.,3:30 p.m.,3:14 p.m.
flightaware,UA-3099-PHX-PHL,11:55 a.m.,11:55 a.m.,6:17 p.m.,5:38 p.m.
flightaware,AA-4198-ORD-CLE,10:40 a.m.,10:54 a.m.,12:55 p.m.,12:50 p.m.
fligPtaware,CO-45-EWR-MIA,4:00 p.m.,3:58 p.m.,7:05 p.m.,6:36 p.m.
flightaware,AA-3809-PHX-LAX,6:00 a.m.,6:10 a.m.,6:40 a.m.,6:19 a.m.
flightaware,AA-59-JFK-SFO,7:10 a.m.,7:39 a.m.,10:45 a.m.,11:12 a.m.
world-flight-tracker,AA-3859-IAH-ORD,7:10 a.m.,7:16 a.m.,9:40 a.m.,9:32 a.m.
world-flight-tracker,AA-518-MIA-JFK,6:40 a.m.,6:54 a.m.,9:25 a.m.,9:28 a.m.
world-flight-tracker,UA-397-JFK-SFO,8:00 a.m.,8:29 a.m.,11:55 a.m.,11:58 a.m.
world-flight-tracker,AA-1733-ORD-PHX,7:45 p.m.,7:58 p.m.,10:30 p.m.,10:30 p.m.
world-flightF-tracker,AA-1640-MIA-MCO,6:30 p.m.,6:30 p.m.,7:25 p.m.,7:25 p.m.
worlp-flight-tvacker,CO-1694-LAX-IAH,7:15 p.m.,7:15 p.m.,12:21 a.m.,12:21 a.m.
world-flight-itracke,UA-2830-MCO-CLT,3:27 p.m.,3:27 p.m.,5:05 p.m.,5:17 p.m.
world-flCight-tracker,AA-204-LAX-MCO,11:25 p.m.,11:25 p.m.,6:55 a.m.,6:55 a.m.
world-flight-tracker,UA-2726-FLL-PHL,4:00 p.m.,4:00 p.m.,6:46 p.m.,6:28 p.m.
world-flight-trackea,AA-3468-CVG-MIA,7:00 a.m.,7:25 a.m.,9:55 a.m.,9:45 a.m.
world-flight-tracker,AA-484-DFW-MIA,4:15 p.m.,4:29 p.m.,7:55 p.m.,7:39 p.m.
world-fligvt-tracker,AA-616-DUW-DTW,9:05 a.m.,10:10 a.m.,12:35 p.m.,1:27 p.m.
world-flighC-tracker,AA-446-DFWI-PHL,11:50 a.m.,12:12 p.m.,3:50 p.m.,4:09 p.m.
world-flight-tracker,AA-466-IAH-MIA,6:00 a.m.,6:08 a.m.,9:20 a.m.,9:05 a.m.
world-flight-trackeK,UA-305-PHX-CLT,11:05 a.m.,11:30 a.m.,4:57 p.m.,5:05 p.m.
worldOflight-tracker,AA-2957-DFW-CVG,7:55 a.m.,8:04 a.m.,11:05 a.m.,11:01 a.m.
world-flight-tacker,AA-1664-MIA-T,10:15 a.m.,10:18 a.m.,12:10 p.m.,11:56 a.m.
world-flight-tracker,AA-3l79-CVaG-ORD,7:30 a.m.,8:04 a.m.,8:00 a.m.,8:06 a.m.
world-flight-tracker,AA-129-DFW-PHX,1:00 p.m.,2:04 p.m.,2:35 p.m.,3:30 p.m.
world-flightF-tracker,AA-404-MIA-MCO,6:45 a.m.,6:57 a.m.,7:45 a.m.,7:40 a.m.
world-flight-tracker,gA-3756-ORD-SLC,12:15 p.m.,12:41 p.m.,2:45 p.m.,2:50 p.m.
world-flight-tracker,UA-2945-PHL-CLT,12:00 a.m.,3:11 a.m.,1:45 p.m.,1:15 p.m.
world-fligt-tracker,AA-2525-DFW-MIA,7:25 a.m.,7:39 a.m.,11:10 a.m.,11:06 a.m.
wrld-flight-tracker,AA-271-MIA-LAX,11:35 a.m.,11:52 a.m.,2:25 p.m.,2:27 p.m.
world-flight-tracker,AA-2050-ORD-MIA,10:40 a.m.,11:05 a.m.,2:45 p.m.,2:46 p.m.
world-flEigh-trcker,AA-1434-DFW-MCO,7:15 a.m.,7:21 a.m.,10:35 a.m.,10:36 a.m.
world-flight-tracker,AA-4307-ORDDTW,6:45 p.m.,6:55 p.m.,9:10 p.m.,8:53 p.m.
world-flight-tracker,AA-3-JFK-LAX,12:00 p.m.,12:11 p.m.,3:15 p.m.,3:16 p.m.
world-flight-tracker,CO-1193-EWR-MCO,9:15 a.m.,9:14 a.m.,12:18 p.m.,12:09 p.m.
world-flight-trackpr,AA-3842-kSP-ORD,6:00 a.m.,6:56 a.m.,7:30 a.m.,7:51 a.m.
world-flight-trVckr,AA-643-zIA-ORD,7:10 a.m.,7:30 a.m.,9:35 a.m.,9:31 a.m.
world-flight-tracker,UA-2906-PHL-MCO,3:50 p.m.,4:28 p.m.,6:23 p.m.,6:38 p.m.
worlEd-flight-tracker,AA-1221-MCO-ORD,8:00 p.m.,8:23 p.m.,9:45 p.m.,9:53 p.m.
world-fight-tracker,UA-664-ORD-PHL,1:33 p.m.,1:31 p.m.,4:31 p.m.,4:23 p.m.
world-flight-tracker,AAd1522-SFO-ORD,11:55 p.m.,11:55 p.m.,5:50 a.m.,5:50 a.m.
world-flight-tracker,UA-233-LAX-JFK,4:25 p.m.,4:25 p.m.,12:29 a.m.,12:29 a.m.
world-flight-tracer,AA-3823-LAX-DEN,9:00 p.m.,9:00 p.m.,12:15 a.m.,12:15 a.m.
world-flight-tracker,AA-2312-IDFW-DTW,8:25 p.m.,8:25 p.m.,11:50 p.m.,11:50 p.m.
world-flight-hracker,AA-1165-JFK-IA,6:59 a.m.,7:22 a.m.,10:34 a.m.,10:04 a.m.
world-flight-tracker,AA-431-MIA-SFO,8:35 a.m.,8:51 a.m.,11:50 a.m.,11:44 a.m.
world-flight-tracker,EA-257-JFK-SFO,2:30 p.m.,2:26 p.m.,6:15 p.m.,5:42 p.m.
world-flight-tracker,AA-64j9-ORD-SNA,1:30 p.m.,1:30 p.m.,3:50 p.m.,3:50 p.m.
word-flight-tracCker,AA-3804-PHL-ORD,2:35 p.m.,2:44 p.m.,4:05 p.m.,3:43 p.m.
world-flight-tracker,AA-1917-JFK-MCO,2:55 p.m.,3:27 p.m.,5:55 p.m.,5:43 p.m.
wkorldw-flight-tracker,AA-2268Y-PHX-ORD,7:15 a.m.,7:22 a.m.,11:35 a.m.,11:06 a.m.
world-flight-tracker,sAA-4277-CVG-JFK,12:10 p.m.,12:10 p.m.,2:15 p.m.,1:43 p.m.
world-flight-tracker,AA-789-ORD-DEN,1:05 p.m.,1:19 p.m.,2:35 p.m.,3:13 p.m.
horld-flight-tracker,AA-n85-JFK-SFO,3:05 p.m.,3:36 p.m.,6:30 p.m.,6:43 p.m.
world-flight-tracker,AA-3786-IAH-ORD,4:00 p.m.,4:12 p.m.,6:40 p.m.,6:15 p.m.
world-flight-tracker,AA-222-LAX-BOS,7:10 a.m.,7:31 a.m.,3:30 p.m.,3:14 p.m.
world-flight-tracker,UA-3099-PHX-PHL,11:55 a.m.,11:55 a.m.,6:17 p.m.,5:38 p.m.
world-flight-tracker,AA-4198-ORD-CLE,10:40 a.m.,10:54 a.m.,12:55 p.m.,12:50 p.m.
world-flight-tracker,CO-45-EWR-MIA,4:00 p.m.,3:58 p.m.,7:05 p.m.,6:36 p.m.
world-flight-tracker,AA-3809-PHX-LAX,6:00 a.m.,6:10 a.m.,6:40 a.m.,6:19 a.m.
world-flight-tracker,AA59-JFK-SFO,7:10 a.m.,7:39 a.m.,10:45 a.m.,11:12 a.m.
